순번,브랜드,지점명,주소,lat,lon,전화번호
1,현대,현대자동차 블루핸즈 율현현대서비스,서울 강남구 헌릉로757길 53,37.471510573460336,127.1187803911927,02-420-3030
2,현대,현대자동차 강남대로사옥,서울 강남구 강남대로 350,37.4939943600381,127.030056813919,정보 없음
3,현대,현대자동차 도산대로지점,서울 강남구 언주로 738,37.5213080486412,127.034370919258,02-543-0848
4,현대,현대자동차 강남청담지점,서울 강남구 삼성로 648,37.51796562026415,127.0510099868131,02-558-2811
5,현대,현대자동차 대치지점,서울 강남구 영동대로 302,37.50136697456745,127.06780976902283,02-564-0365
6,현대,현대자동차 강남대로지점,서울 강남구 도곡동 943,37.48940767466422,127.0321751069092,02-3461-1990
7,현대,현대자동차 언주대리점,서울 강남구 도곡로 251,37.4942506178638,127.045748028566,02-6203-8200
8,현대,현대자동차 율곡대리점,서울 강남구 밤고개로 252,37.471785087526065,127.10681818765488,02-445-0369
9,현대,현대자동차 수서역대리점,서울 강남구 광평로 280,37.48731907325286,127.1031078461935,02-3412-0558
10,현대,현대자동차 구정대리점,서울 강남구 강남대로 626,37.51770382329017,127.01950125571095,02-3444-5522
11,현대,현대자동차 신사대리점,서울 강남구 봉은사로 115,37.505230829121246,127.0261820736169,02-515-8111
12,현대,현대자동차 신대치대리점,서울 강남구 삼성로 324,37.50093864907992,127.06013276333138,02-556-8777
13,현대,현대자동차 남서울대리점,서울 강남구 선릉로 531,37.50684076942468,127.0470360016662,02-552-4458
14,현대,현대자동차 도곡중앙대리점,서울 강남구 언주로 122,37.486916044548686,127.05105557876854,02-3463-5200
15,현대,현대자동차 테헤란영업소,서울 강남구 영동대로 302,37.5014895294574,127.067778214138,02-568-7562
16,현대,현대자동차 성내지점,서울 강동구 천호대로 1096,37.535169979286906,127.13332620553966,02-2225-4900
17,현대,현대자동차 올림픽지점,서울 강동구 강동대로 183,37.52496496700979,127.12703740054376,02-470-1990
18,현대,현대자동차 천호대리점,서울 강동구 올림픽로 750,37.54799990115074,127.12706629823919,02-473-0017
19,현대,현대자동차 길동대리점,서울 강동구 천호대로 1220,37.53542283736706,127.14652591844664,02-485-3833
20,현대,현대자동차 고덕대리점,서울 강동구 상일로 141,37.55955778835053,127.1707313244972,02-442-1900
21,현대,현대자동차 동부트럭지점,서울 강동구 천호대로 1096,37.5351998182141,127.13323235024173,02-2225-4850
22,현대,현대자동차 동부택시지점,서울 강동구 천호대로 1096,37.5351998182141,127.13323235024173,02-2225-4950
23,현대,현대자동차 동심자동차종합검사소,서울 강동구 성내로 92,37.526489210211,127.12975509383,02-487-4191
24,현대,현대자동차 광장판매대리점,서울 광진구 아차산로 628,37.54853801817537,127.1078204741892,02-458-7000
25,현대,현대자동차블루핸즈 강일현대서비스,서울 강동구 상일로12길 85,37.5559799917214,127.172549790408,02-6225-3000
26,현대,현대자동차블루핸즈 동심자동차,서울 강동구 성내로 92,37.5264459572507,127.129759544092,02-487-4191
27,현대,현대자동차블루핸즈 길동동부점,서울 강동구 명일로 195,37.53631089692639,127.14533172037974,02-485-5656
28,현대,현대자동차블루핸즈 명일점,서울 강동구 상암로 197,37.5466437112884,127.144469130493,02-488-7784
29,현대,현대자동차블루핸즈 명일동부점,서울 강동구 상암로 295,37.54644254035794,127.1553116992879,02-442-7784
30,현대,현대자동차블루핸즈 천호동부점,서울 강동구 올림픽로 701,37.5441142917164,127.125005918919,02-484-1192
31,현대,현대자동차 드라이빙라운지 미아,서울 강북구 도봉로 137,37.6210102611451,127.027982880302,02-973-7365
32,현대,현대자동차 강북대리점,서울 강북구 도봉로 225,37.62862247345138,127.02497917082682,02-986-4900
33,현대,현대자동차 북부지점,서울 강북구 도봉로 135,37.620850769949094,127.02805191670173,02-981-9161
34,현대,현대자동차 강북중앙지점,서울 강북구 덕릉로 186,37.6354567040391,127.034672677944,02-985-1900
35,현대,현대자동차 북서울숲대리점,서울 강북구 월계로 203,37.62218305575587,127.04612535484479,02-981-5544
36,현대,현대자동차 우이대리점,서울 강북구 삼양로 477,37.64584557931528,127.0151122046221,02-999-0123
37,현대,현대자동차,서울 강북구 한천로 1080,37.6427070046911,127.023377212719,02-995-4492
38,현대,현대자동차 동북부지역본부,서울 강북구 도봉로 135,37.6208300496589,127.028041714401,02-983-4206
39,현대,현대자동차 창동지점,서울 도봉구 도봉로 508,37.65071797797947,127.03632514602289,02-907-1984
40,현대,현대자동차 북부하이테크센터,서울 도봉구 방학로 76,37.6630884780279,127.044196731376,02-3499-8300
41,현대,현대자동차 신방학대리점,서울 도봉구 방학로 165,37.662242293980825,127.03378638366038,02-3493-8855
42,현대,현대자동차 노원지점,서울 노원구 노해로 460,37.6537566997885,127.05928234163902,02-931-9090
43,현대,현대자동차 도봉중부지점,서울 도봉구 방학로 76,37.66327701997134,127.04355989002215,02-3492-5400
44,현대,현대자동차 북부트럭지점,서울 도봉구 방학로 76,37.66309298208306,127.04419900077801,02-3494-6015
45,현대,현대자동차 블루핸즈 정릉점,서울 성북구 솔샘로 35,37.610659314386204,127.00500029522983,02-941-0466
46,현대,현대자동차 블루핸즈 등촌현대서비스,서울 강서구 공항대로59길 65,37.5546465202415,126.863220175803,02-3662-1416
47,현대,현대자동차 강서지점,서울 강서구 공항대로 575,37.54880147344725,126.86934167160729,02-2659-5518
48,현대,현대자동차 마곡지점,서울 강서구 강서로 377,37.55937202092789,126.8381083926369,02-2661-9500
49,현대,현대자동차 가양대리점,서울 강서구 양천로 357,37.56807090976033,126.8426082058273,02-3663-0606
50,현대,현대자동차 방화대리점,서울 강서구 개화동로 551,37.563509358151656,126.80691912273987,02-2664-6700
51,현대,현대자동차 강서중부지점,서울 강서구 화곡로 371,37.5568523194671,126.85213966834584,02-2658-2300
52,현대,현대자동차 공항대리점,서울 강서구 방화대로 294,37.566990717746,126.817049756737,02-2664-8001
53,현대,현대자동차 화곡중앙대리점,서울 강서구 강서로 231,37.5462444503704,126.836118023996,02-2601-0077
54,현대,현대자동차 염창대리점,서울 강서구 양천로 678,37.55102472709898,126.87143137268244,02-3662-6611
55,현대,현대자동차 오목교대리점,서울 양천구 등촌로 88,37.53783455358229,126.8637939939838,02-2649-0077
56,현대,현대자동차 신월대리점,서울 양천구 남부순환로 322,37.53792085076154,126.8265346098674,02-2605-4466
57,현대,현대자동차 목동역대리점,서울 양천구 신정중앙로 77,37.526933839065705,126.86035655768818,02-2646-9090
58,현대,현대자동차 신정지점,서울 양천구 신월로 361,37.52222783717215,126.86106103594983,02-2654-8204
59,현대,현대자동차 서부택시지점,서울 양천구 신월로 361,37.5222838654346,126.861202336004,02-2694-6843
60,현대,현대자동차 목동지점,서울 양천구 오목로 340,37.52431670017171,126.87507802821892,02-2647-8884
61,현대,현대자동차 보라매공원대리점,서울 관악구 봉천로 222,37.489542946040046,126.92598864449397,02-877-1400
62,현대,현대자동차 동작대리점,서울 동작구 사당로 182,37.48575885801369,126.96881580427137,02-588-5552
63,현대,현대자동차 숭실대역대리점,서울 동작구 상도로 350,37.49711783201159,126.95250305507567,02-812-2600
64,현대,현대자동차 상도대리점,서울 동작구 상도로 131,37.502156561136296,126.93432584091597,02-817-3761
65,현대,현대자동차 총신대역대리점,서울 서초구 동작대로 172,37.492003937215756,126.98303271149852,02-3476-5544
66,현대,현대자동차 신대방대리점,서울 영등포구 신풍로22길 7,37.499799188918175,126.91793108886966,02-817-3500
67,현대,현대자동차 방배지점,서울 서초구 방배로 169,37.488709039801606,126.99262766662942,02-536-0411
68,현대,현대자동차 노량진대리점,서울 동작구 노량진로 233,37.512891452989706,126.95181553776746,02-825-5544
69,현대,현대자동차 남부하이테크센터,서울 동작구 노량진로 53,37.51401629718259,126.93398629779406,02-890-9114
70,현대,현대자동차 대방사옥,서울 동작구 노량진로 53,37.5138995727866,126.931534163429,정보 없음
71,현대,현대자동차 신풍역대리점,서울 영등포구 신길로 59,37.49791676207093,126.9078503615109,02-831-0003
72,현대,현대자동차 잠원중앙대리점,서울 서초구 사평대로 112,37.49923298970019,126.99683352299002,02-534-9119
73,현대,현대자동차 독산중앙지점,서울 금천구 시흥대로 435,37.47260009457687,126.89781563188711,02-838-1884
74,현대,현대자동차 서초남부지점,서울 서초구 반포대로 58,37.48579850677903,127.01094500281378,02-522-5011
75,현대,현대자동차 금천지점,서울 금천구 시흥대로 179,37.449972899849264,126.90196578674775,02-896-5581
76,현대,현대자동차 군자지점,서울 광진구 천호대로 522,37.558110578912384,127.07612536809681,02-457-4999
77,현대,현대자동차 능동대리점,서울 광진구 천호대로 589,37.5559531533072,127.08344101039779,02-3436-9111
78,현대,현대자동차 광진대리점,서울 광진구 자양번영로 77,37.53633865023521,127.07642908672732,02-456-8008
79,현대,현대자동차 성수지점,서울 광진구 아차산로 187,37.54216793797474,127.0646682292962,02-465-8888
80,현대,현대자동차 건국대리점,서울 광진구 광나루로 454,37.54518350796476,127.0795454292265,02-454-9040
81,현대,현대자동차 동부하이테크센터,서울 성동구 성수이로 134,37.546833001107586,127.05834546574185,02-3408-8000
82,현대,현대 드라이빙라운지 성수,서울 성동구 성수이로 132,37.546479811923476,127.05834066407496,02-3409-7365
83,현대,현대자동차 성동지점,서울 성동구 천호대로 430,37.56083377688978,127.06653940343831,02-2244-0005
84,현대,현대자동차 신천대리점,서울 송파구 올림픽로35가길 10,37.51715602989764,127.10188199121275,02-421-6800
85,현대,현대자동차 잠실지점,서울 송파구 올림픽로 92,37.51153292845943,127.08083305567257,02-420-7090
86,현대,현대자동차 몽촌토성역대리점,서울 송파구 올림픽로 366,37.51650395514851,127.11061693531894,02-2203-8801
87,현대,현대자동차 신잠실대리점,서울 송파구 백제고분로 139,37.50606518766516,127.08277698219253,02-2203-9700
88,현대,현대자동차 삼전대리점,서울 송파구 삼전로 84,37.505886184036555,127.08977305567782,02-413-0053
89,현대,현대자동차 구로지점,서울 구로구 경인로 590,37.50446967030144,126.88236397054521,02-2676-4611
90,현대,현대자동차 오류지점,서울 구로구 경인로 161,37.49444761853911,126.83937944930163,02-2618-3855
91,현대,현대자동차 고척대리점,서울 구로구 중앙로 37,37.501161094133685,126.8630531674271,02-6735-9300
92,현대,현대자동차 광명지점,경기 광명시 오리로 902,37.47717065954608,126.86286406341125,02-2688-3834
93,현대,현대자동차 가산G밸리대리점,서울 금천구 디지털로10길 37,37.4766454253398,126.889578635598,02-894-9777
94,현대,현대자동차 문래중앙대리점,서울 영등포구 문래로20길 60,37.51723743632443,126.88945211366139,02-2679-4633
95,현대,현대자동차 드라이빙라운지 영등포,서울 영등포구 당산로 42,37.518234377086316,126.89587569323008,02-2644-7365
96,현대,현대자동차 서부트럭지점,서울 금천구 시흥대로 414,37.4705824674629,126.898553172534,02-3281-6171
97,현대,현대자동차 경인로대리점,경기 부천시 소사구 경인로 519,37.485002094376185,126.81286966155447,032-349-8204
98,현대,현대자동차 광명남부대리점,경기 광명시 기아로 26,37.43622197105177,126.88258160580635,02-899-4600
99,현대,현대자동차블루핸즈 독산점,서울 금천구 범안로 1235,37.4666689775826,126.899137222314,02-869-8204
100,현대,현대자동차블루핸즈 영남중공업,서울 금천구 시흥대로153길 26,37.477416989552566,126.89689106263558,02-855-9966
101,현대,현대자동차블루핸즈 비케이프라임산업 검사소,서울 금천구 범안로17길 67,37.46939685932956,126.89356955845209,010-2010-4419
102,현대,현대자동차공업사,서울 금천구 독산로50길 26,37.4625729206578,126.905608222857,정보 없음
103,현대,현대기아자동차서비스,서울 금천구 가산로 29,37.4711493354161,126.899764260583,02-861-0122
104,현대,현대시흥남부자동차정비,서울 금천구 시흥대로73길 12,37.4571789654895,126.898485381433,정보 없음
105,현대,현대자동차그룹 휠셰어 서울사무소,서울 금천구 벚꽃로 254,37.4777605826769,126.885485496625,1670-7988
106,현대,현대자동차지부 서울서부지회,서울 금천구 시흥대로 179,37.4499124166294,126.901826858295,02-806-0187
107,현대,현대자동차블루핸즈 광명하안현대서비스,경기 광명시 구름산로 35,37.45811045306982,126.87741147013716,02-898-5959
108,현대,현대자동차 중계대리점,서울 노원구 덕릉로 692,37.65939737902258,127.0756778815484,02-6223-1200
109,현대,현대자동차 당고개대리점,서울 노원구 덕릉로 740,37.663657645810964,127.07641209945793,02-934-2111
110,현대,현대자동차 마들대리점,서울 노원구 동일로 1615,37.672562069288986,127.0553832897187,02-951-5511
111,현대,현대자동차 공릉지점,서울 노원구 화랑로 429,37.61779293869964,127.07515996903282,02-971-0252
112,현대,현대자동차 하계대리점,서울 노원구 노원로 314,37.645082690388804,127.07113552097404,02-948-0252
113,현대,현대자동차 신도봉대리점,서울 도봉구 도봉로 769,37.6731967191348,127.043813928807,02-954-1007
114,현대,현대자동차 장안지점,서울 동대문구 장한로 152,37.57413189709278,127.0721218846551,02-2242-0981
115,현대,현대자동차 신설동대리점,서울 동대문구 왕산로 35,37.5770970134922,127.027342673219,0502-5550-7793
116,현대,현대자동차 청량리지점,서울 동대문구 왕산로 176,37.579232260104185,127.04286105886163,02-964-7901
117,현대,현대자동차 휘경대리점,서울 동대문구 망우로 56,37.5891466717479,127.05971905621,0507-1367-6628
118,현대,현대자동차 답십리대리점,서울 동대문구 천호대로 281,37.5671612126879,127.05279231726547,02-2242-1581
119,현대,현대자동차 용두역대리점,서울 동대문구 고산자로 399,37.575348865405665,127.03791410571091,02-926-5353
120,현대,현대자동차 전농대리점,서울 동대문구 전농로 120,37.5756795323882,127.057892508385,02-6312-0600
121,현대,현대자동차 외대역대리점,서울 동대문구 이문로 82,37.59414659960624,127.05907649725735,02-967-9701
122,현대,현대자동차 마장대리점,서울 성동구 고산자로 300,37.566303198783295,127.03688628504456,02-2299-9001
123,현대,현대자동차 왕십리지점,서울 성동구 왕십리로 410,37.56529189864889,127.02449393720178,02-2298-6060
124,현대,현대자동차 한양대리점,서울 성동구 왕십리로 223,37.55702193578202,127.04253144218251,02-2299-5400
125,현대,현대자동차 삼선교대리점,서울 성북구 보문로 127,37.5862555100834,127.018617894344,02-953-2900
126,현대,현대자동차 신당지점,서울 중구 다산로 245,37.565061808766025,127.01593006531775,02-2253-2033
127,현대,현대자동차 여의도지점,서울 영등포구 국제금융로 20,37.524993785250956,126.9272840141618,02-780-4811
128,현대,현대자동차 용산지점,서울 용산구 한강대로 95,37.529479828383145,126.96772283781242,02-793-9711
129,현대,현대자동차 원효대교대리점,서울 용산구 원효로 143,37.5344749418871,126.958902424712,02-6733-6300
130,현대,현대자동차 원효로사옥,서울 용산구 원효로 74,37.5322630451057,126.95190490266117,02-3271-2114
131,현대,현대 드라이빙라운지 용산,서울 용산구 한강대로 95,37.52881729364106,126.96664835876766,02-712-7365
132,현대,현대자동차 중부택시지점,서울 용산구 원효로 74,37.53229908514054,126.95190487951847,02-701-8276
133,현대,현대자동차 서강대리점,서울 마포구 토정로 232,37.5439614078177,126.9362162328605,02-703-6339
134,현대,현대자동차 마포대로지점,서울 마포구 마포대로 15,37.53862963157934,126.94399177389971,02-718-2555
135,현대,현대자동차 상암DMC지점,서울 마포구 매봉산로 80,37.5785277630229,126.894274799739,02-322-7800
136,현대,현대자동차 홍대지점,서울 마포구 양화로 115,37.554085669360845,126.91956463727314,02-333-3774
137,현대,현대자동차 아현대리점,서울 마포구 마포대로 268,37.55711013620582,126.95976145073273,02-393-9977
138,현대,현대자동차 성산대리점,서울 마포구 월드컵북로 74,37.560607571019,126.916371577643,02-337-0770
139,현대,현대자동차 증산대리점,서울 은평구 증산로 261,37.58130059272334,126.90658499564542,02-375-4100
140,현대,현대자동차 연희IC대리점,서울 서대문구 연희로 60,37.5636565868062,126.928806151484,02-322-0009
141,현대,현대자동차 수색대리점,서울 은평구 수색로 342-1,37.58667422158584,126.8880633204724,정보 없음
142,현대,현대자동차 선유도대리점,서울 영등포구 양평로 144,37.53898921731721,126.89216498960755,02-3667-4333
143,현대,현대자동차 영등포중앙대리점,서울 영등포구 국회대로 547,37.52875966951007,126.8956325358844,02-2671-3400
144,현대,현대자동차 사직대리점,서울 종로구 사직로 101,37.57630259224117,126.97000069800289,02-739-8855
145,현대,현대자동차 은평중앙지점,서울 은평구 서오릉로 151,37.611808891093354,126.91595977721053,02-383-1361
146,현대,현대자동차 서울역지점,서울 용산구 한강대로 350,37.549691282045465,126.97212754568072,02-773-1670
147,현대,현대자동차 종로지점,서울 중구 청계천로 100,37.567348103749595,126.9880322773494,02-6020-2020
148,현대,현대자동차 효창대리점,서울 용산구 효창원로 158,37.54208773162699,126.96231999777412,02-790-5454
149,현대,현대자동차 연신내GTX대리점,서울 은평구 통일로 884,37.6218533029246,126.920136208292,02-357-3333
150,현대,현대자동차 본사 양재사옥,서울 서초구 헌릉로 12,37.46436259318182,127.04266314722466,080-600-6000
151,현대,현대자동차 블루핸즈 현대강남자동차써비스,서울 서초구 마방로 26,37.47480662689049,127.04148769354106,0503-7152-2624
152,현대,현대자동차 내곡대리점,서울 서초구 청계산로 217,37.4459964525569,127.05732232012805,02-577-8775
153,현대,현대자동차 삼풍대리점,서울 서초구 서초대로 347,37.495620252951674,127.01910650643138,02-594-8686
154,현대,현대자동차 반포지점,서울 서초구 서초중앙로 255,37.504278212662264,127.01033698117024,02-537-6074
155,현대,현대자동차 서울대리점,서울 서초구 매헌로 16,37.46246788866561,127.03694824933974,02-597-7682
156,현대,현대자동차 신강남대리점,서울 서초구 사임당로 115,37.49100472049831,127.02237549025982,02-6004-4700
157,현대,현대자동차 남부트럭지점,서울 서초구 양재대로2길 116-19,37.456875495209836,127.01598620686622,02-522-5015
158,현대,현대자동차 옥수지점,서울 성동구 독서당로 203,37.54351655996475,127.01342022108773,02-2298-3500
159,현대,현대자동차 동대문역대리점,서울 종로구 종로 249-1,37.57126790735489,127.00561458576422,02-747-9400
160,현대,현대자동차 장충대리점,서울 중구 동호로 222,37.5576986960344,127.008974917363,정보 없음
161,현대,현대자동차 성북지점,서울 성북구 동소문로 50,37.59051633265232,127.01127735337847,02-943-8888
162,현대,현대자동차 월곡대리점,서울 성북구 오패산로 11,37.6032365285658,127.03745715233094,02-909-1177
163,현대,현대자동차 화랑로지점,서울 성북구 화랑로 242,37.61011438588751,127.05634492919681,02-967-3030
164,현대,현대자동차 정릉대리점,서울 성북구 아리랑로 117,37.6022263069416,127.013300529456,02-6387-7771
165,현대,현대자동차 청계천지점,서울 중구 청계천로 100,37.56762294673722,126.98842614076104,정보 없음
166,현대,현대자동차 블루핸즈 석촌현대자동차서비스,서울 송파구 백제고분로39길 40,37.5077123077495,127.10326595514738,02-413-0117
167,현대,현대자동차 송파대로지점,서울 송파구 송파대로 417,37.50411513486002,127.10770679544295,02-414-6001
168,현대,현대자동차 석촌대리점,서울 송파구 오금로 196,37.508087399725156,127.11561266071774,02-416-8005
169,현대,현대자동차 오금역대리점,서울 송파구 중대로 200,37.49967329134886,127.12666658248483,02-448-3400
170,현대,현대자동차 신오금대리점,서울 송파구 마천로 177,37.503449197003995,127.13887588419321,02-3012-5533
171,현대,현대자동차 영등포지점,서울 영등포구 영중로 61,37.521881875753884,126.90469758069861,02-2631-5713
172,현대,현대자동차 남영역대리점,서울 용산구 원효로 237,37.53926105476055,126.96758171188415,02-794-3838
173,현대,현대자동차 원효로사옥별관,서울 용산구 원효로 74,37.5315311996928,126.951337423846,정보 없음
174,현대,현대자동차 중부지역본부,서울 용산구 원효로 74,37.53226214180092,126.95189924632591,정보 없음
175,현대,현대자동차블루핸즈 원효로점,서울 용산구 효창원로 28,37.5346329337192,126.952538106765,02-712-7100
176,현대,현대자동차블루핸즈 동빙고점,서울 용산구 서빙고로 303,37.5215112334282,126.997045251252,02-792-0300
177,현대,현대자동차블루핸즈 청파로점,서울 용산구 청파로 353,37.5511141594008,126.969304635762,02-713-1336
178,현대,현대자동차블루핸즈 대교시트상사,서울 용산구 원효로 107,37.5327113306115,126.955445865031,02-715-1342
179,현대,현대종합자동차,서울 용산구 녹사평대로26길 21,37.5308597464333,126.991279461874,02-794-1416
180,현대,현대자동차 블루핸즈 지축점,경기 고양시 덕양구 안진8길 1,37.647091962412,126.921867798004,02-359-7700
181,현대,현대자동차 삼송센트럴지점,경기 고양시 덕양구 고양대로 1942,37.645258490053635,126.89517967863449,02-383-9084
182,현대,현대자동차 스타필드고양점,경기 고양시 덕양구 고양대로 1955,37.6469802188112,126.895122869303,02-383-9084
183,현대,현대자동차블루핸즈 자하문로점,서울 종로구 자하문로 256,37.597120997187,126.963805102716,02-3217-8204
184,현대,현대자동차블루핸즈 종로와룡점,서울 종로구 돈화문로 83,37.5758158697355,126.990364060405,02-765-1557
185,현대,현대자동차 신중랑대리점,서울 중랑구 망우로 332,37.5970567392916,127.08928119049685,02-433-8001
186,현대,현대자동차 용마로대리점,서울 중랑구 용마산로 418,37.588794213936104,127.09669200753694,02-495-8900
187,현대,현대자동차 중랑지점,서울 중랑구 망우로 244,37.59465518115769,127.07979961368522,02-493-9711
188,현대,현대자동차 신내지점,서울 중랑구 용마산로 623,37.607162953079296,127.10071469548264,02-439-9787
189,현대,현대자동차 구리지점,경기 구리시 아차산로 385,37.589471895012444,127.13028668228566,031-563-4566
190,현대,현대자동차 인창대리점,경기 구리시 동구릉로 145,37.61164242324005,127.13755236683232,031-555-0011
191,현대,현대자동차 별내지점,경기 남양주시 불암로 35,37.6442881748276,127.11164689536159,031-571-7300
192,현대,현대자동차 수원지점,경기 수원시 영통구 중부대로447번길 9,37.269580838747274,127.06394844645557,031-206-0511
193,현대,현대자동차 광교지점,경기 수원시 영통구 광교로 146,37.292943184625386,127.04833705540447,031-215-7600
194,현대,현대자동차 세류대리점,경기 수원시 권선구 권선로 550,37.26270457585622,127.01155521888542,031-221-2900
195,현대,현대자동차 북수원지점,경기 수원시 장안구 천천로 106,37.30101168980547,126.98355845683527,031-252-7575
196,현대,현대자동차 송죽대리점,경기 수원시 장안구 경수대로 996,37.305740534142885,127.00285491881723,031-258-0009
197,현대,현대 드라이빙라운지 수원,경기 수원시 팔달구 경수대로 500,37.2703335055385,127.02861473552741,031-264-7365
198,현대,현대자동차 수원영통지점,경기 수원시 영통구 영통로214번길 64,37.24639862414499,127.06087442415271,031-206-9800
199,현대,현대자동차 수원시청지점,경기 수원시 팔달구 경수대로 500,37.270338895415186,127.02868238469935,031-238-8600
200,현대,현대자동차 수원고색대리점,경기 수원시 권선구 매송고색로 780,37.25299503554177,126.98952160697688,031-293-5100
201,현대,현대자동차 매탄대리점,경기 수원시 영통구 권선로 820,37.25446039754072,127.03925189992508,031-223-3008
202,현대,현대자동차 수원서부지점,경기 수원시 권선구 수인로 271,37.281668911020695,126.97273411899982,031-245-9990
203,현대,현대자동차 경기택시지점,경기 수원시 영통구 중부대로447번길 9,37.269580838747274,127.06394844645557,031-273-1333
204,현대,현대자동차 수원하이테크센터,경기 용인시 기흥구 중부대로 30,37.26702618901579,127.07213122925546,031-206-5151
205,현대,현대자동차 경기남부지역본부,경기 용인시 기흥구 흥덕1로 13,37.2709213186797,127.066079353462,031-206-5274
206,현대,현대자동차 경기트럭지점,경기 용인시 기흥구 흥덕2로87번길 18,37.27562704638019,127.07143472797401,031-206-0501
207,현대,현대자동차 블루핸즈 산성점,경기 성남시 수정구 희망로 528,37.450643728030954,127.15208234979453,031-744-8204
208,현대,현대자동차 판교지점,경기 성남시 분당구 대왕판교로606번길 41,37.396428335582485,127.11200774475711,031-8017-0711
209,현대,현대자동차 신대원대리점,경기 성남시 중원구 둔촌대로 519,37.4316130305851,127.17452816091,031-609-5001
210,현대,현대자동차 분당지점,경기 성남시 분당구 대왕판교로 304,37.37080933782199,127.10227983671128,031-702-8000
211,현대,현대 드라이빙라운지 분당,경기 성남시 분당구 황새울로240번길 3,37.37999988681828,127.1149302353777,031-705-7365
212,현대,현대자동차 성남지점,경기 성남시 중원구 둔촌대로 232,37.4278638101048,127.143816895153,031-741-2220
213,현대,현대자동차 분당수내지점,경기 성남시 분당구 수내로46번길 4,37.3807654023374,127.117128637412,031-711-3114
214,현대,현대자동차 위례지점,경기 성남시 수정구 위례광장로 328,37.47118834679239,127.14289035837142,031-759-6790
215,현대,현대자동차 서현대리점,경기 성남시 분당구 안골로 1,37.38429239705419,127.13214850352783,031-709-2500
216,현대,현대자동차 분당금곡대리점,경기 성남시 분당구 대왕판교로 111,37.35339160766181,127.10120990231519,031-605-8577
217,현대,현대자동차 백현로대리점,경기 성남시 분당구 백현로 146,37.37310562109801,127.11454489232068,031-717-5566
218,현대,현대자동차 분당오리대리점,경기 성남시 분당구 성남대로 30,37.338293972659486,127.1092988021367,031-715-2220
219,현대,현대자동차 성남중부지점,경기 성남시 수정구 성남대로 1228,37.43955631617613,127.12812795463692,031-756-7000
220,현대,현대자동차 제일로판매대리점,경기 성남시 중원구 둔촌대로 140,37.4286000645333,127.134527790208,031-756-3500
221,현대,현대자동차 고등대리점,경기 성남시 수정구 대왕판교로 939,37.424193509418,127.101752507841,031-603-1001
222,현대,현대자동차 정발산대리점,경기 고양시 일산동구 일산로 428,37.67300721053684,126.77920923555202,031-922-1300
223,현대,현대자동차 덕양대리점,경기 고양시 덕양구 백양로 65,37.631496936924876,126.83337520879722,031-967-8300
224,현대,현대자동차 고양하이테크센터,경기 고양시 일산서구 킨텍스로 217-6,37.666232637725294,126.74770234100004,031-8036-2114
225,현대,현대자동차 일산지점,경기 고양시 일산동구 백마로 494,37.66220268751565,126.80313680001049,031-904-4141
226,현대,현대자동차 킨텍스지점,경기 고양시 일산서구 한류월드로 300,37.664974436867055,126.75432560750465,031-913-8204
227,현대,현대자동차 블루핸즈 일산중산현대서비스,경기 고양시 일산동구 성석로 40,37.6834897384518,126.791394640351,031-977-5656
228,현대,현대자동차 신행신대리점,경기 고양시 덕양구 행신로 131-11,37.61934278969117,126.83032139269962,031-972-7763
229,현대,현대자동차 탄현대리점,경기 고양시 일산서구 경의로 866,37.6948877488552,126.760009562222,031-914-2299
230,현대,현대자동차 통일로대리점,경기 고양시 덕양구 통일로 796,37.688841432959464,126.8625580022957,031-962-7244
231,현대,현대자동차 백석대리점,경기 고양시 일산동구 중앙로 1123,37.6468892410188,126.78240831028823,031-902-2626
232,현대,현대자동차블루핸즈 삼송현대서비스,경기 고양시 덕양구 큰골길 10,37.66477866127134,126.8956259922426,02-381-9955
233,현대,현대자동차블루핸즈 삼원로점,경기 고양시 덕양구 삼원로 34,37.6427229640212,126.8755451195,02-371-0808
234,현대,현대자동차 신갈출고센터,경기 용인시 기흥구 중부대로 690,37.2655208291891,127.136300256844,031-281-3761
235,현대,현대자동차 인증중고차센터 용인,경기 용인시 기흥구 중부대로 242,37.2694622791846,127.093239208339,정보 없음
236,현대,현대자동차 블루핸즈 처인북부현대서비스,경기 용인시 처인구 포곡읍 성산로 518,37.2790710329664,127.199561692515,031-333-2210
237,현대,현대자동차 수지지점,경기 용인시 수지구 포은대로 458,37.32263551488621,127.10052554935581,031-262-7001
238,현대,현대자동차 수지죽전대리점,경기 용인시 수지구 용구대로 2776,37.33325991626154,127.10929602194055,031-264-9922
239,현대,현대자동차 용인지점,경기 용인시 처인구 삼가로 6,37.2439432852154,127.166786623831,031-335-1212
240,현대,현대자동차 신용대리점,경기 용인시 처인구 백옥대로 1374,37.25731940687493,127.2127957754082,031-322-4433
241,현대,현대자동차 보정서부대리점,경기 용인시 기흥구 용구대로2469번길 39,37.31021542497311,127.10495351588808,031-890-9500
242,현대,현대자동차 구성대리점,경기 용인시 기흥구 구성로 22,37.29482022280501,127.11194940123504,031-284-0001
243,현대,현대자동차 용운대리점,경기 용인시 처인구 금령로12번길 6-1,37.233975135011164,127.19774451740196,031-338-5800
244,현대,현대자동차 남사대리점,경기 용인시 처인구 남사읍 경기동로 387,37.1399622850352,127.166491668372,031-328-8337
245,현대,현대자동차 수지상현대리점,경기 용인시 수지구 수지로 98,37.311138705993436,127.07722142391022,031-893-5900
246,현대,현대자동차 블루핸즈 오토맥스,경기 부천시 원미구 부천로 190,37.50085107318868,126.78697079065233,032-665-8030
247,현대,현대자동차 상동지점,경기 부천시 원미구 길주로 63,37.506336205619135,126.74966874772299,032-322-3800
248,현대,현대자동차 대장신도시대리점,경기 부천시 오정구 오정로 194,37.52635061563965,126.7821808133763,032-233-8989
249,현대,현대자동차 부천센트럴지점,경기 부천시 소사구 경인로 82,37.4835753545857,126.764283683131,032-345-6686
250,현대,현대자동차 부천지점,경기 부천시 원미구 길주로 380,37.50292924435897,126.7847369377148,032-665-8881
251,현대,현대자동차 역곡역대리점,경기 부천시 원미구 부일로 713,37.48529904553628,126.80925076738404,032-344-8204
252,현대,현대자동차 복사골대리점,경기 부천시 원미구 중동로 147,37.49287761399035,126.76669129682558,032-652-8200
253,현대,현대자동차 삼산지점,인천 부평구 장제로 329,37.51513555171957,126.73168393556611,032-529-0011
254,현대,현대자동차 부흥대리점,인천 부평구 장제로 196-1,37.50319247311082,126.73115781817029,032-524-1300
255,현대,현대자동차 계양신도시대리점,인천 계양구 서운산단로 29,37.5340032059556,126.755676844825,032-203-9010
256,현대,현대자동차 동소정대리점,인천 부평구 경인로 979,37.4875660929624,126.728677655171,032-263-8777
257,현대,현대자동차 작전대리점,인천 계양구 계양대로 132,37.535638122631404,126.72285095742355,032-546-3232
258,현대,현대자동차 산곡대리점,인천 부평구 평천로115번길 12,37.52100858279926,126.70571069383573,032-503-0005
259,현대,현대자동차 백범로판매대리점,인천 남동구 백범로 187,37.45838290131954,126.7276958099426,032-472-2002
260,현대,현대자동차 반월점,경기 안산시 상록구 반월로 34,37.30288861840717,126.90402376997747,031-501-0093
261,현대,현대자동차 신안산대리점,경기 안산시 단원구 산단로 232,37.31608361162114,126.78993347325655,031-491-8545
262,현대,현대자동차 안산지점,경기 안산시 단원구 광덕대로 181,37.31279688480531,126.82928681534264,031-482-2446
263,현대,현대자동차 상록대리점,경기 안산시 상록구 충장로 102,37.290813772414786,126.85821834193288,031-409-1515
264,현대,현대자동차 단원대리점,경기 안산시 단원구 중앙대로 415,37.33010847055916,126.7860795047785,031-493-8989
265,현대,현대자동차 안산서부지점,경기 안산시 단원구 선부광장로 23,37.33617141115274,126.8097661877335,031-482-5555
266,현대,현대자동차 동안산대리점,경기 안산시 상록구 예술광장1로 124,37.32662165577695,126.84448522151037,031-475-1300
267,현대,현대자동차 수도권출고지원센터,경기 안산시 단원구 중앙대로 927,37.31712721667714,126.83956574542468,정보 없음
268,현대,현대자동차 시흥능곡대리점,경기 시흥시 장현능곡로 198,37.3690732919846,126.811999701838,031-480-2200
269,현대,현대자동차 목감대리점,경기 시흥시 목감둘레로 253-24,37.38098007284423,126.86064571098794,031-506-1911
270,현대,현대자동차블루핸즈 안산모터스,경기 안산시 단원구 연수원로 17,37.315396311167,126.796748119816,031-493-5523
271,현대,현대자동차블루핸즈 고잔점,경기 안산시 단원구 중앙대로 951,37.316900376025,126.84241141212,031-484-8572
272,현대,현대자동차블루핸즈 초지점,경기 안산시 단원구 원포공원2로 35,37.3017426187489,126.813514165412,031-484-8101
273,현대,현대자동차블루핸즈 월피점,경기 안산시 상록구 안산천서로 235,37.3347477962814,126.847749896048,031-485-7784
274,현대,현대자동차블루핸즈 안산현대서비스,경기 안산시 상록구 오목로 165,37.291588734326,126.875931874393,031-409-7788
275,현대,현대자동차 안양지점,경기 안양시 만안구 안양로 230,37.39373709765047,126.92592710201862,031-441-1800
276,현대,현대자동차 인덕원스마트스퀘어지점,경기 안양시 동안구 흥안대로 445,37.39382066352554,126.97470370068015,031-456-0025
277,현대,현대드라이빙라운지 안양,경기 안양시 동안구 시민대로327번길 12-6,37.39708680822915,126.96713145366793,031-466-7365
278,현대,현대자동차 평촌지점,경기 안양시 동안구 시민대로 193,37.391804454741155,126.95226580758147,031-382-8600
279,현대,현대자동차 석수대리점,경기 안양시 만안구 안양로 491,37.41320986428899,126.90901491570563,031-474-0123
280,현대,현대자동차 안양서부대리점,경기 안양시 만안구 만안로 272,37.40403194910982,126.92005737184108,031-447-4400
281,현대,현대자동차 군포지점,경기 군포시 고산로 685,37.37150046230777,126.9346453825304,031-393-1001
282,현대,현대자동차 블루핸즈 의왕중부현대서비스,경기 의왕시 경수대로391번길 11,37.35861919503962,126.96350117594304,031-453-2777
283,현대,현대자동차 경수대로대리점,경기 의왕시 경수대로 257,37.34906365575863,126.97309124253283,031-456-9009
284,현대,현대자동차 군포용호대리점,경기 군포시 용호1로1번길 23,37.340889558299985,126.93745819844507,031-397-1001
285,현대,현대자동차 광명KTX대리점,경기 광명시 덕안로77번길 9,37.42178340092125,126.88371466750985,02-898-3006
286,현대,현대자동차 과천대로대리점,경기 과천시 뒷골1로 2,37.4528111922951,127.001776651404,02-503-3338
287,현대,현대자동차 중앙연구소,경기 의왕시 철도박물관로 37,37.32453818182634,126.95214479093835,정보 없음
288,현대,현대자동차블루핸즈 평촌현대서비스,경기 안양시 동안구 시민대로383번길 23,37.3975972596704,126.972515998767,031-423-8200
289,현대,현대자동차 평내대리점,경기 남양주시 경춘로 1318,37.65088088763699,127.23886062051415,031-591-8300
290,현대,현대자동차 다산지점,경기 남양주시 다산중앙로123번길 22-30,37.62536437616409,127.15229261472963,031-592-4488
291,현대,현대자동차 도농대리점,경기 남양주시 다산지금로 202,37.59482045902383,127.17224991305666,031-565-8800
292,현대,현대자동차 오남대리점,경기 남양주시 오남읍 진건오남로 903,37.704391725085756,127.19475210426421,031-575-4001
293,현대,현대자동차 마석대리점,경기 남양주시 화도읍 경춘로 1872,37.6527662569477,127.296235198831,031-515-0080
294,현대,현대자동차 토평대리점,경기 구리시 벌말로 192,37.59339027956506,127.15074411094456,031-565-8282
295,현대,현대자동차블루핸즈 별내현대서비스,경기 남양주시 송산로 356,37.67335635986537,127.134286046425,070-4459-5259
296,현대,현대자동차 블루핸즈 다산점,경기 남양주시 다산중앙로19번길 13-8,37.6139606981137,127.154285416899,0507-1410-8204
297,현대,현대자동차블루핸즈 별내점,경기 남양주시 두물로27번길 5,37.65629948377,127.127351490174,031-572-2233
298,현대,현대자동차블루핸즈 수동현대서비스,경기 남양주시 수동면 비룡로 544,37.6883885531226,127.32286681964867,031-559-5599
299,현대,현대자동차블루핸즈 진접점,경기 남양주시 진접읍 장현로 85,37.7181108794994,127.181744690178,031-527-8204
300,현대,현대자동차블루핸즈 금곡점,경기 남양주시 경춘로 941,37.6337139971022,127.206145920151,031-591-6002
301,현대,현대자동차블루핸즈 경기자동차,경기 남양주시 진접읍 금강로 1943-11,37.7547622422324,127.215949764558,031-528-0770
302,현대,현대자동차 남양출고센터,경기 화성시 만세구 장안면 매바위로366번길 55,37.1473029588598,126.818009313354,031-351-8602
303,현대,현대자동차 블루핸즈 향남점,경기 화성시 만세구 향남읍 행정죽전로1길 4,37.12350093511428,126.9204928782904,031-353-2002
304,현대,현대자동차 화성남양대리점,경기 화성시 만세구 남양읍 남양성지로 33,37.2061268227985,126.807396264325,031-8043-5680
305,현대,현대자동차 동탄지점,경기 화성시 동탄구 메타폴리스로 53,37.20224014918614,127.07343252379025,031-8003-4900
306,현대,현대자동차 향남대리점,경기 화성시 만세구 향남읍 향남로 130,37.1071885179186,126.914667656651,031-309-8801
307,현대,현대자동차 동탄호수공원지점,경기 화성시 동탄구 동탄순환대로 127-27,37.168035760985916,127.10705910264862,031-242-8111
308,현대,현대자동차 동탄테크노밸리지점,경기 화성시 동탄구 동탄대로 635,37.21026398178277,127.09832369982682,031-378-9820
309,현대,현대자동차 봉담대리점,경기 화성시 효행구 봉담읍 삼천병마로 1352,37.224996528191355,126.95414018092906,031-227-0202
310,현대,현대자동차 병점대리점,경기 화성시 병점구 효행로 985,37.2114420117961,127.03546233755688,031-226-6611
311,현대,현대차 남양점 건강맞춤식단,경기 화성시 만세구 남양읍 현대연구소로 150,37.15946232700084,126.81892021395824,031-356-7512
312,현대,현대자동차 블루핸즈 평택항현대서비스,경기 평택시 포승읍 하만호길 237,36.955269321047375,126.85059027453633,031-686-9753
313,현대,현대자동차 평택지점,경기 평택시 서동대로 3696,36.98885521322474,127.11941407821709,031-655-6668
314,현대,현대자동차 송탄지점,경기 평택시 경기대로 1359,37.06644858547926,127.0636572046811,031-665-2229
315,현대,현대자동차 송탄제일판매대리점,경기 평택시 송탄로 440,37.0827229539215,127.058145318297,031-611-0122
316,현대,현대자동차 안중지점,경기 평택시 안중읍 안청로 11,36.990202258785146,126.91504452258538,031-681-1414
317,현대,현대자동차 포승임시치장장지점,경기 평택시 포승읍 송내길 81,36.9649211003762,126.86667762335,정보 없음
318,현대,현대자동차블루핸즈 송탄현대서비스,경기 평택시 삼봉로 58,37.0891415527715,127.069352854411,02-1544-3642
319,현대,현대자동차블루핸즈 장당점,경기 평택시 첨단대로 439,37.0455067069994,127.058450783651,031-668-3379
320,현대,현대자동차블루핸즈 안중점,경기 평택시 안중읍 안청로 68,36.9948825851126,126.91518423179,031-681-8224
321,현대,현대자동차블루핸즈 칠원점,경기 평택시 신촌로 95,37.0271236141478,127.110627032789,031-618-6060
322,현대,현대자동차블루핸즈 신장점,경기 평택시 신장로 176,37.0901444484703,127.053710367023,031-663-0955
323,현대,현대자동차블루핸즈 포승현대서비스,경기 평택시 포승읍 거산길 10,36.9900635275803,126.858419053511,031-681-9777
324,현대,현대자동차블루핸즈 포승점,경기 평택시 포승읍 평택항로184번길 4-9,36.9748136702994,126.844107862922,031-681-2263
325,현대,현대자동차블루핸즈 팽성점,경기 평택시 팽성읍 안정로 215,36.9696042378844,127.063521442838,031-691-4856
326,현대,현대자동차블루핸즈 소사벌점,경기 평택시 비전3로 193-10,37.00902891391785,127.12092089008617,031-654-0633
327,현대,현대자동차 의정부지점,경기 의정부시 금오로 1,37.75298025481692,127.06589408987062,031-877-3311
328,현대,현대자동차 의정부녹양대리점,경기 의정부시 서부로 699,37.755072965023345,127.03774236682422,031-826-8700
329,현대,현대자동차 의정부남부대리점,경기 의정부시 평화로 345,37.72283352271913,127.04781424800774,031-878-2255
330,현대,현대자동차블루핸즈 가능점,경기 의정부시 체육로 16,37.7522996665755,127.03206733257,031-879-0404
331,현대,현대자동차블루핸즈 의정부현대서비스,경기 의정부시 입석로 76,37.7555858471949,127.017548165905,031-879-7700
332,현대,현대자동차블루핸즈 의정부점,경기 의정부시 경의로 33,37.7331285175674,127.039133383739,031-875-6848
333,현대,현대자동차블루핸즈 민락점,경기 의정부시 용민로122번길 10-5,37.7397164570689,127.091198295439,031-851-4119
334,현대,현대자동차블루핸즈 신곡점,경기 의정부시 부용로 9,37.7483247859947,127.059433721883,031-821-8204
335,현대,현대자동차블루핸즈 용현대형점,경기 의정부시 시민로416번길 35-19,37.732538537665,127.079877022865,031-856-8855
336,현대,현대자동차블루핸즈 낙양점,경기 의정부시 용민로303번길 10,37.7519055851668,127.103295738681,031-821-5682
337,현대,현대자동차블루핸즈 신곡남부점,경기 의정부시 동일로 512,37.7340285780772,127.058696246946,031-844-8200
338,현대,현대자동차블루핸즈 가능서부점,경기 의정부시 서부로 526,37.74369426998879,127.02573825947499,031-877-5589
339,현대,1급현대자동차공업사,경기 의정부시 신흥로258번길 25,37.73933776287192,127.04486261094334,0507-1448-1638
340,현대,현대오토자동차정비,경기 의정부시 호국로 1063,37.74214956962955,127.02227045678046,정보 없음
341,현대,현대1급자동차정비,경기 의정부시 입석로55번길 21,37.7540251484783,127.018991201193,정보 없음
342,현대,현대자동차 시화지점,경기 시흥시 마유로 308,37.343855364737486,126.73364542789291,031-431-6060
343,현대,현대자동차 시흥은계대리점,경기 시흥시 은계중앙로306번길 58-1,37.45294324824508,126.79649970695995,031-435-0777
344,현대,현대자동차 시흥지점,경기 시흥시 비둘기공원7길 87,37.439233367399034,126.79282937564876,031-312-7711
345,현대,현대자동차 시흥출고센터,경기 시흥시 정왕천로 279,37.3352958006352,126.741866848965,031-434-2414
346,현대,현대자동차 운연대리점,인천 남동구 서창방산로158번길 2,37.4271268434344,126.759721277984,032-259-8989
347,현대,현대자동차 인천논현지점,인천 남동구 앵고개로 936,37.402094095240656,126.73454061505275,032-464-0011
348,현대,현대자동차 시화하이테크센터,경기 시흥시 경제로 137,37.3352550198592,126.711720164796,031-497-6110
349,현대,현대자동차 운정지점,경기 파주시 경의로 1090,37.714604415298126,126.75990061530972,031-8071-2727
350,현대,현대자동차 교하대리점,경기 파주시 경의로 1433,37.74349081317408,126.75184252617336,031-944-6191
351,현대,현대자동차 봉일천대리점,경기 파주시 조리읍 통일로 335,37.745191239877,126.807423881641,031-946-3535
352,현대,현대자동차 문산지점,경기 파주시 문산읍 봉미로 53,37.86425750961573,126.78314925756102,031-953-0011
353,현대,현대자동차 파주중앙지점,경기 파주시 평화로 2,37.7582958799809,126.773517962767,031-943-2020
354,현대,현대자동차 신금촌대리점,경기 파주시 시청로 1,37.75820326049278,126.77408111243086,031-946-3800
355,현대,현대자동차 문발점,경기 파주시 돌단풍길 8,37.719268606026525,126.71160303358127,031-943-1166
356,현대,현대자동차블루핸즈 지에스모터스,경기 파주시 교하로863번길 5,37.7243784104625,126.701629780768,031-918-8282
357,현대,광탄점 현대자동차,경기 파주시 광탄면 동거리길 42,37.7812373880016,126.849790152999,정보 없음
358,현대,현대자동차블루핸즈 가람로중앙점,경기 파주시 가람로21번길 7-20,37.7341445525263,126.751165829512,031-947-1456
359,현대,현대자동차블루핸즈 동패점,경기 파주시 동패로7번길 52,37.7092233009818,126.734451408935,031-947-7884
360,현대,현대자동차블루핸즈 파주현대서비스,경기 파주시 월롱면 휴암로 235,37.8123452899891,126.782538027511,031-949-9141
361,현대,현대자동차블루핸즈 운정점,경기 파주시 교하로159번길 55,37.72408371258384,126.7408411394321,031-963-7773
362,현대,현대자동차블루핸즈 파주현대상용서비스,경기 파주시 월롱면 도감로 164,37.791374325887844,126.80287405892223,031-949-8074
363,현대,현대자동차블루핸즈 문산동부현대서비스,경기 파주시 문산읍 우계로 430-13,37.8582182864383,126.796694002755,031-952-2373
364,현대,현대자동차 김포지점,경기 김포시 북변중로 135,37.630451754387835,126.70380581601778,031-982-8204
365,현대,현대자동차 풍무대리점,경기 김포시 풍무로 20,37.5976710137165,126.721112715726,031-996-8001
366,현대,현대자동차 양촌대리점,경기 김포시 양촌읍 양곡2로 5-7,37.65148445548627,126.62700004653317,031-981-8888
367,현대,현대자동차 사우대리점,경기 김포시 유현로237번길 80,37.61452622763882,126.72864742732406,031-984-8204
368,현대,현대자동차 검단중앙지점,인천 검단구 원당대로 627,37.59414143112751,126.67092695888343,032-568-8311
369,현대,현대자동차 검단대리점,인천 검단구 검단로501번안길 16,37.60362574824348,126.66124117169709,032-565-7000
370,현대,현대자동차 북인천대리점,인천 서해구 서곶로 543,37.56606222090047,126.67685032098102,032-567-0501
371,현대,현대자동차 효성대리점,인천 계양구 안남로 525,37.52992102575998,126.7110868997561,032-544-0211
372,현대,현대자동차 광주하이테크센터,전남광주통합특별시 남구 송암로76번길 31,35.1137957961376,126.877847731592,062-673-2111
373,현대,현대자동차 순천하이테크센터,전남광주통합특별시 순천시 순광로 197,34.9633252851077,127.539668794717,061-723-4111
374,현대,현대자동차 수완지점,전남광주통합특별시 광산구 임방울대로 532,35.2063367850028,126.822672175318,062-953-2500
375,현대,현대자동차 빛고을대로지점,전남광주통합특별시 북구 첨단연신로 100,35.20651078019671,126.86538287696516,062-524-2111
376,현대,현대자동차 광주지점,전남광주통합특별시 서구 무진대로 950,35.16090030259331,126.88449785904012,062-364-2111
377,현대,현대자동차 순천지점,전남광주통합특별시 순천시 백강로 336,34.96323794208495,127.52212093094239,061-743-6900
378,현대,현대자동차 하남지점,전남광주통합특별시 광산구 하남대로 140,35.179839406509274,126.80884758540614,062-943-3111
379,현대,현대자동차 상무지점,전남광주통합특별시 서구 북촌길 8,35.14569979526859,126.84852198556942,062-381-5001
380,현대,현대자동차 광주교대지점,전남광주통합특별시 동구 필문대로 118,35.1600916721446,126.930358923639,062-266-2111
381,현대,현대자동차 해남지점,전남광주통합특별시 해남군 해남읍 해남로 3,34.57115983415637,126.60747206809394,061-534-5511
382,현대,현대자동차 금호대리점,전남광주통합특별시 서구 운천로 130,35.144100976707406,126.85760339264755,062-366-0100
383,현대,현대자동차 순천센트럴지점,전남광주통합특별시 순천시 백강로 16,34.934661317707366,127.52238526209989,061-745-5400
384,현대,현대자동차 용봉지점,전남광주통합특별시 북구 설죽로 301,35.18654433795804,126.89802759659186,062-515-3111
385,현대,현대자동차 광주버스지점,전남광주통합특별시 서구 무진대로 966,35.16083009530015,126.88650982858974,062-351-9100
386,현대,현대자동차 영광지점,전남광주통합특별시 영광군 영광읍 옥당로 108,35.272448056079554,126.50379698534455,061-352-2111
387,현대,현대자동차블루핸즈 동군포현대서비스,경기 군포시 당정로28번길 30,37.3526391342307,126.958243285352,031-458-0196
388,현대,현대자동차블루핸즈 산본동부점,경기 군포시 엘에스로182번길 36,37.3774572635956,126.941781477754,031-451-9844
389,현대,현대자동차블루핸즈 당정점,경기 군포시 한세로78번길 37,37.3457911090478,126.95766924516,031-386-8204
390,현대,현대자동차블루핸즈 군포역현대서비스,경기 군포시 공단로 125,37.3563621959381,126.949075874098,031-429-1102
391,현대,현대자동차블루핸즈 산본점,경기 군포시 고산로 735-3,37.3747632275524,126.938283619192,031-397-7113
392,현대,현대자동차블루핸즈 동안현대서비스,경기 안양시 동안구 시민대로 63,37.38448318061114,126.94123630819333,031-422-6300
393,현대,현대자동차블루핸즈 호계점,경기 안양시 동안구 경수대로 697,37.38405896259549,126.95153563958787,031-458-8204
394,현대,현대자동차 블루핸즈 동군포현대서비스 전기차충전소,경기 군포시 당정로28번길 32,37.3532213088944,126.958556738856,정보 없음
395,현대,현대자동차 오산지점,경기 오산시 경기대로 617,37.17678554826017,127.05859680869071,031-372-2511
396,현대,현대자동차 오산제일대리점,경기 오산시 청학로 92,37.15709499271003,127.06504689572708,031-373-8511
397,현대,현대자동차 드라이빙라운지 오산,경기 오산시 경기대로 617,37.17678554826017,127.05859680869071,031-366-7365
398,현대,현대자동차 이천지점,경기 이천시 경충대로 2664,37.276538810382604,127.43720318866235,031-633-2268
399,현대,현대자동차 이천남부대리점,경기 이천시 부발읍 경충대로 2229,37.25927262515175,127.47858605997813,031-633-4045
400,현대,현대자동차 덕평대리점,경기 이천시 마장면 서이천로 21,37.24678814404439,127.3616951714021,031-600-9900
401,현대,현대자동차 증포대리점,경기 이천시 황무로 814,37.3018490631355,127.438830612505,031-632-8000
402,현대,현대자동차 블루핸즈 동광주현대서비스,경기 광주시 초월읍 산수로 148,37.37459183258691,127.31787254291974,031-767-1000
403,현대,현대자동차 곤지암중앙대리점,경기 광주시 곤지암읍 경충대로 748,37.35529725760649,127.32715048165029,031-762-9955
404,현대,현대자동차 신여주대리점,경기 여주시 우암로 44,37.29527970551797,127.63167970909066,031-881-5600
405,현대,현대자동차 여주지점,경기 여주시 세종로 70,37.291691007729476,127.63503296006915,031-882-1082
406,현대,현대자동차 남한강대리점,경기 여주시 강변북로 37,37.30123586580055,127.64546502083716,031-884-2634
407,현대,현대자동차블루핸즈 창전현대서비스,경기 이천시 이섭대천로 1249,37.2819194760546,127.44669613720569,031-635-7890
408,현대,현대자동차블루핸즈 서이천현대서비스,경기 이천시 이섭대천로 1334,37.28758919900644,127.45204111938646,031-631-2881
409,현대,현대자동차블루핸즈 동이천현대서비스,경기 이천시 대월면 경충대로1937번길 43,37.2399480414308,127.501039682222,031-637-0063
410,현대,현대자동차블루핸즈 부발점,경기 이천시 부발읍 경충대로 1754,37.2354793366559,127.519342854396,031-637-8504
411,현대,현대자동차블루핸즈 장호원현대서비스,경기 이천시 장호원읍 서동대로 8769-1,37.1157932530242,127.609129661575,031-643-0080
412,현대,현대자동차 양주지점,경기 양주시 부흥로 2207,37.809075724076166,127.09857063305223,031-861-0400
413,현대,현대자동차 포천지점,경기 포천시 소흘읍 호국로 689,37.8294284717485,127.14973044746235,031-542-2617
414,현대,현대자동차 동두천지점,경기 동두천시 평화로2185번길 7-5,37.8826169392422,127.05595285155192,031-862-0977
415,현대,현대자동차 신동두천대리점,경기 동두천시 평화로 2371,37.89936197893832,127.05770510377991,070-4124-2201
416,현대,현대자동차 안성지점,경기 안성시 대덕면 외건지안길 4,37.0127480933398,127.24159610244304,031-672-9944
417,현대,현대자동차 안성중앙대리점,경기 안성시 진안로 1349,37.00388717436832,127.28754962807034,031-677-9393
418,현대,안성MAAC현대자동차,경기 안성시 서운면 서운로 488,36.95376190738011,127.26299595444047,정보 없음
419,현대,현대자동차블루핸즈 이화자동차써비스,경기 안성시 보개원삼로 85,37.0115507211989,127.284985194518,031-671-5558
420,현대,현대자동차블루핸즈 공도현대서비스,경기 안성시 공도읍 원승두길 10,36.9968369422677,127.153907096658,031-653-3007
421,현대,현대자동차블루핸즈 안성중앙현대서비스,경기 안성시 대덕면 만세로 37,37.0236318353853,127.23955716404,031-676-9800
422,현대,현대자동차블루핸즈 죽산자동차정비,경기 안성시 죽산면 죽주로 73,37.0735647308859,127.404520386405,031-676-4455
423,현대,현대자동차블루핸즈 안성서부점,경기 안성시 대덕면 중앙로 30,37.013287859142,127.232104167665,031-672-8889
424,현대,현대자동차블루핸즈 안성현대상용서비스,경기 안성시 미양면 안성대로 697-16,36.982335481781035,127.25083694916542,031-671-0004
425,현대,현대자동차블루핸즈 금강자동차정비공업사,경기 안성시 공도읍 서동대로 4344,37.005411123189326,127.18517414372612,031-655-9535
426,현대,현대자동차연구소,경기 안성시 서운면 서운신기길 16-180,36.9550869833237,127.26921624699,정보 없음
427,현대,현대유성자동차종합검사소,경기 안성시 삼죽면 삼죽로 29,37.06651474261732,127.37090322838483,031-672-5496
428,현대,뉴현대자동차정비,경기 안성시 안성맞춤대로 1224-3,37.022144217119575,127.2673736941159,031-677-1088
429,현대,현대자동차 운악대리점,경기 포천시 중앙로 162,37.8999587993163,127.206094954816,031-536-2233
430,현대,현대자동차블루핸즈 한양자동차공업,경기 포천시 소흘읍 호국로 483,37.81636460243128,127.13474001891763,031-541-6600
431,현대,현대자동차블루핸즈 가산현대서비스,경기 포천시 가산면 가산로 18,37.8362454204114,127.156410324585,031-542-1111
432,현대,현대자동차블루핸즈 포천내촌현대상용서비스,경기 포천시 내촌면 금강로 2008,37.7591881564858,127.221573221224,031-534-6772
433,현대,현대자동차블루핸즈 포천점,경기 포천시 호국로 1083,37.8608502722298,127.170780773161,031-534-3989
434,현대,현대자동차블루핸즈 송우현대서비스,경기 포천시 소흘읍 부흥로 129,37.8057210242675,127.132935607717,031-541-1737
435,현대,현대자동차블루핸즈 포천신북현대서비스,경기 포천시 신북면 중앙로335번길 1,37.9141849034382,127.213549218093,031-535-5200
436,현대,현대자동차블루핸즈 송우점,경기 포천시 소흘읍 호국로484번길 24,37.8152367424648,127.137813409385,031-542-9090
437,현대,현대자동차블루핸즈 일동점,경기 포천시 일동면 화동로 1015,37.954435890556,127.31543955122056,031-531-3100
438,현대,현대자동차블루핸즈 포천송우중부점,경기 포천시 소흘읍 송우로 168,37.834940980014,127.132815353228,031-542-8235
439,현대,현대자동차 하남미사지점,경기 하남시 조정대로 240,37.55907502070317,127.2025447525254,031-791-9410
440,현대,현대자동차 신하남대리점,경기 하남시 대성로 283,37.53464685390748,127.2037797979095,031-796-4488
441,현대,현대자동차 미사지점,경기 하남시 조정대로 240,37.55907502070317,127.2025447525254,031-794-6270
442,현대,현대자동차블루핸즈 덕풍점,경기 하남시 덕풍동로 67,37.5484923597046,127.205417604354,031-796-8204
443,현대,현대자동차블루핸즈 감일점,경기 하남시 감일로 166,37.514145389224865,127.1559064444434,02-6958-6005
444,현대,현대자동차블루핸즈 미사점,경기 하남시 미사강변한강로 319,37.562386114967374,127.19993917321155,031-8027-8839
445,현대,현대자동차블루핸즈 서하남로점,경기 하남시 서하남로 264,37.5171141198526,127.172795082194,02-483-9944
446,현대,현대자동차블루핸즈 창우점,경기 하남시 창우로 78,37.5335585675328,127.226465945764,031-796-5545
447,현대,현대하남서비스 자동차검사소,경기 하남시 신장동로140번길 46,37.54333005499884,127.2201882504972,031-794-1200
448,현대,현대1급자동차검사소,경기 남양주시 와부읍 덕소로 260,37.5782326831103,127.225029859461,031-577-1422
449,현대,현대자동차블루핸즈 덕소점,경기 남양주시 와부읍 수레로 74,37.59043049683726,127.2182096077286,031-577-2148
450,현대,현대자동차 부산하이테크센터,부산 연제구 중앙대로 1168,35.1918899549381,129.08045293919,051-850-4000
451,현대,현대자동차 사상하이테크센터,부산 사상구 가야대로 86,35.1498843789226,128.982504156398,051-309-1300
452,현대,현대자동차 금정지점,부산 금정구 중앙대로 1883,35.25241218467273,129.09110812567397,051-514-7077
453,현대,현대자동차 부산거제대리점,부산 연제구 거제대로 203,35.1865500230698,129.071606634646,051-852-8989
454,현대,현대자동차 동래지점,부산 동래구 중앙대로 1309,35.2040889087292,129.07756480355638,051-505-8201
455,현대,현대자동차 연제대리점,부산 연제구 연수로 163,35.1745861311578,129.088714080718,051-867-8350
456,현대,현대 드라이빙라운지 부산중앙,부산 동구 중앙대로 360,35.12748663613899,129.04804736507535,051-465-7365
457,현대,현대자동차 해운대지점,부산 해운대구 좌동로 18,35.16782032347979,129.1696820905091,051-742-0771
458,현대,현대자동차 센텀지점,부산 해운대구 해운대로191번길 6,35.18075424425493,129.1244144332084,051-528-4631
459,현대,현대자동차 구포지점,부산 북구 만덕대로 58,35.21137170270399,129.01143611692493,051-334-3301
460,현대,현대자동차 명지국제지점,부산 강서구 명지국제9로 58,35.09796624162017,128.9239110322246,051-293-2293
461,현대,현대자동차 남천지점,부산 남구 수영로 360,35.13935859292354,129.10487690919007,051-624-4111
462,현대,현대자동차 부곡대리점,부산 금정구 부곡로 140,35.22814737440222,129.09223569392236,051-512-0028
463,현대,현대자동차 서면지점,부산 부산진구 중앙대로 770,35.16107138191268,129.06206177594922,051-808-3911
464,현대,현대자동차 학장지점,부산 사상구 가야대로 86,35.15029694913333,128.9827347080577,051-327-4164
465,현대,현대자동차 대구하이테크센터,대구 북구 노원로 6,35.889903122080256,128.56400901451616,053-357-5141
466,현대,현대자동차 블루핸즈 월암점,대구 달서구 월암로 56,35.8229144583424,128.516975205442,053-593-8204
467,현대,현대자동차 엑스코대리점,대구 북구 검단로 89,35.90553473914925,128.61757082858898,053-382-2000
468,현대,현대자동차 블루핸즈 대명남부점,대구 남구 현충로 110,35.8425943549108,128.580285310064,053-622-8899
469,현대,현대자동차 북대구지점,대구 서구 원대로 81,35.884702761378854,128.5814062253193,053-353-4200
470,현대,현대자동차 죽전대리점,대구 달서구 와룡로 226,35.85293184791365,128.5375455857118,053-558-2700
471,현대,현대자동차 대구수성지점,대구 수성구 동대구로 37,35.833770125838114,128.62302350595658,053-761-7691
472,현대,현대자동차 동대구지점,대구 수성구 동대구로 396,35.86565651977068,128.62732360725792,053-753-8204
473,현대,현대자동차 대구남산지점,대구 중구 명덕로 107,35.8569214110086,128.582155947666,053-256-2688
474,현대,현대자동차 대구진천지점,대구 달서구 진천로 84,35.815893422438876,128.52346564798856,053-654-4300
475,현대,현대자동차 계명대역대리점,대구 달서구 달서대로 469,35.84132238915798,128.49128031652464,053-583-1100
476,현대,현대자동차 청호로대리점,대구 수성구 청호로 297,35.8439214330609,128.638497199897,053-781-3388
477,현대,현대자동차 성서지점,대구 달서구 달구벌대로 1599,35.8520846279034,128.541353578001,053-582-7227
478,현대,현대자동차 대구만평대리점,대구 서구 서대구로 351,35.88850399391983,128.55961720206975,053-353-1600
479,현대,현대자동차 대구현충대리점,대구 남구 대명로 184,35.8389083161838,128.57797994148248,053-424-3366
480,현대,현대자동차 인천지점,인천 미추홀구 샛골로 1-1,37.46278425794028,126.6424664593184,032-884-3121
481,현대,현대자동차 연수지점,인천 연수구 비류대로 178,37.42809796071802,126.65454643757282,032-429-7788
482,현대,현대자동차 영종대리점,인천 영종구 영종대로196번길 15-25,37.489500929022,126.49892195016,032-238-0030
483,현대,현대자동차 인주대리점,인천 미추홀구 인주대로 438,37.4507444932346,126.685384677869,032-438-9900
484,현대,현대자동차 송도국제지점,인천 연수구 하모니로 136,37.384677842681036,126.6441632835951,032-816-4900
485,현대,현대자동차 송도센트럴지점,인천 연수구 아트센터대로168번길 100,37.405015541048485,126.62976137277285,032-864-7374
486,현대,현대자동차 구월지점,인천 남동구 인주대로 629,37.45007652427845,126.70699123251747,032-461-7100
487,현대,현대자동차 루원시티지점,인천 서해구 봉오대로 275,37.5249930210817,126.680483578788,032-541-7511
488,현대,현대자동차 연수중앙대리점,인천 연수구 벚꽃로 96,37.41810531391568,126.67670201910065,032-811-4422
489,현대,현대자동차 선학대리점,인천 연수구 학나래로5번길 3,37.423580205849824,126.69653933499221,032-813-7800
490,현대,현대자동차 대전노은대리점,대전 유성구 노은서로 127,36.371394613806,127.31538402806387,042-477-5551
491,현대,현대자동차 대전하이테크센터,대전 동구 동대전로 271,36.344722587223,127.445565698605,042-621-0711
492,현대,현대자동차 갑천대교대리점,대전 서구 월평중로 30,36.3573128736372,127.3641820570986,042-488-3000
493,현대,현대자동차 도안가수원지점,대전 서구 도안동로 10,36.30595776902804,127.35325555417656,042-585-2111
494,현대,현대자동차 대전선화대리점,대전 중구 우암로 4,36.33371041279436,127.42039245248715,042-254-9000
495,현대,현대자동차 대전시청지점,대전 서구 문정로 29,36.34674167291359,127.38248793490253,042-488-7400
496,현대,현대자동차 대덕밸리지점,대전 유성구 테크노중앙로 71,36.42578345661126,127.3935167813081,042-932-0011
497,현대,현대 드라이빙라운지 대전,대전 대덕구 한남로 118,36.34907455227405,127.41653030709516,042-621-7365
498,현대,현대자동차 대전용문대리점,대전 서구 도산로 339,36.33554389727451,127.38939012737946,042-527-7910
499,현대,현대자동차 대전지점,대전 동구 동서대로 1644,36.347264566683464,127.43263006423514,042-624-6301
500,현대,현대자동차 대전반석지점,대전 유성구 북유성대로316번길 33,36.39404530985263,127.31377230584572,042-255-8891
501,현대,현대자동차 대전대화대리점,대전 대덕구 한남로 123,36.34838738853005,127.41640633429772,042-639-4545
502,현대,현대자동차 유천대리점,대전 중구 계백로 1606,36.318358307079464,127.398451567743,042-583-7511
503,현대,현대자동차 대전선비대리점,대전 동구 동부로 2,36.317302948430125,127.45667438223302,042-621-2300
504,현대,현대자동차 대덕대리점,대전 유성구 엑스포로446번길 6,36.395860233087554,127.40511464872415,042-863-7711
505,현대,현대자동차 울산남부지점,울산 남구 문수로 414,35.53349089847729,129.2987832279433,052-267-2200
506,현대,현대자동차 울산하이테크센터,울산 북구 염포로 317,35.56031374763683,129.37402487042525,052-283-7500
507,현대,현대자동차 울산출고센터,울산 북구 염포로 700,35.55778925942718,129.3770290131638,052-215-2476
508,현대,현대자동차 울산센트럴지점,울산 남구 삼산로 321,35.5402115520064,129.342190448081,052-265-3500
509,현대,현대자동차 울산북부지점,울산 북구 진장유통로 45,35.574885053834,129.35623731329,052-293-5900
510,현대,현대자동차 울산범서지점,울산 울주군 범서읍 울밀로 2860,35.5565511759866,129.260617973604,052-224-0133
511,현대,현대자동차 울산중부지점,울산 중구 학성로 137,35.55636176168488,129.3259706977009,052-298-4711
512,현대,현대자동차 드라이빙라운지 울산,울산 북구 진장유통1로 3,35.57288284179951,129.35642569313782,052-295-7365
513,현대,현대자동차 울산삼산대리점,울산 남구 꽃대나리로 39,35.53388189307555,129.33428004375543,052-260-4711
514,현대,현대자동차 화봉대리점,울산 북구 화봉로 105,35.58754783634601,129.37031964217027,052-296-3388
515,현대,현대자동차 울산동부지점,울산 동구 방어진순환도로 975,35.528125932113014,129.43289035189915,052-252-5400
516,현대,현대자동차 울산제일대리점,울산 중구 태화로 146,35.553105574839314,129.29181357250928,052-244-3355
517,현대,현대자동차 울산상안대리점,울산 북구 신답로 41,35.628598297402746,129.34367561832758,052-282-1777
518,현대,현대자동차 문수대리점,울산 남구 대학로 9,35.53709295722757,129.25438762221734,052-223-1885
519,현대,현대자동차 우정대리점,울산 중구 명륜로 131,35.56085023119443,129.31702178839444,052-243-4444
520,현대,현대자동차 세종청사지점,세종특별자치시 한누리대로 296,36.49068594732716,127.25690521453097,044-868-6201
521,현대,현대자동차 세종북부지점,세종특별자치시 조치원읍 충현로 40,36.5927536711946,127.298684976807,044-862-4881
522,현대,현대자동차 세종시청지점,세종특별자치시 소담로 93,36.48573081024703,127.30144521629488,044-865-9040
523,현대,현대자동차블루핸즈 세종금남점,세종특별자치시 금남면 용포로 112,36.4686992426816,127.281766973742,044-868-5185
524,현대,현대자동차블루핸즈 세종서부점,세종특별자치시 장군면 장척로 536,36.497985306257696,127.21697783122892,044-867-6671
525,현대,현대자동차블루핸즈 세종부강점,세종특별자치시 부강면 연청로 1040,36.5289307057401,127.38770869243,044-866-8203
526,현대,세종현대자동차운전전문학원,세종특별자치시 전동면 하노장5길 2,36.65265653891838,127.26966612520391,044-863-5600
527,현대,블루핸즈 북세종현대서비스,세종특별자치시 연서면 당산로 487,36.5737907647619,127.289624860951,044-998-7988
528,현대,현대 세종청사지점(현대차 전용) 전기차충전소,세종특별자치시 한누리대로 296,36.4906868508807,127.25690410147,1566-1704
529,현대,현대자동차 강릉하이테크센터,강원특별자치도 강릉시 강변로534번길 9,37.7658687905502,128.919561361319,033-653-9120
530,현대,현대자동차 블루핸즈 동동해현대서비스,강원특별자치도 동해시 동해대로 4762,37.4766359923085,129.1211512382169,033-522-6000
531,현대,현대자동차 원주지점,강원특별자치도 원주시 북원로 2541,37.37119549170353,127.94130982086507,033-732-2222
532,현대,현대자동차 블루핸즈 태백서부점,강원특별자치도 태백시 한성3주택길 1,37.180299053946314,128.973134918656,033-552-2408
533,현대,현대자동차 강릉지점,강원특별자치도 강릉시 경강로 2141,37.757504564094425,128.89994043135712,033-643-3390
534,현대,현대자동차 춘천지점,강원특별자치도 춘천시 공지로 359,37.87015612950658,127.72659145055557,033-252-4706
535,현대,현대자동차 춘천북부지점,강원특별자치도 춘천시 동내면 춘천순환로 171,37.85813575627155,127.76140283039084,정보 없음
536,현대,현대자동차 강릉중앙대리점,강원특별자치도 강릉시 원대로 31,37.75750670323997,128.88145138616727,033-647-9926
537,현대,현대자동차 원주남부지점,강원특별자치도 원주시 서원대로 474,37.32636856413748,127.95576163005467,033-742-5678
538,현대,현대자동차 강릉북부지점,강원특별자치도 강릉시 강릉대로 426,37.771453560733526,128.91122158476213,033-651-6940
539,현대,현대자동차 홍천지점,강원특별자치도 홍천군 홍천읍 홍천로 391,37.6901941208275,127.888664393872,033-433-9661
540,현대,현대자동차 원주치악대리점,강원특별자치도 원주시 무실로 213,37.33896648968125,127.9376135097431,033-745-8282
541,현대,현대자동차 강릉동부대리점,강원특별자치도 강릉시 경강로 2375,37.77100091404474,128.9201661735315,033-645-0111
542,현대,현대자동차 삼척지점,강원특별자치도 삼척시 진주로 49,37.44514272928871,129.16364813040025,033-573-1616
543,현대,현대자동차 영월지점,강원특별자치도 영월군 영월읍 하송로 91,37.180044289987464,128.46185787289568,033-373-5051
544,현대,현대자동차 청주하이테크센터,충북 청주시 흥덕구 직지대로 257,36.6472177690667,127.421416837951,043-233-3900
545,현대,제네시스 청주,충북 청주시 흥덕구 직지대로 257,36.646650512947645,127.42230613964617,043-906-3099
546,현대,현대자동차 충주지점,충북 충주시 애향로 10,36.97492335558991,127.91110995747619,043-843-3383
547,현대,현대자동차 가경대리점,충북 청주시 흥덕구 가로수로1164번길 29,36.62574204301661,127.42723191646836,043-231-7979
548,현대,현대자동차 청주서부지점,충북 청주시 서원구 2순환로 1452,36.60934023521008,127.44286029862856,043-266-4322
549,현대,현대자동차 청주남부지점,충북 청주시 서원구 청남로 1946,36.6066076938235,127.481731897411,043-285-2111
550,현대,현대자동차 서청주대리점,충북 청주시 흥덕구 죽천로 103,36.63796357374257,127.43435050599601,043-233-3600
551,현대,현대자동차 오창지점,충북 청주시 흥덕구 진재로 141,36.64369138859163,127.43106036490686,043-212-5401
552,현대,현대자동차 드라이빙라운지 청주,충북 청주시 서원구 대림로 438-13,36.60896974830945,127.4426502805689,043-234-7365
553,현대,현대자동차 청주지점,충북 청주시 상당구 산성로 112,36.63263912405477,127.50469377902151,043-252-3911
554,현대,현대자동차 오창제일대리점,충북 청주시 청원구 오창읍 중부로 553,36.69729900793417,127.42132970782082,043-212-6777
555,현대,현대자동차 옥천출고지원센터,충북 옥천군 옥천읍 삼금로4길 8,36.3014212129571,127.56684624259,정보 없음
556,현대,현대자동차 제천지점,충북 제천시 의림대로28길 4,37.14571263514109,128.21423271221863,043-643-5131
557,현대,현대자동차 옥천영동지점,충북 옥천군 옥천읍 문장로 48,36.301080473153434,127.57591737197458,043-732-2166
558,현대,현대자동차 청주북부지점,충북 청주시 청원구 충청대로 229,36.67645322738442,127.49620798820403,043-222-0791
559,현대,현대자동차 블루핸즈 송악현대서비스,충남 당진시 송악읍 덕적골길 14,36.91759363851312,126.70719942032052,041-354-8272
560,현대,HMG드라이빙익스피리언스센터,충남 태안군 남면 기업도시로 1298,36.6484444834794,126.338395665116,1551-1298
561,현대,현대자동차 아산공장,충남 아산시 인주면 현대로 1077,36.84572701853673,126.8717821944749,041-530-5114
562,현대,현대자동차 천안북부지점,충남 천안시 서북구 두정중7길 2-3,36.83401015082236,127.13847123113942,041-573-3100
563,현대,현대자동차 천안중부지점,충남 천안시 서북구 월봉4로 8,36.78989706583196,127.11858026354027,041-576-7700
564,현대,현대자동차 번영로대리점,충남 천안시 서북구 번영로 526-1,36.8464582458459,127.123555968098,041-557-7100
565,현대,현대자동차 아산출고센터,충남 아산시 인주면 현대로 1077,36.84978341507388,126.85722053376564,041-530-5901
566,현대,현대자동차 아산탕정지점,충남 아산시 탕정면 한들물빛6로 46,36.7886188298431,127.087969103392,041-549-2299
567,현대,현대자동차 천안시청지점,충남 천안시 서북구 백석로 32,36.822350119975724,127.11539443483086,041-567-8671
568,현대,현대자동차 천안동부대리점,충남 천안시 동남구 버들로 118,36.806180888723276,127.15957596546846,041-557-5800
569,현대,현대자동차 당진지점,충남 당진시 무수동로 88,36.88936089317401,126.63739323235731,041-356-2500
570,현대,현대자동차 충남도청지점,충남 홍성군 홍성읍 도청대로 132,36.616484492649256,126.66481053914966,041-633-8081
571,현대,현대자동차 천안쌍봉대리점,충남 천안시 서북구 불당대로 264,36.799878286977446,127.1251349902987,041-578-4700
572,현대,현대자동차 공주지점,충남 공주시 번영1로 169,36.47443541854277,127.14650319402932,041-853-7601
573,현대,현대자동차 아산배방대리점,충남 아산시 배방읍 북수동로 37,36.774416275767614,127.07491659711177,041-548-0600
574,현대,현대자동차 군산하이테크센터,전북특별자치도 군산시 해망로 570,35.9826306913761,126.679737786411,063-467-4111
575,현대,현대자동차 전주지점,전북특별자치도 전주시 완산구 충경로 89,35.81932521394585,127.14895495044415,063-286-5111
576,현대,현대자동차 블루핸즈 군산대형점,전북특별자치도 군산시 외항로 323,35.96731331451992,126.63402763308545,0502-5554-5607
577,현대,현대자동차 전주공장,전북특별자치도 완주군 봉동읍 완주산단5로 163,35.94918061265845,127.1331389589126,063-260-5114
578,현대,현대자동차 동전주대리점,전북특별자치도 전주시 덕진구 동부대로 586,35.84259285062946,127.16689807414693,063-242-5111
579,현대,현대자동차 서군산지점,전북특별자치도 군산시 월명로 191,35.961046463165516,126.71526067944683,063-465-8111
580,현대,현대자동차 군산지점,전북특별자치도 군산시 문화로 96,35.969438257306,126.71618621609,063-442-7311
581,현대,현대자동차 전주서부지점,전북특별자치도 전주시 완산구 효자로 22,35.82010870913036,127.08840295053989,063-246-5111
582,현대,현대자동차 전주에코시티지점,전북특별자치도 전주시 덕진구 과학로 16,35.8715769320095,127.12215746532208,063-252-5111
583,현대,현대자동차 전주남부지점,전북특별자치도 전주시 완산구 모악로 4665,35.78621938429806,127.12926624791045,063-224-7111
584,현대,현대자동차 신익산대리점,전북특별자치도 익산시 무왕로 1161,35.95936281158363,126.98564459475685,063-855-1900
585,현대,현대자동차 인증중고차 군산센터,전북특별자치도 군산시 개정면 모갱이1길 62,35.9848115124273,126.765416355024,정보 없음
586,현대,현대자동차 정읍지점,전북특별자치도 정읍시 천변로 446,35.55084949868031,126.87170047757714,063-533-5211
587,현대,현대자동차 익산지점,전북특별자치도 익산시 선화로6길 25,35.94828144443256,126.93482780750018,063-852-5111
588,현대,현대자동차 김제지점,전북특별자치도 김제시 동서로 222,35.80193498948712,126.8920107452872,063-544-5111
589,현대,현대자동차 포항하이테크센터,경북 포항시 남구 연일읍 동문로 102,35.99925736126686,129.35383115818382,054-286-2111
590,현대,현대자동차 블루핸즈 경주현대상용서비스,경북 경주시 태종로 266-3,35.8370434957088,129.164759297101,054-701-2323
591,현대,현대자동차 블루핸즈 송도점,경북 포항시 남구 송림로 106,36.03925248777271,129.3748389484989,054-243-8204
592,현대,현대자동차 블루핸즈 용강점,경북 경주시 소금강로19번길 17-2,35.861464591694215,129.22160325987835,054-741-8204
593,현대,현대자동차 블루핸즈 죽변점,경북 울진군 죽변면 울진북로 1552,37.0743790944999,129.40133390197926,054-783-0161
594,현대,현대자동차 칠곡출고센터,경북 칠곡군 왜관읍 현대로 177,35.9886991382249,128.437479636176,054-977-7982
595,현대,현대자동차 블루핸즈 계양점,경북 경산시 원효로 120,35.8222266406555,128.750507476349,053-802-8204
596,현대,현대자동차 블루핸즈 달전점,경북 포항시 북구 소티재로 173,36.06652092911649,129.35071299040837,054-262-8204
597,현대,현대자동차 블루핸즈 청림점,경북 포항시 남구 정몽주로 897,35.9946179822379,129.403477007473,054-292-5020
598,현대,현대자동차 구미동부지점,경북 구미시 산호대로25길 4-4,36.13726363404391,128.4161149319855,054-454-7881
599,현대,현대자동차 김천지점,경북 김천시 영남대로 1676,36.128197524528986,128.11728832254374,054-431-3100
600,현대,현대자동차 왜관지점,경북 칠곡군 왜관읍 중앙로 140,35.98750642698135,128.39972730919087,054-973-3942
601,현대,현대자동차 포항중앙대리점,경북 포항시 북구 중앙로 438,36.0511254952143,129.362223279922,054-249-2491
602,현대,현대자동차 경산지점,경북 경산시 남매공원로1길 17,35.8336712960248,128.742796832265,053-811-2131
603,현대,현대자동차 경주지점,경북 경주시 강변로 642,35.87783100379885,129.21609739288485,054-777-7570
604,현대,현대자동차 블루핸즈 성산현대서비스,경남 창원시 성산구 해원로374번길 5,35.18496207355916,128.70498854147772,055-261-2119
605,현대,현대자동차 서부산하이테크센터,경남 김해시 김해대로 2736,35.2258440848718,128.923890191994,055-320-1472
606,현대,현대자동차 블루핸즈 진해현대서비스,경남 창원시 진해구 죽곡로 136,35.110926485151296,128.72459865780013,055-546-8582
607,현대,현대자동차 블루핸즈 진례점,경남 김해시 진례면 고모로 47,35.2324048241008,128.768105094486,010-3558-7342
608,현대,현대자동차 인증중고차센터 양산,경남 양산시 하북면 삼동로 44,35.4963104799271,129.095061902546,1522-0880
609,현대,현대자동차 창원시청지점,경남 창원시 성산구 중앙대로 110,35.223695682632986,128.6809469397816,055-287-4100
610,현대,현대자동차 마산동부지점,경남 창원시 마산회원구 3.15대로 685,35.23407475074393,128.5787916485357,055-296-0003
611,현대,현대자동차 창원센트럴지점,경남 창원시 성산구 봉양로 397,35.20909300332668,128.6276800207024,055-264-0001
612,현대,현대자동차 마산내서지점,경남 창원시 마산회원구 내서읍 함마대로 2785,35.2503576097635,128.516988325885,055-231-7866
613,현대,현대자동차 창원성주대리점,경남 창원시 성산구 해원로 432,35.18910101202354,128.70821143427358,055-275-7200
614,현대,현대자동차 김해지점,경남 김해시 김해대로2491번길 3,35.2282443983409,128.899043259741,055-336-0310
615,현대,현대자동차 진주시청지점,경남 진주시 동진로 183,35.17992338703271,128.111369925279,055-758-1840
616,현대,현대자동차 창원유니시티지점,경남 창원시 의창구 중동중앙로 79,35.2590756758745,128.626825418174,055-273-8300
617,현대,현대자동차 마산무학대리점,경남 창원시 마산합포구 해안대로 334,35.20141471667465,128.57728300018505,055-243-0005
618,현대,현대자동차 장유대리점,경남 김해시 장유로 396,35.19189545533132,128.81950930747223,055-314-3400
619,현대,현대자동차 제주지점,제주특별자치도 제주시 삼무로 83,33.48996940521199,126.49562447725361,064-742-8701
620,현대,현대자동차 일도대리점,제주특별자치도 제주시 연삼로 526,33.50136925737084,126.54552158438084,064-751-5353
621,현대,현대자동차 제주하이테크센터,제주특별자치도 제주시 조천읍 일주동로 1323,33.5392528501825,126.681471203618,064-784-4111
622,현대,현대자동차 제주번영로지점,제주특별자치도 제주시 연북로 875,33.5036122372234,126.566349342102,064-722-8001
623,현대,현대자동차 제주연북로지점,제주특별자치도 제주시 연북로 454,33.480976905381134,126.53002624410705,064-756-5461
624,현대,현대자동차 서제주대리점,제주특별자치도 제주시 노형로 336,33.48094027296946,126.47295031751608,064-748-0888
625,현대,현대자동차 서귀포지점,제주특별자치도 서귀포시 일주동로 8914,33.2527860645774,126.537689140576,064-797-4579
626,현대,현대자동차 제주북촌대리점,제주특별자치도 제주시 조천읍 북촌14길 2,33.5495980259368,126.698146924352,064-783-2323
627,현대,현대자동차 드라이빙라운지 제주,제주특별자치도 제주시 연북로 875,33.5036095098892,126.566342898518,064-723-7365
628,현대,현대자동차 제주신화대리점,제주특별자치도 서귀포시 안덕면 신화역사로 434,33.30959647579271,126.3339475802608,064-792-3301
629,현대,현대자동차 제주트럭지점,제주특별자치도 제주시 애월읍 평화로 2585,33.4389019866303,126.426117580472,정보 없음
630,현대,현대자동차 제주하귀대리점,제주특별자치도 제주시 애월읍 일주서로 7179,33.48741876063603,126.4153822237036,064-713-7700
631,현대,현대자동차 제주표선대리점,제주특별자치도 서귀포시 표선면 일주동로 6464,33.30761318496332,126.78122719658982,064-787-1530
632,현대,현대자동차 지역법인판매팀지점,제주특별자치도 제주시 삼무로 83,33.489992894226646,126.49563617735322,064-749-0231
633,현대,현대자동차블루핸즈 제주공항현대서비스,제주특별자치도 제주시 서광로 77,33.500448801475244,126.5041621833586,064-743-9114
634,현대,현대남영자동차공업사,서울 강동구 고덕로 62,37.5544898073504,127.131976525307,02-441-2626
635,현대,현대자동차블루핸즈 합성자동차,서울 강북구 도봉로 113,37.61904231314483,127.02877616319012,02-989-4901
636,현대,현대자동차블루핸즈 미아점,서울 강북구 솔샘로 303,37.6180986906571,127.026142312697,02-945-8204
637,현대,현대자동차블루핸즈 관악정비센터,서울 관악구 봉천로 412,37.4825968712886,126.945494404874,02-877-0024
638,현대,현대자동차블루핸즈 봉천점,서울 관악구 남부순환로 1686,37.4838471704366,126.937601541811,02-876-8204
639,현대,현대자동차블루핸즈 서림점,서울 관악구 신림로 171,37.4744035793156,126.93407315767124,02-888-4700
640,현대,현대자동차블루핸즈 난곡점,서울 관악구 난곡로 124-1,37.4663284451746,126.920447762921,02-856-8204
641,현대,현대자동차블루핸즈 구의점,서울 광진구 광나루로50길 9,37.5421933262667,127.093944402731,02-457-3702
642,현대,현대자동차블루핸즈 JS모터스,서울 구로구 가마산로 77,37.4856068258919,126.875073540063,02-851-0003
643,현대,현대자동차블루핸즈 개봉점,서울 구로구 경인로 286,37.4977753306322,126.85202440163494,02-2683-8774
644,현대,현대자동차블루핸즈 오류점,서울 구로구 서해안로 2239,37.4884520211996,126.835235757379,02-2614-9933
645,현대,현대자동차블루핸즈 구로동부점,서울 구로구 시흥대로 527,37.4805571140594,126.89910385984184,02-869-9938
646,현대,현대자동차블루핸즈 온수점,서울 구로구 부일로 847,37.49179366365652,126.82146127863659,02-2066-3900
647,현대,현대자동차블루핸즈 구로남부점,서울 구로구 도림로 43,37.4882553190792,126.889044810485,02-868-0033
648,현대,현대기아삼성자동차,서울 구로구 경인로 100,37.49156481414229,126.83317770729863,정보 없음
649,현대,현대해상 한신자동차공업사,서울 구로구 구로중앙로42길 10,37.5074865104235,126.875598067973,02-2615-7726
650,현대,현대자동차블루핸즈 공릉점,서울 노원구 동일로197길 93,37.6257318267987,127.070305992423,02-948-4508
651,현대,현대자동차블루핸즈 중계점,서울 노원구 노원로26길 31,37.6519544556611,127.069682518461,02-905-8204
652,현대,현대자동차블루핸즈 상계서부점,서울 노원구 수락산로 57,37.666967878294,127.070580623433,02-930-8202
653,현대,현대자동차블루핸즈 창동점,서울 도봉구 도봉로 530,37.65234927454262,127.03754979932202,02-997-8204
654,현대,현대자동차블루핸즈 한양자동차정비,서울 도봉구 도봉로136다길 32,37.6609192068502,127.043411179053,02-903-3900
655,현대,현대자동차블루핸즈 대방점,서울 동작구 상도로 12,37.499734263315275,126.92183839150148,02-817-0015
656,현대,현대자동차블루핸즈 상도점,서울 동작구 상도로 386,37.4945625560816,126.954744816121,02-822-4331
657,현대,현대자동차블루핸즈 현대시트,서울 동작구 등용로 89,37.509252460897436,126.9319976085584,02-713-8530
658,현대,현대자동차블루핸즈 상도중앙점,서울 동작구 상도로 226,37.5050671865072,126.943790661953,02-813-8204
659,현대,현대자동차남부사업소 연수원,서울 동작구 노량진로 53,37.5139485391243,126.932074787576,정보 없음
660,현대,현대그린푸드 현대자동차남부하이테크센터,서울 동작구 노량진로 53,37.5139399192799,126.934358499049,정보 없음
661,현대,남부현대차서비스,서울 동작구 보라매로5가길 24,37.4906904386566,126.923954413761,정보 없음
662,현대,현대자동차블루핸즈 용강점,서울 마포구 토정로 270,37.5423738327036,126.939616718821,02-711-9228
663,현대,현대자동차블루핸즈 상암현대서비스,서울 마포구 모래내로3길 19,37.5656464910218,126.9040611958,02-374-6437
664,현대,현대자동차블루핸즈 염리점,서울 마포구 백범로25길 49,37.5480177348726,126.947230239692,02-701-5705
665,현대,현대자동차블루핸즈 충정로점,서울 서대문구 경기대로9길 70,37.564435490138,126.960502281101,02-313-8204
666,현대,현대자동차블루핸즈 연희점,서울 서대문구 연희맛로 3-1,37.5659483973892,126.92827198108586,02-332-8204
667,현대,현대자동차블루핸즈 홍제점,서울 서대문구 홍제내길 76,37.5857998351555,126.935800134201,02-6083-8200
668,현대,현대자동차블루핸즈 북가좌점,서울 서대문구 수색로 145,37.575203822350986,126.90465004494514,02-308-9993
669,현대,현대자동차블루핸즈 남가좌동부점,서울 서대문구 모래내로 255,37.5763124943242,126.926724718388,02-304-9434
670,현대,현대자동차블루핸즈 안암점,서울 성북구 안암로 107,37.5852832978851,127.031533619855,02-922-0700
671,현대,현대자동차블루핸즈 월곡점,서울 성북구 화랑로 183,37.60768975604457,127.05052418902578,02-943-8204
672,현대,현대자동차블루핸즈 성북삼선교점,서울 성북구 성북로 38,37.5913168911643,127.003804449125,02-763-8204
673,현대,현대자동차대리점협회,서울 용산구 청파로 349,37.5507645685661,126.969291199177,02-3473-0393
674,현대,현대자동차블루핸즈 역촌점,서울 은평구 진흥로 49,37.6015756825976,126.920186200401,02-352-8272
675,현대,현대자동차블루핸즈 구산점,서울 은평구 서오릉로 239,37.6159102998494,126.907666436108,02-363-8204
676,현대,현대자동차블루핸즈 녹번점,서울 은평구 진흥로 126,37.60734472861364,126.92430014115507,02-389-0404
677,현대,현대자동차블루핸즈 응암점,서울 은평구 응암로12길 23-9,37.5874152130017,126.919467646119,02-354-4614
678,현대,현대자동차블루핸즈 불광점,서울 은평구 연서로 303,37.62282818460291,126.9271174612277,02-355-0404
679,현대,현대자동차블루핸즈 녹번서부점,서울 은평구 통일로 661,37.60559980865994,126.93378540386517,02-354-8186
680,현대,현대모비스 명서자동차부품,서울 은평구 가좌로 198,37.5883344312659,126.919770093679,02-302-0333
681,현대,현대해상 은평자동차공업사,서울 은평구 서오릉로 250,37.6167795109829,126.90735727718,02-383-4660
682,현대,현대자동차블루핸즈 종로필운점,서울 종로구 사직로8길 3,37.5755131560056,126.969358017594,02-725-8204
683,현대,현대자동차블루핸즈 종로옥인점,서울 종로구 자하문로 73,37.582595206591,126.970288002145,02-738-8204
684,현대,현대자동차그룹 계동사옥,서울 종로구 율곡로 75,37.5780392429521,126.987384151357,1577-7755
685,현대,현대차증권 종로지점,서울 종로구 삼일대로 451,37.57471629037215,126.98661153879637,02-776-8260
686,현대,현대해상 자동차보상기획파트,서울 종로구 세종대로 163,37.5709610986538,126.976166407762,02-3701-8550
687,현대,현대차정몽구재단,서울 종로구 율곡로 75,37.578035646215,126.987452076486,02-746-0001
688,현대,현대자동차블루핸즈 중화점,서울 중랑구 동일로 828,37.6044916357405,127.079295976043,02-496-9972
689,현대,현대자동차블루핸즈 신내점,서울 중랑구 봉화산로 226,37.60769603813473,127.09785918791167,02-495-8664
690,현대,현대자동차블루핸즈 면목동부점,서울 중랑구 동일로 596,37.5835736290485,127.080165924595,02-491-8272
691,현대,현대자동차블루핸즈 천천점,경기 수원시 장안구 일월로66번길 16,37.2888730047177,126.978505490638,031-292-8297
692,현대,현대자동차블루핸즈 영통중앙현대서비스,경기 수원시 영통구 매영로 261,37.257961769958,127.065832432483,031-204-0123
693,현대,현대자동차블루핸즈 궁내점,경기 성남시 분당구 대왕판교로 301,37.3707461513659,127.101366428242,031-712-6073
694,현대,현대자동차블루핸즈 분당현대서비스,경기 성남시 분당구 돌마로 569,37.383871232232,127.138009177018,031-707-5033
695,현대,현대자동차블루핸즈 성도모터스,경기 고양시 일산동구 백마로 488,37.66206391006272,126.8025818257297,031-907-1883
696,현대,현대자동차블루핸즈 일산점,경기 고양시 일산서구 고양대로 605,37.6869932179776,126.764383979186,031-975-1265
697,현대,현대자동차블루핸즈 동탄현대서비스,경기 용인시 기흥구 공세로 25,37.2297356259456,127.10362487408794,031-275-5100
698,현대,현대자동차블루핸즈 상동점,경기 부천시 원미구 장말로 174,37.4931329357058,126.761000366575,032-611-5400
699,현대,현대자동차블루핸즈 도당점,경기 부천시 원미구 부천로 257,37.50707629994431,126.78558232884829,032-667-8272
700,현대,현대자동차블루핸즈 신흥현대서비스,경기 부천시 오정구 신흥로 384,37.51816349618,126.775590673583,032-682-5805
701,현대,현대자동차블루핸즈 선부점,경기 안산시 단원구 화정천서로2안길 1,37.3425186040606,126.817417403075,031-482-4300
702,현대,현대자동차블루핸즈 해안현대서비스,경기 안산시 상록구 선진6길 26,37.281356392193615,126.8458943321223,031-407-5333
703,현대,현대자동차블루핸즈 박달현대서비스,경기 안양시 만안구 박달로275번길 41,37.40605264511029,126.88476907120248,031-442-3113
704,현대,현대자동차블루핸즈 시민대로현대서비스,경기 안양시 동안구 벌말로 91,37.3964789633664,126.9683965787,031-421-6900
705,현대,현대자동차블루핸즈 박달점,경기 안양시 만안구 양화로151번길 10,37.4059766094715,126.908019554385,031-448-0951
706,현대,현대자동차블루핸즈 한근자동차공업,경기 안양시 동안구 시민대로 367,37.39692922895431,126.97095322826907,031-421-3385
707,현대,현대자동차블루핸즈 평촌중부점,경기 안양시 동안구 흥안대로 366,37.3869509109131,126.973098033748,031-426-8254
708,현대,현대자동차블루핸즈 만안현대서비스,경기 안양시 만안구 박달로 473,37.40270793575228,126.90489163481787,031-447-8400
709,현대,현대자동차블루핸즈 도농점,경기 남양주시 가운로 9,37.60539527341567,127.1588339189734,031-558-8204
710,현대,현대자동차블루핸즈 평내현대써비스,경기 남양주시 경춘로 1319,37.6513411919362,127.238463213808,031-595-3663
711,현대,현대기아자동차 남양기술연구소,경기 화성시 만세구 남양읍 현대연구소로 150,37.158784106522354,126.8161726477602,031-368-5114
712,현대,현대자동차블루핸즈 발안점,경기 화성시 만세구 향남읍 발안만세길 67,37.1296388507345,126.90008590948,031-354-8204
713,현대,현대자동차블루핸즈 동탄중부점,경기 화성시 동탄구 동탄대로14길 5-3,37.18515067384031,127.10163365015751,031-378-6003
714,현대,현대자동차블루핸즈 능동점,경기 화성시 동탄구 동탄하나2길 10,37.21423951428361,127.06229064628614,031-613-4442
715,현대,현대자동차블루핸즈 화성중앙현대서비스,경기 화성시 병점구 안녕길 21-10,37.205145853706156,126.99003626905939,031-221-5833
716,현대,현대자동차블루핸즈 현대남양서비스,경기 화성시 만세구 마도면 화성로 881,37.204814613893454,126.78522381445005,031-366-9932
717,현대,현대자동차블루핸즈 남양점,경기 화성시 만세구 남양읍 수작이길 115,37.2131326652626,126.814859073473,031-355-9800
718,현대,현대자동차블루핸즈 신천점,경기 시흥시 수인로3409번길 65,37.4360278833853,126.780042874259,031-313-2040
719,현대,현대자동차블루핸즈 장곡점,경기 시흥시 황고개로 476,37.3734903007147,126.790655237988,031-404-3153
720,현대,현대자동차블루핸즈 시화현대서비스,경기 시흥시 군자천로 271,37.3419514094949,126.730030736083,031-497-5555
721,현대,현대자동차블루핸즈 거모점,경기 시흥시 군자로 532,37.3429887996602,126.786142284796,031-493-4946
722,현대,현대자동차블루핸즈 정왕점,경기 시흥시 중심상가로 48,37.3521606649635,126.723280843755,031-488-8217
723,현대,현대자동차블루핸즈 정왕중부점,경기 시흥시 평안상가5길 15-1,37.33621203846207,126.74724182558546,031-431-5149
724,현대,현대자동차블루핸즈 죽율점,경기 시흥시 죽율로 141-6,37.355908659228845,126.76479524023631,031-497-8700
725,현대,현대자동차블루핸즈 목감점,경기 시흥시 수인로 2331-17,37.386667376983105,126.86145159073924,031-484-8285
726,현대,현대자동차블루핸즈 정왕북부점,경기 시흥시 함송로13번길 14,37.364674310452706,126.73118657829714,031-432-4233
727,현대,현대자동차블루핸즈 문산점,경기 파주시 파주읍 충현로 42-8,37.849326569346715,126.79345181985278,031-952-7304
728,현대,현대자동차블루핸즈 금촌점,경기 파주시 평화로 4,37.75841282804102,126.77342568610466,031-945-6622
729,현대,현대자동차블루핸즈 가학점,경기 광명시 서독로 170,37.4155326643313,126.858570989164,02-2689-8278
730,현대,현대자동차블루핸즈 광명남부점,경기 광명시 범안로 649,37.4421935240778,126.845448700126,02-2619-0050
731,현대,남경현대자동차,경기 광명시 오리로 1026-4,37.4811192935184,126.849863869538,정보 없음
732,현대,현대자동차블루핸즈 풍무점,경기 김포시 풍무로146번길 78,37.60749398739975,126.72784737056448,031-998-8204
733,현대,현대자동차블루핸즈 통진현대서비스,경기 김포시 통진읍 서암고정로 196,37.7023527584121,126.608714248207,031-986-0335
734,현대,현대자동차블루핸즈 김포카독크,경기 김포시 조리미로 17,37.615194861986,126.7240295093351,031-983-4891
735,현대,현대자동차블루핸즈 사우점,경기 김포시 중구로 14,37.6225850368244,126.711348274937,031-997-1900
736,현대,현대자동차블루핸즈 양촌점,경기 김포시 양촌읍 양곡4로 40,37.6529735106654,126.620982074935,031-996-1611
737,현대,현대자동차블루핸즈 장기점,경기 김포시 김포한강2로24번길 78-19,37.646249531345006,126.67668226550656,031-989-8242
738,현대,현대자동차블루핸즈 석모점,경기 김포시 양촌읍 김포한강4로 260,37.6516747805757,126.654589921885,031-982-8904
739,현대,현대자동차블루핸즈 학운점,경기 김포시 양촌읍 황금로23번길 18-24,37.61929152604502,126.62957584209657,031-981-8206
740,현대,현대자동차블루핸즈 김포서부현대서비스,경기 김포시 대곶면 초원로 86,37.6543746077447,126.596819095797,031-987-6867
741,현대,현대자동차 학동대리점,전남광주통합특별시 동구 남문로 576,35.12265144556364,126.93294369013256,062-225-5280
742,현대,현대자동차 무선대리점,전남광주통합특별시 여수시 성산로 12,34.77318660278564,127.63920566241461,061-686-1400
743,현대,현대자동차 첨단대리점,전남광주통합특별시 광산구 임방울대로 785,35.2183303206781,126.84442869103505,062-972-8211
744,현대,현대자동차 여천지점,전남광주통합특별시 여수시 선소로 118,34.762733363588545,127.66934909831119,061-685-4111
745,현대,현대자동차 목포지점,전남광주통합특별시 목포시 남악로 123,34.8056338267907,126.45202393671595,061-242-4100
746,현대,현대자동차블루핸즈 원동점,경기 오산시 남부대로 323,37.1360680503078,127.070993810867,031-373-6660
747,현대,현대자동차블루핸즈 청학점,경기 오산시 청학로 66,37.15482146780352,127.06532750742608,031-372-8288
748,현대,현대자동차블루핸즈 고현점,경기 오산시 동부대로338번길 13,37.132665822349,127.079239859481,031-666-0014
749,현대,현대자동차블루핸즈 이천증포점,경기 이천시 증신로 170,37.2906226293506,127.450712739205,031-634-5171
750,현대,현대자동차블루핸즈 부발신하점,경기 이천시 부발읍 경충대로 2170,37.2576205195382,127.485131704704,031-638-8885
751,현대,현대자동차블루핸즈 옥정현대서비스,경기 양주시 율정로 257-14,37.8176104775795,127.103836974439,031-857-5580
752,현대,현대자동차블루핸즈 회정점,경기 양주시 평화로 1807,37.850384331737594,127.0545104737375,031-859-8888
753,현대,현대자동차블루핸즈 은현점,경기 양주시 은현면 화합로 976,37.8586931187915,127.028286129183,031-859-2556
754,현대,현대자동차블루핸즈 양주현대서비스,경기 양주시 광적면 부흥로 931,37.8106465988116,126.993272602009,031-836-1101
755,현대,현대자동차블루핸즈 오산점,경기 양주시 백석읍 권율로 1385,37.80717145829554,126.97756465690314,031-826-7474
756,현대,현대자동차블루핸즈 광적점,경기 양주시 광적면 부흥로 947,37.80974300165745,126.99451389877638,031-836-8804
757,현대,현대자동차블루핸즈 양주자동차정비공업사,경기 양주시 평화로 1617,37.8332307465061,127.053258514195,031-858-1748
758,현대,현대자동차블루핸즈 양주샘내점,경기 양주시 평화로 1307,37.8076863592846,127.04576809882,031-843-2880
759,현대,현대모비스 대맥자동차부품,경기 양주시 평화로1970번길 230,37.85666723475004,127.06411930184994,031-858-0083
760,현대,현대자동차 정비공업사,경기 안성시 공도읍 용머리큰길 33-16,37.0066192517556,127.165821779777,정보 없음
761,현대,광혜원 현대자동차정비,경기 안성시 죽산면 걸미로 69-5,37.0134780752301,127.435016346624,정보 없음
762,현대,현대자동차블루핸즈 구리중앙현대서비스,경기 구리시 경춘로162번길 7,37.600281221332345,127.13339021850771,031-562-4488
763,현대,현대자동차블루핸즈 토평점,경기 구리시 벌말로 122,37.5873672455598,127.148537729591,031-564-9940
764,현대,현대자동차블루핸즈 구리현대자동차공업사,경기 구리시 아차산로 399,37.5907078143972,127.130505099623,031-565-9191
765,현대,현대해상 협신자동차공업사,경기 구리시 경춘로162번길 7,37.6002929188161,127.133403828332,031-562-4488
766,현대,현대자동차블루핸즈 선진1급정비공업,경기 포천시 일동면 화동로 790,37.935485939807585,127.30890802419381,031-531-0808
767,현대,현대자동차모터스,경기 포천시 신북면 호국로 1983,37.92773761842937,127.22189608225843,031-533-5500
768,현대,현대해상 한양자동차공업사,경기 포천시 소흘읍 호국로 483,37.8163835554133,127.134790024367,010-4914-8800
769,현대,한국현대 자동차운전학원,경기 포천시 소흘읍 솔모루로 71-6,37.8282798168956,127.146093288892,정보 없음
770,현대,현대자동차 범천대리점,부산 부산진구 중앙번영로 30,35.144717687798114,129.0624499352898,051-711-2905
771,현대,현대자동차 광안대리점,부산 수영구 광남로 97-1,35.15083661796556,129.11470503005953,051-752-8201
772,현대,현대자동차 충렬대리점,부산 동래구 반송로 233,35.2016567154837,129.098354995548,051-784-8400
773,현대,현대자동차 덕포대리점,부산 사상구 운산로 48,35.1677425845736,128.981593272107,051-312-8866
774,현대,현대자동차 망미대리점,부산 수영구 연수로 359,35.171254186259446,129.109890198756,051-751-0045
775,현대,현대자동차 토곡대리점,부산 연제구 과정로 159,35.185661321909585,129.10691479714936,051-864-9595
776,현대,현대자동차 본리대리점,대구 달서구 구마로 75,35.837717147823625,128.53582423496837,053-524-1122
777,현대,현대자동차 반야월대리점,대구 동구 안심로 241,35.8662704675221,128.711331352202,053-963-5858
778,현대,현대자동차 황금대리점,대구 수성구 청수로 61,35.84090580384224,128.61503438975777,053-765-1141
779,현대,현대자동차 동신대리점,대구 동구 효신로 42,35.87579697425996,128.63376576734407,053-959-8204
780,현대,현대자동차 태전지점,대구 북구 칠곡중앙대로 368,35.9283639066109,128.548017178937,053-322-4200
781,현대,현대자동차 들안로대리점,대구 수성구 들안로 249,35.8522318595228,128.616673174109,053-766-6658
782,현대,현대자동차 고산대리점,대구 수성구 달구벌대로 3080,35.8426900695443,128.693885805734,053-793-9300
783,현대,현대자동차 신평리대리점,대구 서구 국채보상로 274,35.87124730761474,128.56098390861737,053-557-0008
784,현대,현대자동차 희망로대리점,대구 수성구 희망로 213,35.84654098522703,128.62223337590487,053-763-1500
785,현대,현대자동차 미추홀대리점,인천 미추홀구 송림로 255,37.4753116033667,126.661345238258,032-207-7100
786,현대,현대자동차 남구대리점,인천 미추홀구 한나루로 387,37.4425577401751,126.66340943594497,032-865-8700
787,현대,현대자동차 엑스포대리점,대전 유성구 대덕대로 538,36.38098795831773,127.37883850433987,042-861-3737
788,현대,현대자동차 대전충남지역본부,대전 동구 동서대로 1644,36.3473469042528,127.432787592332,042-627-9070
789,현대,현대자동차 두왕대리점,울산 남구 두왕로 118,35.513928646210346,129.30972532829267,052-256-8899
790,현대,현대자동차 태백지점,강원특별자치도 태백시 황지로 74,37.165321479434574,128.99175740734677,033-553-5311
791,현대,현대자동차 평창지점,강원특별자치도 평창군 진부면 진부중앙로 88,37.63895152426623,128.56034169052,033-335-3663
792,현대,현대자동차 호반대리점,강원특별자치도 춘천시 동면 서부대성로 446,37.87317867033399,127.76528097772486,033-241-9912
793,현대,현대자동차 북원대리점,강원특별자치도 원주시 원문로 341,37.359704673014,127.918560836485,033-733-5511
794,현대,현대자동차 화천대리점,강원특별자치도 화천군 화천읍 노신로 59,38.1167972536586,127.699873998348,033-442-1804
795,현대,현대자동차 교현대리점,충북 충주시 계명대로 266,36.9823491843305,127.944171867901,043-855-3600
796,현대,현대자동차 연수대리점,충북 충주시 번영대로 77,36.9875659659818,127.926138965615,043-854-2100
797,현대,현대자동차 단양대리점,충북 단양군 단양읍 삼봉로 270,36.9807928605116,128.36879158038178,0503-7153-7842
798,현대,현대자동차 음성대리점,충북 음성군 음성읍 예술로 86-4,36.931887018295626,127.68188698594959,043-873-5000
799,현대,현대자동차 신관대리점,충남 공주시 한적2길 27-16,36.476837367070786,127.13866441226615,041-852-0114
800,현대,현대자동차 서령대리점,충남 서산시 서해로 3629,36.7846155527822,126.473978233147,041-669-9700
801,현대,현대자동차 서산지점,충남 서산시 중앙로 221,36.77061521151893,126.47177100907595,041-666-0511
802,현대,현대자동차 온양충무대리점,충남 아산시 신정로 757,36.78402899194761,126.9885820281773,041-534-3400
803,현대,현대자동차 부여지점,충남 부여군 부여읍 석탑로 55-1,36.28109444533961,126.91244135364404,041-834-9971
804,현대,현대자동차 충남트럭지점,충남 아산시 환경공원로 51,36.796216531333286,126.98825864608223,041-549-6875
805,현대,현대자동차 금암대리점,전북특별자치도 전주시 덕진구 백제대로 679,35.844219475979884,127.14326321025378,063-274-3000
806,현대,현대자동차 남전주대리점,전북특별자치도 전주시 완산구 쑥고개로 378,35.803701968172625,127.1064139797711,063-224-8888
807,현대,현대자동차 익산하나로지점,전북특별자치도 익산시 하나로 491,35.964150327994695,126.98023379738083,063-842-5111
808,현대,현대자동차 군산중앙대리점,전북특별자치도 군산시 번영로 93,35.96955736056333,126.73152082983579,063-445-0111
809,현대,현대자동차 신라대리점,경북 경주시 원화로 298-1,35.8473661627882,129.217645099784,054-773-3600
810,현대,현대자동차 금오대리점,경북 구미시 새마을로 200-1,36.10301980848912,128.35844783210752,054-452-0066
811,현대,현대자동차 도량대리점,경북 구미시 야은로 265,36.139757422772966,128.3123015790992,054-455-6262
812,현대,현대자동차 송현대리점,경북 안동시 경북대로 537,36.57670315313043,128.69764344236197,054-858-6622
813,현대,현대자동차 정상대리점,경북 안동시 강남로 412,36.55161262353941,128.7455836708081,054-821-5600
814,현대,현대자동차 진보지점,경북 청송군 진보면 진안로 4,36.52666652643442,129.0447767718155,054-874-3513
815,현대,현대자동차 포항영일대지점,경북 포항시 북구 새천년대로 1230,36.0729936603291,129.38222718001,054-232-4566
816,현대,현대자동차 연일대리점,경북 포항시 남구 연일읍 연일중앙로 8,35.99745122019712,129.34466227934948,054-285-1104
817,현대,현대자동차 영천지점,경북 영천시 무궁화길 20,35.97272110774411,128.93599682444292,054-332-2333
818,현대,현대자동차 물금대리점,경남 양산시 물금읍 황산로 611,35.32686393798546,129.00155842335457,055-372-2001
819,현대,현대자동차 경화대리점,경남 창원시 진해구 태평로 38,35.14559680834942,128.66322749994043,055-547-9300
820,현대,현대자동차 내동대리점,경남 창원시 성산구 연덕로184번길 48,35.21645395958902,128.67056261168634,055-264-3434
821,현대,현대자동차 진영지점,경남 김해시 진영읍 장등1로31번길 4-30,35.3143402104649,128.739704086588,055-343-5391
822,현대,현대자동차 통영지점,경남 통영시 북신로 22,34.852200728825956,128.42815631931052,055-644-8204
823,현대,현대자동차 팔용대리점,경남 창원시 의창구 의창대로 46-1,35.2555925295374,128.60651970601,055-265-7776
824,현대,현대자동차 합포대리점,경남 창원시 마산합포구 월영동서로 3,35.17845483703824,128.55988116349923,055-247-8999
825,현대,현대자동차 양산지점,경남 양산시 물금읍 증산역로 163,35.30936436297775,129.0074880005691,055-383-2324
826,현대,현대자동차 용마대리점,경남 창원시 마산회원구 3.15대로 482,35.2173584544195,128.575694849103,055-248-0089
827,현대,현대자동차블루핸즈 아라점,제주특별자치도 제주시 아봉로 11,33.478420793249,126.545228306627,064-759-8272
828,현대,현대자동차블루핸즈 중대구현대서비스,대구 남구 봉덕로 32,35.84468238574973,128.59385506959455,053-471-6611
829,현대,현대자동차 동촌지점,대구 동구 공항로 304,35.89210429061521,128.64311651897935,053-982-4842
830,현대,현대 모터스튜디오 고양,경기 고양시 일산서구 킨텍스로 217-6,37.6662718342312,126.747493660628,1899-6611
831,현대,현대차 헤리티지 전시장,울산 북구 염포로 601,35.5381422618819,129.388178318138,정보 없음
832,현대,현대자동차 충북지역본부,충북 청주시 흥덕구 직지대로 257,36.6466674470069,127.421341151087,043-232-3281
833,현대,현대자동차 청주종합전시장,충북 청주시 흥덕구 직지대로 257,36.6472186978707,127.421409014951,043-232-3271
834,현대,현대자동차 금산지점,충남 금산군 금산읍 금산로 1494,36.10693328207964,127.48989725287197,041-751-1821
835,현대,현대자동차 문경지점,경북 문경시 모전로 51,36.5860839486067,128.19165688700554,054-555-7703
836,현대,현대자동차 진주중부지점,경남 진주시 진양호로 509,35.192351309780264,128.08121406632202,055-745-6900
837,현대,현대자동차 동읍대리점,경남 창원시 의창구 동읍 동읍로 158,35.2893471013525,128.67785175176,055-291-7777
838,기아,기아 압구정지점,서울 강남구 압구정로 417,37.527530284368524,127.0428982070538,02-556-3933
839,기아,기아 대치지점,서울 강남구 영동대로 324,37.50352465844796,127.06662083093676,02-553-2884
840,기아,기아 도곡지점,서울 강남구 도곡로 313,37.4956634109299,127.05015234515,02-579-9631
841,기아,기아 우리들대리점,서울 강남구 언주로 560,37.507707465250874,127.03988176107669,02-511-0119
842,기아,기아 강남영동지점,서울 강남구 강남대로 580,37.51358783207266,127.02071272518161,02-540-5915
843,기아,기아 대치갤러리지점,서울 강남구 남부순환로 2941,37.4942280020563,127.061785148651,02-501-2319
844,기아,기아 강남지점,서울 강남구 언주로 804,37.522198381425305,127.03387924213746,02-542-3176
845,기아,기아 국내사업본부,서울 강남구 압구정로 417,37.5274968562283,127.043148207665,02-510-9114
846,기아,기아 서초지점,서울 서초구 강남대로 291,37.48919163221426,127.03143438399529,02-3473-1011
847,기아,기아 삼전대리점,서울 송파구 백제고분로 182,37.5044179132345,127.08687150971,02-422-0057
848,기아,기아 잠실지점,서울 송파구 올림픽로 98,37.511478415936296,127.0814912790882,02-2202-1831
849,기아,기아 동산로대리점,서울 서초구 동산로 30,37.47031378507341,127.04262470266585,02-3463-4500
850,기아,기아 역삼대리점,서울 서초구 사임당로 90,37.48979243717984,127.01972127649826,02-511-0011
851,기아,기아 본사,서울 서초구 헌릉로 12,37.4642212494657,127.04234317587624,02-3464-1114
852,기아,기아 송파지점,서울 송파구 송파대로 422,37.5048365983744,127.10797134759058,02-419-5617
853,기아,기아 강동지점,서울 강동구 양재대로 1395,37.53066983137381,127.1369577745114,02-477-1101
854,기아,기아 길동지점,서울 강동구 천호대로 1186,37.53396925521996,127.14307114869531,02-479-1212
855,기아,기아 명일대리점,서울 강동구 양재대로 1504,37.5397156331293,127.14098886220172,02-478-6006
856,기아,기아 고덕대리점,서울 강동구 고덕로 104,37.55448431487572,127.13680216209967,02-441-8899
857,기아,기아 영파대리점,서울 강동구 올림픽로 610,37.53579480399086,127.12296449749546,02-477-8182
858,기아,기아 둔촌대리점,서울 강동구 양재대로 1299,37.52234094637515,127.13383844646208,02-478-4080
859,기아,기아 남부FLEET지점,서울 강동구 양재대로 1395,37.5306482047772,127.13695999768353,02-478-4601
860,기아,기아오토큐 강동종합서비스,서울 강동구 성내로 60,37.5279991533882,127.126558341824,02-477-1123
861,기아,기아오토큐 성내점,서울 강동구 성안로 11,37.5250302797624,127.12912357908145,02-473-7784
862,기아,기아오토큐 천호점,서울 강동구 천중로 23,37.5457940638038,127.124712248017,02-477-8572
863,기아,기아오토큐 길동점,서울 강동구 양재대로 1523,37.5418616299187,127.141142264748,02-474-8585
864,기아,기아오토큐 강일점,서울 강동구 상일로 134,37.5590376450654,127.171538233285,02-429-8211
865,기아,기아오토큐 서하남서비스,경기 하남시 초광산단동로 6,37.5282903209215,127.172673787582,02-428-4227
866,기아,한강자동차공업사 기아카크리닉,서울 광진구 아차산로76길 10,37.5476887439815,127.10741752732,정보 없음
867,기아,기아 수유대리점,서울 강북구 삼양로 258,37.626411754143916,127.01844212508654,02-998-3381
868,기아,기아 우이대리점,서울 강북구 삼양로 491,37.64702052303306,127.0146285997569,02-900-0051
869,기아,기아 강북지점,서울 강북구 도봉로 308,37.63565940945055,127.02383724780161,02-907-0051
870,기아,기아 쌍문대리점,서울 도봉구 도봉로 451,37.64615550218166,127.03289980351391,02-995-5555
871,기아,기아 방학대리점,서울 도봉구 방학로 164,37.66266391997149,127.03390217740113,02-956-1110
872,기아,기아 창동지점,서울 도봉구 도봉로 637,37.6613342475319,127.041779412515,02-999-4231
873,기아,기아 상계지점,서울 노원구 노해로 467,37.65433676548535,127.05961370671557,02-933-0051
874,기아,기아 성북중앙지점,서울 성북구 종암로 167,37.6049826972264,127.031079880373,02-942-0400
875,기아,기아 동부FLEET지점,서울 노원구 공릉로63길 13,37.63488211120864,127.07052307315939,02-990-9912
876,기아,기아 장위대리점,서울 성북구 한천로 611,37.61332015647801,127.05989807990206,02-943-0276
877,기아,기아 노원지점,서울 노원구 덕릉로 587,37.65083601104664,127.071727995307,02-934-8070
878,기아,기아 한마음대리점,서울 도봉구 도봉로 801,37.675877825442704,127.04437094983287,02-955-1145
879,기아,기아 하계대리점,서울 노원구 한글비석로 127,37.639427977990174,127.07569727643872,02-978-8855
880,기아,기아 도봉서비스센터,서울 도봉구 도봉로180나길 48,37.683459031017,127.050185552588,02-3493-8585
881,기아,기아 마들대리점,서울 노원구 한글비석로 471,37.664211817386516,127.06583934079586,02-952-4200
882,기아,기아 강서서비스센터,서울 강서구 양천로 542,37.55835206718371,126.85917295991962,02-2635-8585
883,기아,기아 강서플래그십스토어,서울 강서구 양천로 542,37.55858777638074,126.85887825345581,02-3661-5542
884,기아,기아 마곡센트럴지점,서울 강서구 공항대로 200,37.55907165274687,126.82954707257811,02-2652-5660
885,기아,기아 공항지점,서울 강서구 방화대로 303,37.56773012314369,126.81626918880625,02-2667-0123
886,기아,기아 양서대리점,서울 양천구 등촌로 68,37.53616663670778,126.86364994028455,02-2643-1661
887,기아,기아 신화대리점,서울 양천구 남부순환로 370,37.5341097432667,126.82908910934957,02-2699-8985
888,기아,기아 남부법원대리점,서울 양천구 신월로 356,37.521798456001534,126.86063309816947,02-2646-7888
889,기아,기아 신정대리점,서울 양천구 중앙로 249,37.51847925956998,126.8532730656728,02-2690-5600
890,기아,기아 목동지점,서울 양천구 오목로 344,37.52408385461482,126.87556485781354,02-2646-6888
891,기아,기아 신월지점,서울 양천구 남부순환로 578,37.51719026719557,126.83901059992121,02-2608-3161
892,기아,기아 양화대리점,서울 영등포구 양평로 93,37.53622813148099,126.89673320493861,02-2678-0991
893,기아,기아 선유로대리점,서울 영등포구 선유로 146,37.52677645787256,126.89151397374053,02-2675-5333
894,기아,기아 상암지점,서울 마포구 월드컵북로 295,37.5735485092603,126.89796086195433,02-312-3754
895,기아,기아 당산지점,서울 영등포구 영등포로 147,37.52129073574665,126.89812256792464,02-2672-3101
896,기아,기아 DMC수색지점,서울 은평구 수색로 217,37.5797642644679,126.89877202101171,02-375-0235
897,기아,기아 숭실대대리점,서울 동작구 상도로 336,37.49821939350456,126.95159313850556,02-815-9600
898,기아,기아 사당지점,서울 동작구 사당로 272,37.48379494296194,126.9780981418586,02-587-1691
899,기아,기아 신풍지점,서울 영등포구 여의대방로 65,37.4967749939307,126.913554627008,02-702-0077
900,기아,기아 대림대리점,서울 동작구 대림로 54,37.48829655315321,126.90764734330912,02-846-8444
901,기아,기아 시흥서비스센터,서울 금천구 시흥대로51길 20,37.452285649935135,126.89858353916925,02-804-8585
902,기아,기아 가리봉테크노대리점,서울 구로구 디지털로27길 36,37.48347933938724,126.89224934220448,02-866-0333
903,기아,기아 독산대리점,서울 금천구 벚꽃로 40,37.46101474300886,126.89557756435079,02-892-7788
904,기아,기아 금천지점,서울 금천구 시흥대로51길 20,37.451380306379654,126.89984489365003,02-808-1011
905,기아,기아 여의도지점,서울 영등포구 여의대방로67길 10,37.51979987716775,126.93090435315702,02-782-7321
906,기아,기아 남태령대리점,경기 과천시 과천대로 628,37.4493151431676,126.994463479542,02-504-7894
907,기아,기아 신길지점,서울 영등포구 신길로 200,37.51003489291636,126.91086554180161,02-848-0272
908,기아,기아 가산대리점,서울 금천구 디지털로 203,37.47879283680718,126.8889446145078,02-830-7070
909,기아,기아 서광대리점,서울 영등포구 대림로 252,37.503065702367586,126.89659342246028,02-831-7111
910,기아,기아 용산지점,서울 용산구 한강대로 69,37.5270022690764,126.96523729986909,02-792-0011
911,기아,기아 신구로지점,서울 구로구 가마산로 232,37.49378893986143,126.88676145125719,02-839-7451
912,기아,기아 광진지점,서울 광진구 자양로 90,37.5358396062983,127.084215126279,02-458-9016
913,기아,기아 성수지점,서울 광진구 아차산로 187,37.54228974470052,127.06435376791663,02-462-9971
914,기아,기아 중곡대리점,서울 광진구 능동로 374,37.5625462388907,127.082742094409,02-498-0008
915,기아,기아 구의지점,서울 광진구 광나루로 513,37.54521182739027,127.08667440404241,02-444-3080
916,기아,기아 성동서비스센터,서울 성동구 성수이로26길 61,37.5450855300207,127.0643821974,02-498-8585
917,기아,기아 성동드라이빙센터,서울 성동구 성수이로26길 61,37.5450674927682,127.064413866029,02-466-5421
918,기아,기아 성동지점,서울 성동구 천호대로 424,37.56097371027838,127.06604266022983,02-2244-7799
919,기아,기아 다온대리점,서울 구로구 부광로 96-5,37.4762009824502,126.817434101877,02-6953-5085
920,기아,기아 신도림드라이빙센터,서울 구로구 새말로 97,37.50730994205552,126.8901668474632,02-3665-5421
921,기아,기아 선진대리점,서울 구로구 개봉로 49,37.49010793966529,126.85580717422273,02-2618-0808
922,기아,기아 구로역대리점,서울 구로구 경인로 548,37.50202623694173,126.87888907534658,02-2636-8100
923,기아,기아 개봉지점,서울 구로구 경인로 319,37.497538408153666,126.85570015805399,02-2686-4231
924,기아,기아 서부FLEET지점,서울 구로구 경인로 590,37.504418334496364,126.88238553937491,02-855-2943
925,기아,기아 광명지점,경기 광명시 철산로 11,37.47614932156161,126.86716309662619,02-2681-0707
926,기아,기아 보라매대리점,서울 영등포구 경인로 711,37.51178950984985,126.89286468053177,02-836-8808
927,기아,기아 소하대리점,경기 광명시 오리로 639,37.45837206226582,126.87771621556061,02-897-8451
928,기아,기아 광명출고센터,경기 광명시 기아로 113,37.4391650699498,126.89344741087,02-801-3081
929,기아,기아 직원자동차정비소,경기 광명시 충현로 42,37.4354141881407,126.884848363584,정보 없음
930,기아,기아 소하리출고센터,경기 광명시 기아로 113,37.43761983924647,126.88857271007646,02-801-3081
931,기아,기아 광명교육센터,경기 광명시 충현로38번길 6,37.4352224010762,126.884058843165,정보 없음
932,기아,기아 제조솔루션본부,경기 광명시 서면로 79,37.437954691043025,126.88356083510992,정보 없음
933,기아,기아 생산개발본부,경기 광명시 서면로 79,37.4379629681168,126.883731446463,정보 없음
934,기아,기아오토큐 금천서비스,서울 금천구 벚꽃로 150,37.46850159146781,126.88903783945317,02-853-0300
935,기아,기아 묵동대리점,서울 중랑구 동일로 942,37.61474739715605,127.07687170760838,02-974-4249
936,기아,기아 동대문지점,서울 동대문구 왕산로 4,37.57560838756444,127.0240445004513,02-925-0301
937,기아,기아 왕십리지점,서울 성동구 왕십리로 386,37.565022724541635,127.02756576705086,02-2281-2452
938,기아,기아 정릉대리점,서울 성북구 동소문로 43,37.59062095049726,127.01014510318682,02-912-4700
939,기아,기아 을지로대리점,서울 중구 장충단로 213,37.56371569625019,127.006834162566,정보 없음
940,기아,기아 돈암대리점,서울 성북구 동소문로 190,37.5988904223167,127.022090689047,02-917-0188
941,기아,기아 장충대리점,서울 중구 다산로 91,37.552639631043945,127.00847410318423,02-2231-1888
942,기아,기아 중랑지점,서울 중랑구 망우로 203,37.593994294860764,127.07500467853887,02-494-4249
943,기아,기아 마포지점,서울 마포구 마포대로 49,37.54079883197447,126.94701355141835,02-719-9111
944,기아,기아 영등포지점,서울 영등포구 버드나루로 73,37.52485442920863,126.90946550014056,02-2679-0301
945,기아,기아 이태원대리점,서울 용산구 장문로 83,37.52614692273837,126.99886870919758,02-790-5200
946,기아,기아오토큐 대방점,서울 동작구 상도로 19,37.5000564485235,126.922637599705,02-824-8122
947,기아,해태기아,서울 동작구 노들로 674,37.514677497814716,126.93875111330394,010-3202-1763
948,기아,기아오토큐 상도점,서울 관악구 양녕로16길 4,37.48968266261228,126.94606819586875,02-817-1188
949,기아,기아오토큐 봉천점,서울 관악구 봉천로 342,37.4846403215419,126.938102897206,02-889-8282
950,기아,기아 원대리점,서울 마포구 월드컵북로 106,37.562838778534854,126.91433289438945,02-336-1005
951,기아,기아 서강대리점,서울 서대문구 증가로 200-8,37.5801268611311,126.9165580578877,02-375-7500
952,기아,기아 증산대리점,서울 은평구 증산로 295,37.58361357068211,126.9090570061375,02-309-5977
953,기아,기아 역촌대리점,서울 은평구 가좌로 179,37.587115108103305,126.92068849461438,02-352-8833
954,기아,기아 은평갤러리지점,서울 은평구 통일로 636,37.60351666396744,126.93530927816619,02-358-1101
955,기아,기아 문화촌대리점,서울 서대문구 세검정로 64-1,37.593371432083586,126.9479081882747,02-394-8766
956,기아,기아 남대문지점,서울 중구 칠패로 36,37.55939700665859,126.97288675935049,02-753-0301
957,기아,기아 종로지점,서울 종로구 삼일대로 469,37.5762371024251,126.986035054009,02-720-9132
958,기아,기아 연신내대리점,서울 은평구 통일로82길 11,37.620816381355475,126.9203060933218,02-353-3200
959,기아,기아 샬롬대리점,서울 송파구 거마로 96,37.50110958044289,127.14827169157998,02-425-0066
960,기아,기아 가락지점,서울 송파구 송파대로16길 3,37.48462244183897,127.1236731761453,02-409-1101
961,기아,기아 오금지점,서울 송파구 오금로 204,37.50761204963463,127.11614350252405,02-449-7400
962,기아,기아 행복대리점,경기 하남시 감일남로 36-10,37.5056981568715,127.143357604912,02-400-1101
963,기아,기아오토큐 서부역점,서울 용산구 청파로 351,37.5509483757336,126.969304703751,02-714-3400
964,기아,기아오토큐 이촌점,서울 용산구 이촌로2길 25,37.5299464299961,126.95380931764,02-717-0242
965,기아,기아오토큐 서빙고점,서울 용산구 서빙고로 305,37.521606748944755,126.99744004405059,02-749-8887
966,기아,기아비즈 K존 래미안용산 더 센트럴,서울 용산구 한강대로 95,37.5288172952317,126.966654015423,정보 없음
967,기아,현대모비스 종합상사,서울 용산구 원효로 210-1,37.53740260497827,126.96550854884978,02-719-6556
968,기아,기아 구파발역지점,서울 은평구 통일로 1080,37.63924382609707,126.91707888201394,02-389-6211
969,기아,기아 삼송지점,경기 고양시 덕양구 삼송로 130,37.65197364774153,126.88844585360312,02-394-3838
970,기아,기아오토큐 사직점,서울 종로구 사직로 57-1,37.5742652139234,126.965840216187,02-730-5500
971,기아,기아오토큐 독립문점,서울 종로구 통일로 272,37.5760785309046,126.956456993226,02-722-4849
972,기아,기아비즈K존 종로구청별관,서울 종로구 새문안로 41,37.5689936299727,126.969644805132,정보 없음
973,기아,기아비즈K존 종로구청,서울 종로구 종로1길 50,37.5747666467377,126.979617873887,정보 없음
974,기아,기아비즈K존 종로구보건소,서울 종로구 자하문로19길 36,37.5817723466753,126.969299977994,정보 없음
975,기아,기아오토큐 명동점,서울 중구 삼일대로2길 90,37.560970996869,126.989560118764,02-2275-5998
976,기아,기아 상봉대리점,서울 중랑구 겸재로 237,37.59004340664968,127.09394337173684,02-436-7777
977,기아,기아 동일로대리점,서울 중랑구 동일로 789,37.60087057469753,127.07926835183196,02-433-7890
978,기아,기아 신내지점,서울 중랑구 용마산로 623,37.60689816392222,127.10059542467627,02-495-6655
979,기아,기아 좋은차대리점,서울 중랑구 용마산로 341,37.58231258170398,127.09319550155573,02-2209-9006
980,기아,기아 구리지점,경기 구리시 아차산로 389,37.58992837417744,127.13057959971619,031-566-2972
981,기아,기아 인창대리점,경기 구리시 동구릉로 222,37.618212423533244,127.13909245942784,031-562-4433
982,기아,기아 다산갤러리지점,경기 남양주시 다산중앙로19번길 21,37.6138053181872,127.15321703865,031-551-2171
983,기아,기아 별내센트럴지점,경기 남양주시 별내중앙로 10,37.64461068643258,127.12684090621957,031-529-7051
984,기아,기아 성대대리점,경기 수원시 장안구 서부로 2167,37.30172055053236,126.97248212316411,031-207-9333
985,기아,기아 수원드라이빙센터,경기 수원시 팔달구 경수대로 464,37.2674738967775,127.02735997408,031-214-5421
986,기아,기아 원천대리점,경기 수원시 영통구 중부대로448번길 97,37.2664207804046,127.058944655959,031-217-2020
987,기아,기아 화서대리점,경기 수원시 장안구 수성로 311,37.291997801887845,127.00601104268863,031-241-1311
988,기아,기아 노벨대리점,경기 수원시 권선구 금호로 184,37.27400857536513,126.97026538670723,031-298-6666
989,기아,기아 영광제일대리점,경기 수원시 팔달구 효원로 303,37.261085252699374,127.03515416837331,031-233-1122
990,기아,기아 효원대리점,경기 수원시 권선구 매송고색로 744,37.25191338004685,126.98567582672494,031-296-5555
991,기아,기아 명성대리점,경기 수원시 권선구 경수대로 367,37.259505967643264,127.02319964363349,031-233-4600
992,기아,기아 수원서비스센터,경기 용인시 기흥구 중부대로 27,37.2684675428583,127.072642199804,031-214-8585
993,기아,기아 동수원지점,경기 용인시 기흥구 중부대로 27,37.26817030442236,127.07247054647881,031-216-6666
994,기아,기아 경기FLEET지점,경기 용인시 기흥구 중부대로 27,37.26815948572099,127.07248068288618,031-217-6789
995,기아,기아 망포대리점,경기 화성시 병점구 영통로 14-10,37.23318349864452,127.06499726164701,031-206-7700
996,기아,기아 병점대리점,경기 화성시 병점구 병점중앙로211번길 50,37.21259551236134,127.03173385647324,031-226-4100
997,기아,기아 강남대대리점,경기 용인시 기흥구 용구대로 1965,37.263621342240064,127.10449199534166,031-284-0888
998,기아,기아 수지지점,경기 용인시 수지구 수지로 98,37.31101887065742,127.07721791716816,031-272-1760
999,기아,기아 남부드라이빙센터,경기 성남시 수정구 위례광장로 5,37.46480158699159,127.1417252304114,031-752-5421
1000,기아,기아 오리대리점,경기 성남시 분당구 성남대로 69,37.34210897852327,127.10827060309605,031-717-0084
1001,기아,기아 성남지점,경기 성남시 수정구 산성대로 207,37.438045367118015,127.14075609905147,031-751-8100
1002,기아,기아 분당중앙지점,경기 성남시 분당구 수내로 50,37.3804118206954,127.117511980606,031-717-7272
1003,기아,기아 위례지점,경기 성남시 수정구 위례광장로 5,37.46479530704159,127.14170261126064,031-754-5826
1004,기아,기아 판교지점,경기 성남시 분당구 분당내곡로 159,37.398119938725074,127.11255009768642,031-702-1888
1005,기아,기아 태평역대리점,경기 성남시 수정구 성남대로 1195,37.43649847150096,127.12794308120654,031-754-6600
1006,기아,기아 서현대리점,경기 성남시 분당구 새마을로 23,37.38396707364765,127.13300044123581,031-714-8000
1007,기아,기아 분당지점,경기 성남시 분당구 성남대로 345,37.36696426933742,127.10779378937757,031-717-8585
1008,기아,기아 온누리대리점,경기 성남시 중원구 산성대로 386,37.4463291000667,127.158016741986,031-731-0300
1009,기아,기아 탑대리점,경기 성남시 분당구 성남대로779번길 26,37.399406055336904,127.12561332668244,031-701-8181
1010,기아,기아 대원대리점,경기 성남시 중원구 갈마치로 186,37.4307897453052,127.1743635507049,031-747-4500
1011,기아,기아 동서대리점,경기 광주시 태재로 129,37.3580551856648,127.163372582574,031-719-6400
1012,기아,기아오토큐 동양공업사,경기 성남시 중원구 순환로 116,37.43417266341064,127.17944353535047,031-733-8585
1013,기아,기아 일산지점,경기 고양시 일산서구 중앙로 1447,37.670579267810375,126.75949618997308,031-905-8585
1014,기아,기아 창조대리점,경기 고양시 덕양구 고양대로 1403,37.6539696418899,126.840160625387,031-811-7800
1015,기아,기아 일산드라이빙센터,경기 고양시 일산서구 중앙로 1447,37.6705422493682,126.759457771235,031-921-5421
1016,기아,기아 백석지점,경기 고양시 일산동구 중앙로 1072,37.64505029078787,126.78582993988672,031-901-4141
1017,기아,기아 고양지점,경기 고양시 일산동구 백마로 504,37.662708023487816,126.80415095453843,031-964-8566
1018,기아,기아 정발산대리점,경기 고양시 일산동구 일산로 450,37.673936603469954,126.77707204738932,031-919-8300
1019,기아,기아 능곡대리점,경기 고양시 덕양구 토당로 12,37.61793729955129,126.82359647490513,031-979-1006
1020,기아,기아 백마대리점,경기 고양시 일산동구 무궁화로 8-38,37.659685397744994,126.7666054681622,031-907-6141
1021,기아,기아 은빛대리점,경기 고양시 덕양구 화중로 98,37.635696226669964,126.83133218977886,031-965-9100
1022,기아,기아 탄현대리점,경기 고양시 일산서구 탄중로 78,37.691050185510875,126.75417158084656,031-977-2100
1023,기아,기아오토큐 21세기기아자동차회사,경기 고양시 일산동구 고양대로 900-26,37.67732594343197,126.79538849955559,031-903-9955
1024,기아,기아오토큐 오토킹,경기 고양시 덕양구 충장로 208,37.63060824808636,126.83701824083258,031-978-0088
1025,기아,기아오토큐 고양서비스,경기 고양시 일산서구 덕이로 48,37.69032337612587,126.75473746749327,031-918-8585
1026,기아,기아오토큐 일산서비스,경기 고양시 일산동구 고봉로 466,37.6997632843271,126.782003263827,031-901-0999
1027,기아,기아 동백대리점,경기 용인시 기흥구 중부대로 765,37.26036535030727,127.14219014129435,031-266-0145
1028,기아,기아 신갈지점,경기 용인시 기흥구 용구대로 2253,37.28808311592197,127.10812548263405,031-282-0342
1029,기아,기아 풍덕천대리점,경기 용인시 수지구 문정로7번길 8,37.3215186384408,127.095690784839,031-265-2222
1030,기아,기아 구성대리점,경기 용인시 기흥구 용구대로2469번길 52,37.311170095357205,127.10543314088304,031-272-8989
1031,기아,기아 친절대리점,경기 용인시 처인구 백옥대로 1391,37.2593358135421,127.212362933405,031-322-8988
1032,기아,기아 오산교육센터,경기 용인시 처인구 남사읍 처인성로 57,37.1102709352717,127.138073662152,정보 없음
1033,기아,기아 환경기술연구소,경기 용인시 기흥구 마북로240번길 17-5,37.3075712215321,127.135648557734,031-899-3114
1034,기아,기아 동탄역지점,경기 화성시 동탄구 동탄대로 635,37.20969005838887,127.09826888082263,031-253-8888
1035,기아,기아오토큐 기흥보정서비스,경기 용인시 기흥구 용구대로2469번길 74,37.3132425060817,127.105397679892,031-265-8255
1036,기아,기아오토큐 수지서비스,경기 용인시 수지구 수지로 112,37.3117207742563,127.078590367704,031-896-9200
1037,기아,기아 중동지점,경기 부천시 원미구 길주로 137,37.50593117645317,126.75764805386841,032-321-2704
1038,기아,기아 부천플래그십스토어,경기 부천시 원미구 길주로 390,37.50311851902515,126.78576328888468,정보 없음
1039,기아,기아 대장신도시대리점,경기 부천시 오정구 오정로 194,37.526190696856055,126.78194144501391,032-323-5200
1040,기아,기아 역곡지점,경기 부천시 소사구 경인로 522,37.48456314863005,126.81334111171321,032-343-5661
1041,기아,기아 여월대리점,경기 부천시 오정구 성곡로 4,37.51622581594499,126.80307976085179,032-672-6262
1042,기아,기아 심곡대리점,경기 부천시 소사구 경인로 194,37.483514365905734,126.77695840870103,032-664-5533
1043,기아,기아 역전대리점,경기 부천시 오정구 신흥로 376,37.517238086805605,126.77554819865229,032-663-4200
1044,기아,기아 송내대리점,인천 부평구 경인로1185번길 1,37.48424751047532,126.7511060360582,032-362-1300
1045,기아,기아 부평지점,인천 부평구 장제로 94,37.49385528558292,126.73032962068007,032-527-2531
1046,기아,기아 삼산대리점,인천 부평구 장제로 336,37.51551940755269,126.73249131717208,032-505-2531
1047,기아,기아 산곡대리점,인천 부평구 경원대로 1280,37.49022866994386,126.71123758527037,032-432-9400
1048,기아,기아 청천대리점,인천 부평구 평천로 145,37.51941656730077,126.70790918356096,032-516-6644
1049,기아,기아 계향대리점,인천 계양구 경명대로 1022,37.54337539450987,126.72034875465489,032-548-7200
1050,기아,기아 간석사거리대리점,인천 남동구 석산로 248,37.46061677591877,126.71971909891582,032-472-5656
1051,기아,기아 안산지점,경기 안산시 단원구 광덕4로 244,37.3142928992087,126.83914760070803,031-482-2559
1052,기아,기아 안산선부지점,경기 안산시 단원구 선부광장1로 26,37.33620719636175,126.80793464859876,031-410-8522
1053,기아,기아 안산고잔지점,경기 안산시 단원구 광덕대로 197,37.31424347631285,126.82958700478484,031-502-0300
1054,기아,기아 해수대리점,경기 안산시 단원구 시화호수로841번길 6-10,37.29589163917365,126.76061752822604,031-410-0393
1055,기아,기아 고잔들대리점,경기 안산시 단원구 초지로 114,37.30874080107288,126.81513928569443,031-439-4600
1056,기아,기아 남광대리점,경기 안산시 상록구 광덕1로 341,37.3069780364565,126.847801391755,031-502-1600
1057,기아,기아 상록수대리점,경기 안산시 상록구 충장로 132,37.29332491332354,126.85893090667908,031-406-8711
1058,기아,기아 비제이대리점,경기 안산시 단원구 산단로 325,37.32341471652094,126.78508757500626,031-495-0100
1059,기아,기아 대경중앙대리점,경기 안산시 상록구 항가울로 268,37.304338113627,126.843737037896,031-414-7979
1060,기아,기아 성호대리점,경기 안산시 상록구 예술광장로 49,37.32680740236147,126.84665906183476,031-483-1122
1061,기아,기아오토큐 동안산서비스,경기 안산시 상록구 오목로 171,37.29196085874874,126.87679062719678,031-409-4433
1062,기아,기아오토큐 안산사동서비스,경기 안산시 상록구 선진로 30,37.2794809273909,126.846972746691,031-408-2031
1063,기아,기아오토큐 사동점,경기 안산시 상록구 용신로 236,37.30310077040617,126.84841603751815,031-416-8580
1064,기아,기아오토큐 성곡점,경기 안산시 단원구 성곡로 176,37.32465513776823,126.76186894692826,031-495-8885
1065,기아,기아오토큐 초지점,경기 안산시 단원구 원당2길 15,37.3150188406609,126.81490731465,031-439-1155
1066,기아,기아 평촌중앙대리점,경기 안양시 동안구 관악대로 373,37.404646347074745,126.96393968205712,031-386-9100
1067,기아,기아 인덕원역대리점,경기 안양시 동안구 흥안대로 495,37.398272080126596,126.97648660265591,031-386-3007
1068,기아,기아 평촌지점,경기 안양시 동안구 엘에스로 139,37.37312836684348,126.94672640683007,031-453-2208
1069,기아,기아 안양드라이빙센터,경기 안양시 동안구 시민대로 199,37.3922372663903,126.953067318555,031-469-5421
1070,기아,기아 석수대리점,경기 안양시 만안구 안양로 462-1,37.411277155675926,126.9113577031083,031-473-4151
1071,기아,기아 안양지점,경기 안양시 동안구 경수대로 909,37.39735405214391,126.9355907946346,031-445-3601
1072,기아,기아 박달대리점,경기 안양시 만안구 안양로 216,37.39277800906916,126.92672983683198,031-441-7500
1073,기아,기아 군포지점,경기 군포시 고산로 691,37.3717807695975,126.93480545287758,031-394-4545
1074,기아,기아 의왕서비스센터,경기 의왕시 경수대로 249,37.34865906795809,126.97297852469639,031-465-8585
1075,기아,기아 의왕지점,경기 의왕시 경수대로 249,37.348659067442476,126.97297626745203,031-477-8420
1076,기아,기아 산본대리점,경기 군포시 번영로 44,37.3265157571289,126.939876758043,031-398-6868
1077,기아,기아 남양주지점,경기 남양주시 늘을1로16번길 25,37.65397322170271,127.24275068692081,031-592-3210
1078,기아,기아 마석대리점,경기 남양주시 화도읍 비룡로 213,37.6704905822569,127.301810924804,031-551-6666
1079,기아,기아 오남대리점,경기 남양주시 오남읍 양지로 370,37.707097388597,127.189193345132,031-528-1800
1080,기아,기아 진건대리점,경기 남양주시 진건읍 진건우회로 310,37.66176919352847,127.18060989995392,031-529-2121
1081,기아,기아 남양주드라이빙센터,경기 남양주시 별내중앙로 10,37.64484625916101,127.12729114267012,031-575-5421
1082,기아,기아 교문대리점,경기 구리시 벌말로 182,37.592530297471235,127.15038004225161,031-568-2002
1083,기아,기아오토큐 마석서비스,경기 남양주시 화도읍 경춘로 2050,37.6515075087834,127.315044479698,031-592-8586
1084,기아,기아오토큐 남양주자동차,경기 남양주시 금곡로 9,37.6335121816818,127.204069863125,031-559-8600
1085,기아,기아오토큐 다산점,경기 남양주시 다산중앙로172번길 48,37.628227179706,127.157500434876,031-555-6530
1086,기아,기아오토큐 덕소모터스,경기 남양주시 와부읍 수레로 52,37.58845670616613,127.2175697959893,031-577-2314
1087,기아,기아오토큐 별내서비스,경기 남양주시 별내면 청학로 79,37.70716220500288,127.11799422101518,031-843-7300
1088,기아,기아오토큐 별내점,경기 남양주시 덕송1로55번길 22,37.6676909285993,127.117469262888,031-574-2580
1089,기아,기아 동탄지점,경기 화성시 동탄구 동탄순환대로14길 7,37.17097205619103,127.11956718235211,031-375-3613
1090,기아,기아 발안지점,경기 화성시 만세구 향남읍 발안로 35,37.13158810821877,126.91422387289394,031-353-1701
1091,기아,기아 봉담대리점,경기 화성시 효행구 봉담읍 동화길 6,37.2213327741516,126.95164445578476,031-227-0700
1092,기아,기아 화성출고센터,경기 화성시 만세구 우정읍 기아자동차로 95,37.030303919510054,126.7902230018224,031-359-6451
1093,기아,기아 남양대리점,경기 화성시 만세구 남양읍 시청로 40,37.2056695337773,126.820293459945,031-366-9880
1094,기아,기아 PBV 익스피리언스센터,경기 평택시 청북읍 청원로 85-29,37.0425682844733,126.945296886916,031-681-1916
1095,기아,기아 평택지점,경기 평택시 만세로 1706,37.014387370994086,127.11296038782862,031-654-4511
1096,기아,기아 서정대리점,경기 평택시 청원로 1366,37.05270270118301,127.07451135000629,031-611-2211
1097,기아,기아 신평대리점,경기 평택시 평택5로 5,36.98645652867926,127.1120182315085,031-652-4455
1098,기아,기아 안중지점,경기 평택시 안중읍 안현로 438,36.98865828596939,126.93265704041588,031-681-8183
1099,기아,기아 평택항 전용부두,경기 평택시 포승읍 포승공단로 1,36.97723425210879,126.83303802429221,정보 없음
1100,기아,기아 안평대리점,경기 안성시 공도읍 벚꽃길 25-2,36.99934933186543,127.15515805232563,031-653-6655
1101,기아,기아오토큐 평택서비스,경기 평택시 경기대로 713,37.013020062326156,127.07175001362215,031-654-1221
1102,기아,기아오토큐 비전점,경기 평택시 비전2로 77,37.004097392573385,127.10053601682543,031-654-2752
1103,기아,기아오토큐 지산점,경기 평택시 송탄공원로 88,37.0751371840512,127.059277575924,정보 없음
1104,기아,기아오토큐 안중점,경기 평택시 안중읍 안현로서9길 109,36.981343428730064,126.91593044813604,031-681-3595
1105,기아,포승점기아오토큐,경기 평택시 포승읍 포승향남로 71-1,36.9844399856362,126.87370075338814,정보 없음
1106,기아,기아오토큐 서정점,경기 평택시 서정남로 149,37.06089187106235,127.05612169754963,031-665-8585
1107,기아,기아인증중고차센터 평택직영점,경기 평택시 청북읍 청원로 85-29,37.0425682844733,126.945296886916,080-200-2000
1108,기아,1급현대기아자동차공업사,경기 평택시 고덕중앙로 322,37.044004947021,127.055890065346,정보 없음
1109,기아,기아 의정부동부지점,경기 의정부시 용민로182번길 39,37.744304821209944,127.09496286390417,031-846-1300
1110,기아,기아 송산대리점,경기 의정부시 충의로 49,37.73605319972215,127.08752150032232,031-852-5151
1111,기아,기아 의정부지점,경기 의정부시 평화로 438,37.73109795655209,127.0482460964897,031-877-3019
1112,기아,기아 가능대리점,경기 의정부시 평화로 704,37.75474300892182,127.04355331747057,031-856-6200
1113,기아,기아오토큐 의정부서비스,경기 의정부시 입석로 43-10,37.7549618244205,127.020938698728,031-877-4973
1114,기아,기아오토큐 금오점,경기 의정부시 금오로 26-10,37.7535237922462,127.068606609245,031-847-7810
1115,기아,기아오토큐 민락점,경기 의정부시 용민로92번길 6,37.7378484274928,127.088064772251,031-851-2290
1116,기아,기아오토큐 호원점,경기 의정부시 호동로 42,37.7297905096609,127.041509290787,031-855-8572
1117,기아,기아오토큐 낙양점,경기 의정부시 용민로 319,37.75278599903406,127.10412758652906,031-851-2555
1118,기아,기아부품대리점 의정부센터,경기 의정부시 동일로 515,37.7343352447705,127.058015818564,031-842-5550
1119,기아,현대모비스 기아의정부센타,경기 의정부시 동일로 515,37.7343100153829,127.058020336679,031-842-5550
1120,기아,기아서비스센터 금오점 전기차충전소,경기 의정부시 금오로 26-10,37.7535246938699,127.068605475333,정보 없음
1121,기아,기아 축복대리점,경기 시흥시 옥구상가4길 15,37.35153648123293,126.7214580885977,031-432-9955
1122,기아,기아 자동차마을대리점,경기 시흥시 마유로238번길 14,37.338061327768564,126.72987990486143,031-488-9999
1123,기아,기아 제일대리점,경기 시흥시 은계남길 16,37.430663700126104,126.79744018748373,031-315-9800
1124,기아,기아 시흥지점,경기 시흥시 수인로 3362,37.44058089179773,126.78553716469631,031-314-3700
1125,기아,기아오토큐 시화서비스,경기 시흥시 마유로238번길 14,37.3378198837684,126.729499351129,031-434-8585
1126,기아,스마트서비스 기아오토큐,경기 시흥시 시화벤처로 360,37.3146903429101,126.715620752508,031-484-8585
1127,기아,기아오토큐 시흥시청점,경기 시흥시 능곡군자1길 55,37.36636277951037,126.8068248791267,031-311-0541
1128,기아,기아오토큐 정왕점,경기 시흥시 봉우재로 15,37.3448349135909,126.74307561731,031-434-8582
1129,기아,기아오토큐 정왕북부점,경기 시흥시 옥구상가1길 25-1,37.3528985786116,126.721350345856,031-431-2510
1130,기아,기아 운정지점,경기 파주시 경의로 1080,37.71388880158496,126.75978157188213,031-941-1117
1131,기아,기아 봉일천대리점,경기 파주시 조리읍 통일로 292-11,37.74304177022783,126.81091034901759,031-945-1102
1132,기아,기아 운정중앙지점,경기 파주시 청석로 116,37.7127885467145,126.72122506434,정보 없음
1133,기아,기아 금촌제일대리점,경기 파주시 월롱면 아동로 170,37.77379536069198,126.78866222047913,031-943-0199
1134,기아,기아 교하대리점,경기 파주시 천정구로 124,37.74655094184566,126.75205469691325,031-946-7711
1135,기아,기아 통일대리점,경기 파주시 파주읍 술이홀로 189,37.82457217256844,126.81072296335665,031-954-0012
1136,기아,기아오토큐 파주정비서비스,경기 파주시 월롱면 통일로 686,37.7707728496384,126.791313116011,031-975-8585
1137,기아,기아오토큐 운정점,경기 파주시 동패샘길 255,37.706402689401536,126.73181126370761,031-941-1515
1138,기아,기아오토큐 신화모터스,경기 파주시 쌀뚜기길 4-13,37.72350190265923,126.69990805424769,031-941-9112
1139,기아,기아오토큐 북파주서비스,경기 파주시 광탄면 혜음로 1190,37.7871994308967,126.84520980949,031-947-4900
1140,기아,기아오토큐 파주종합서비스,경기 파주시 파주읍 성현로 6,37.852007239165,126.808582598814,031-952-0800
1141,기아,기아오토큐 금촌점,경기 파주시 쇠재1길 45,37.750920942363,126.780375887181,031-941-9401
1142,기아,기아오토큐 교하북부점,경기 파주시 당하길 31,37.7459703792938,126.750186770442,031-945-1227
1143,기아,기아오토샵,경기 파주시 와석순환로192번길 14-2,37.71527220747771,126.74001497864357,031-946-3151
1144,기아,현대기아자동차서비스 교하청석로점,경기 파주시 순못길 120,37.7286927742822,126.716819717423,031-943-5292
1145,기아,기아 금파대리점,경기 김포시 김포한강4로 547,37.645232525259,126.623019046627,031-982-2990
1146,기아,기아 김포지점,경기 김포시 북변중로 137,37.6305329699446,126.70313936771,031-984-2900
1147,기아,기아 양촌대리점,경기 김포시 양촌읍 김포대로 1763,37.6698954993289,126.64377045342373,031-989-5445
1148,기아,기아 사우대리점,경기 김포시 김포대로 821,37.61852757785719,126.72209728940572,031-984-8884
1149,기아,기아 검단대리점,인천 검단구 원당대로 629,37.594196316478644,126.67122338381238,032-566-5050
1150,기아,기아 청라루원지점,인천 서해구 봉오대로 269,37.5249973241277,126.679743710612,정보 없음
1151,기아,기아 광주서비스센터,전남광주통합특별시 서구 죽봉대로 36,35.1561888989924,126.883557357825,062-371-8585
1152,기아,기아 광주플래그십스토어,전남광주통합특별시 서구 죽봉대로 36,35.1562429973681,126.883574841088,062-361-8586
1153,기아,기아 하남갤러리지점,전남광주통합특별시 광산구 풍영로101번안길 19-12,35.18098065097573,126.8089294481558,062-941-8272
1154,기아,기아 광주지점,전남광주통합특별시 광산구 임방울대로 604,35.21105216432235,126.82732292929921,062-527-7000
1155,기아,기아 동림대리점,전남광주통합특별시 북구 하남대로 673,35.17216627172282,126.86601472358312,062-531-3344
1156,기아,기아 순천지점,전남광주통합특별시 순천시 해룡면 가산로 149,34.9346604372657,127.538687432541,061-744-2121
1157,기아,기아 하당대리점,전남광주통합특별시 목포시 옥암로 53,34.80430514596265,126.42850216423787,061-284-0808
1158,기아,기아 용봉지점,전남광주통합특별시 북구 설죽로 283,35.18487347615303,126.89832611860396,062-514-9400
1159,기아,기아 연향대리점,전남광주통합특별시 순천시 충효로 101,34.94779910791113,127.51473984652903,061-722-5700
1160,기아,기아 호남대리점,전남광주통합특별시 광산구 목련로253번길 8,35.1738625176195,126.824947014369,062-954-1800
1161,기아,기아 나주지점,전남광주통합특별시 나주시 빛가람로 676,35.02089992732799,126.78583581218656,061-332-9941
1162,기아,기아 오치대리점,전남광주통합특별시 북구 우치로 273,35.189219138162,126.9052785109,062-268-6700
1163,기아,기아 양산제일대리점,전남광주통합특별시 북구 연양로 67,35.20672538439454,126.8746974583637,062-574-8011
1164,기아,기아 목포지점,전남광주통합특별시 목포시 백년대로 282,34.802865084013284,126.41906158395386,061-279-6131
1165,기아,기아 빛고을대리점,전남광주통합특별시 남구 서문대로 773-2,35.12850955862834,126.897144374157,062-676-6118
1166,기아,기아오토큐 산본서비스,경기 군포시 고산로 126,37.3498860970525,126.95714099961913,031-429-8585
1167,기아,기아오토큐 산본점,경기 군포시 고산로 708,37.3724124612169,126.9365965941325,031-456-3813
1168,기아,기아오토큐 당동점,경기 군포시 금당로 25,37.3503285462459,126.940569950068,031-455-6794
1169,기아,기아오토큐 군포서비스,경기 안양시 동안구 엘에스로 95,37.370580013465386,126.95028440296154,031-459-1230
1170,기아,기아부품대리점 군포기아,경기 안양시 동안구 흥안대로 46,37.3674492395102,126.9509830023,031-454-6749
1171,기아,기아오토큐 안양서부점,경기 안양시 만안구 냉천로 60,37.3868377273585,126.92699081567332,031-469-7224
1172,기아,현대모비스 군포기아,경기 안양시 동안구 흥안대로 46,37.367415860794495,126.9508848094447,031-454-6749
1173,기아,경기상사,경기 의왕시 옻우물길 37,37.3570420968078,126.965505466919,031-451-3146
1174,기아,기아오토큐 군포자동차정비 (급) 전기차충전소,경기 안양시 동안구 엘에스로 95,37.37074849669079,126.95026397062581,정보 없음
1175,기아,기아 청솔대리점,경기 오산시 경기대로 620,37.17720956457605,127.05936173542877,031-375-5233
1176,기아,기아 이천지점,경기 이천시 서희로 2,37.2757030001509,127.441720850867,031-634-3300
1177,기아,기아 행복한대리점,경기 이천시 이섭대천로 1023,37.26199194619312,127.44581184260484,031-635-7411
1178,기아,기아 우리대리점,경기 이천시 이섭대천로 1404,37.29295306358002,127.45579263006329,031-638-6000
1179,기아,기아 덕평출고센터,경기 이천시 마장면 중부대로714번길 84,37.24645622443865,127.40887580376351,031-638-2084
1180,기아,기아 곤지암대리점,경기 광주시 초월읍 경충대로 912,37.36401120596489,127.31277292569119,031-763-8700
1181,기아,기아 여흥대리점,경기 여주시 영릉로 130,37.2975443972858,127.626174487406,031-886-6600
1182,기아,기아 여주지점,경기 여주시 세종로113번길 11-9,37.28854147469385,127.6349501042449,031-884-3392
1183,기아,기아오토큐 동이천서비스,경기 이천시 갈산로 100,37.28814571158877,127.46400041082049,031-637-8333
1184,기아,기아오토큐 진리점,경기 이천시 경충대로 2485,37.2712419454598,127.454818380186,031-631-8585
1185,기아,기아오토큐 이천써비스,경기 이천시 대월면 경충대로1937번길 43,37.24025543402575,127.50079377860003,031-637-0062
1186,기아,장호원점기아오토큐,경기 이천시 장호원읍 샘재로 3,37.1247920617753,127.61557980991947,031-642-7775
1187,기아,기아자동차 덕평출하장,경기 이천시 마장면 중부대로714번길 84,37.24635718986721,127.40885272695475,정보 없음
1188,기아,8-5기아오토랜드앞 노상공영주차장,경기 이천시 중리천로 125,37.2760348735787,127.449304288404,정보 없음
1189,기아,기아교,경기 이천시 마장면 표교리 622,37.24771696095221,127.41064541140797,정보 없음
1190,기아,기아 양주지점,경기 양주시 부흥로 1866,37.79052153829458,127.07221362101595,031-856-8622
1191,기아,기아 회천대리점,경기 양주시 평화로1570번길 6,37.82909232185513,127.0539984181351,031-858-4700
1192,기아,기아 송우대리점,경기 포천시 소흘읍 호국로 555,37.8220636714226,127.139023226763,031-542-0999
1193,기아,기아 동두천지점,경기 동두천시 평화로 2260,37.88949154026374,127.0570459973333,031-862-4634
1194,기아,기아 내행대리점,경기 동두천시 평화로 2371,37.8992736936226,127.05769025414133,031-862-6700
1195,기아,기아 비룡대리점,경기 안성시 대덕면 중앙로 95,37.012833521260966,127.23990530325113,031-676-9633
1196,기아,기아오토큐 기아안성서비스,경기 안성시 중앙로 215,37.0135809961644,127.252699229302,031-673-2007
1197,기아,기아오토큐 안성IC점,경기 안성시 공도읍 공도로 17,36.9985128691586,127.163409033466,031-654-1838
1198,기아,기아오토큐 공도점,경기 안성시 공도읍 방축안말길 9-13,37.0104377395493,127.204162817093,031-691-5857
1199,기아,기아오토큐 안성맞춤서비스,경기 안성시 안성맞춤대로 1302,37.0281204573611,127.264826622348,031-676-7982
1200,기아,기아오토바이 죽산점,경기 안성시 죽산면 중부길 51,37.07624073275096,127.42517597099375,정보 없음
1201,기아,기아비즈 K존 안성 공도읍 주민센터,경기 안성시 공도읍 공도4로 8,37.00108067833463,127.17251682356196,정보 없음
1202,기아,기아비즈 K존 안성2동 주민센터,경기 안성시 강변로74번길 16,37.000556136095,127.26978765514,정보 없음
1203,기아,기아비즈 K존 안성 주거복지센터,경기 안성시 고수2로 11,37.0142279946318,127.257716241433,정보 없음
1204,기아,기아비즈 K존 안성시청점,경기 안성시 시청길 25,37.0082600943028,127.278869699166,1833-4964
1205,기아,기아 미사지점,경기 하남시 미사강변중앙로 226,37.56683757624467,127.18922061878918,031-796-5910
1206,기아,기아 포천지점,경기 포천시 중앙로 20,37.8895967236353,127.196803198633,031-535-0858
1207,기아,기아 전곡대리점,경기 연천군 전곡읍 평화로 714,38.033785157592334,127.0643679381879,031-835-0002
1208,기아,기아오토큐 포천서비스,경기 포천시 가산면 가산로267번길 4,37.8436605195927,127.180189117872,031-544-5355
1209,기아,기아오토큐 북포천서비스,경기 포천시 군내면 청성로 135,37.89430761520758,127.2104312502853,031-532-8338
1210,기아,기아오토큐 송우점,경기 포천시 소흘읍 호국로 579,37.82350147720492,127.1406421865261,031-541-8285
1211,기아,기아오토큐 동포천서비스,경기 포천시 영북면 호국로 3574,38.0558148535436,127.271175846211,031-535-8858
1212,기아,기아오토큐 포천점,경기 포천시 정문동길 3,37.88504878914935,127.19020244780803,031-536-9447
1213,기아,현대기아공업사,경기 포천시 군내면 포천로909번길 8,37.85026101125503,127.19645317262918,031-541-6789
1214,기아,기아오토큐 옥정점,경기 양주시 독바위로 363,37.8178734125482,127.083639559414,031-868-8285
1215,기아,기아 경기하남지점,경기 하남시 하남대로 812,37.54152887365807,127.20780637540842,031-792-2060
1216,기아,기아오토큐 하남종합서비스,경기 하남시 하남대로802번길 5-6,37.5415565167727,127.208480839034,031-796-2601
1217,기아,기아오토큐 미사점,경기 하남시 신평로 166,37.5469788611369,127.211442635094,031-792-5438
1218,기아,기아오토큐 덕풍점,경기 하남시 역말로24번길 39,37.5339652129442,127.203015374858,031-791-8836
1219,기아,하남종합서비스기아오토큐 자동차검사소,경기 하남시 하남대로802번길 5-6,37.5414952172306,127.208498772679,031-795-4118
1220,기아,기아현대전문정비,경기 하남시 하남대로 924,37.5471499515431,127.196909899078,031-792-8572
1221,기아,기아오토큐 덕소점,경기 남양주시 와부읍 수레로 77,37.5908268803093,127.218237939416,031-577-0025
1222,기아,현대모비스 현대기아부품,경기 하남시 춘궁동 311-3,37.52121407420808,127.18844471340076,031-792-5307
1223,기아,기아 부산서비스센터,부산 사상구 가야대로 141,35.14993470364558,128.9885049426786,051-314-8585
1224,기아,기아 대연지점,부산 남구 수영로 269,35.13581877271263,129.09589020528574,051-627-8585
1225,기아,기아 사상지점,부산 사상구 가야대로 141,35.1499483599471,128.988496497328,051-325-1811
1226,기아,기아 동래지점,부산 연제구 중앙대로 1201,35.19498533309043,129.07967121357058,051-503-1001
1227,기아,기아 서면지점,부산 부산진구 전포대로300번길 2,35.16374043465004,129.06566822589403,051-807-0003
1228,기아,기아 거제대리점,부산 연제구 아시아드대로 64,35.19031747140703,129.06788107208416,051-506-6111
1229,기아,기아 부곡대리점,부산 금정구 무학송로 147,35.24441649154213,129.09396415819825,정보 없음
1230,기아,기아 구포지점,부산 북구 낙동대로 1789,35.21013656114986,129.00473407584377,051-336-7811
1231,기아,기아 연산대리점,부산 연제구 과정로 192,35.18801317236227,129.106198359785,051-851-2244
1232,기아,기아 해운대지점,부산 해운대구 센텀중앙로 78,35.17438542133741,129.1272097489605,051-742-0061
1233,기아,기아 부산시청갤러리지점,부산 연제구 거제대로 104,35.17776875513273,129.0685728551594,051-852-7571
1234,기아,기아 대신대리점,부산 서구 보수대로 183,35.111635333573645,129.02124994001426,051-242-7200
1235,기아,기아 강서명지지점,부산 강서구 르노삼성대로 683,35.1089243699198,128.93022666250914,051-204-7331
1236,기아,기아 장림지점,부산 사하구 다대로 228,35.0819176044407,128.977017453077,051-266-2580
1237,기아,기아 엄궁대리점,부산 사상구 대동로 9,35.13215757978468,128.97271482195288,051-327-4500
1238,기아,기아 대구서비스센터,대구 북구 팔달로 53,35.891039275826,128.555768732298,053-351-8585
1239,기아,기아 대구지점,대구 북구 칠성남로 71,35.8792959055625,128.588507082227,053-253-0091
1240,기아,기아 동대구지점,대구 수성구 동대구로 405,35.86665891694387,128.62630122507628,053-754-8989
1241,기아,기아 월배대리점,대구 달서구 월곡로 219,35.81450946926385,128.54139911487647,053-635-2244
1242,기아,기아 대구강북지점,대구 북구 태전동 472-3,35.916909264373295,128.5487333324006,053-322-7331
1243,기아,기아 황금지점,대구 수성구 청수로 60,35.8403489905346,128.614692188427,053-766-8484
1244,기아,기아 복현지점,대구 동구 동북로 316,35.8912786076998,128.62399179293442,053-742-1591
1245,기아,기아 용산대리점,대구 달서구 장기동 813-4,35.84396213168305,128.53003437960385,053-522-9009
1246,기아,기아 대명대리점,대구 남구 봉덕로 23,35.84542934894945,128.59325020930447,053-624-6200
1247,기아,기아 화원지점,대구 달서구 달서대로 18,35.81193226622578,128.51445398346306,053-637-7666
1248,기아,기아 본리대리점,대구 달서구 구마로 131,35.837555251157134,128.5419212544452,053-522-7788
1249,기아,기아 계명대리점,대구 서구 북비산로 161,35.879157753773065,128.55067535585619,정보 없음
1250,기아,기아 성서지점,대구 달서구 달구벌대로 1130,35.85082841675847,128.49145057933976,053-588-1100
1251,기아,기아 비산대리점,대구 서구 달서로 75,35.869003023667304,128.57069373938432,정보 없음
1252,기아,기아 죽전역대리점,대구 달서구 달구벌대로 1587,35.85153841490069,128.54009774636035,053-571-8000
1253,기아,기아 인천서비스센터,인천 미추홀구 경인로 309,37.46025060815648,126.67523212610583,032-581-8585
1254,기아,기아 인천 플래그십 스토어,인천 미추홀구 경인로 309,37.460256014142615,126.67523210272572,032-873-9232
1255,기아,기아 송도국제지점,인천 연수구 송도과학로27번길 27,37.38527626256726,126.66360694319587,032-862-5001
1256,기아,기아 인천남동지점,인천 남동구 고잔동 257-48,37.39918179737275,126.71064199742545,032-822-3113
1257,기아,기아 구월선수촌대리점,인천 남동구 선수촌공원로 1,37.4391951837202,126.709617920239,032-466-5505
1258,기아,기아 가정대리점,인천 서해구 가정로 350,37.51599859551557,126.67300329037327,032-576-4100
1259,기아,기아 학익대리점,인천 미추홀구 미추홀대로 520,37.44354260130569,126.67897585978326,032-421-8800
1260,기아,기아 동막대리점,인천 연수구 함박뫼로4번길 4,37.41773891329322,126.6712609245645,032-822-2100
1261,기아,기아 송도대리점,인천 연수구 한나루로193번길 32,37.42566331194245,126.6554343269146,032-834-3636
1262,기아,기아 대전서비스센터,대전 대덕구 대화로50번길 89,36.3693124075731,127.419042827865,042-621-8585
1263,기아,기아 둔산지점,대전 서구 둔산로 70,36.35111699120259,127.38160695911702,042-525-8031
1264,기아,기아 한밭대리점,대전 대덕구 한남로 120,36.3489394634519,127.41624662812202,042-627-3801
1265,기아,기아 대전지점,대전 동구 한밭대로 1266,36.3549886850014,127.436796083027,042-623-8031
1266,기아,기아 유성지점,대전 유성구 도안대로 569,36.3510614113243,127.34002492701,042-823-8031
1267,기아,기아 테크노밸리지점,대전 유성구 테크노중앙로 38,36.42675300617108,127.38970125547675,042-931-8031
1268,기아,기아 대전드라이빙센터,대전 대덕구 대화로50번길 89,36.3693087247894,127.419065094188,042-672-5421
1269,기아,기아 용문역대리점,대전 서구 도산로 402,36.339187800185215,127.39474818418898,042-523-3114
1270,기아,기아 일등대리점,대전 유성구 동서대로 695,36.332577710713,127.340218577095,042-825-1110
1271,기아,기아 판암대리점,대전 동구 옥천로 130,36.316885805803615,127.45451944645743,042-285-8031
1272,기아,기아 유승대리점,대전 유성구 월드컵대로51번길 114,36.35981263814603,127.32681549098513,042-825-8031
1273,기아,기아 대전중구지점,대전 중구 계룡로 799,36.32840991040932,127.40572633870929,042-253-8031
1274,기아,기아 관저대리점,대전 서구 관저북로13번길 24-5,36.30317766410491,127.33540468197205,042-544-8031
1275,기아,기아 북유성지점,대전 유성구 북유성대로 328,36.393885218551866,127.31399459407042,042-826-8031
1276,기아,기아 문화대리점,대전 중구 문화로 198,36.31487618398125,127.40700133928489,042-224-5678
1277,기아,기아 울산지점,울산 남구 문수로 296,35.53550557723644,129.28590104982842,052-276-6300
1278,기아,기아 울산드라이빙센터,울산 중구 동천1길 40,35.58415011703803,129.34550062650393,052-260-5421
1279,기아,기아 울산중부지점,울산 북구 염포로 175,35.56111246776205,129.35849584541748,052-211-4814
1280,기아,기아 울산중앙지점,울산 남구 화합로 132,35.5365803832579,129.340655048019,052-275-1686
1281,기아,기아 병영대리점,울산 중구 번영로 547,35.56800142223647,129.34188994625777,052-297-7900
1282,기아,기아 한신대리점,울산 남구 돋질로 241,35.54338604121434,129.33154471700948,052-258-8114
1283,기아,기아 언양대리점,울산 울주군 삼남읍 교동로 137,35.56212411597812,129.1162372051754,052-264-7575
1284,기아,기아 달동대리점,울산 남구 번영로 79-1,35.53266222814662,129.3296964957402,052-222-1100
1285,기아,기아 온산대리점,울산 울주군 온산읍 덕신로 217,35.43429156220869,129.30545596445896,정보 없음
1286,기아,기아 울산동부지점,울산 동구 방어진순환도로 729,35.50669401590446,129.42970671289203,052-201-5577
1287,기아,기아 다운대리점,울산 중구 태화로 129,35.553469794419,129.290192063165,052-223-6400
1288,기아,기아오토큐 남울산서비스,울산 남구 화합로 14,35.527068514578765,129.3441020358234,052-266-1424
1289,기아,기아오토큐 제일공업사,울산 북구 염포로 248-2,35.5609164767929,129.36610318432,052-287-3901
1290,기아,기아오토큐 달동점,울산 남구 중앙로128번길 10,35.5326529863188,129.316148609335,052-276-9201
1291,기아,기아 세종지점,세종특별자치시 가름로 180,36.497704348432805,127.25931471611841,044-862-8031
1292,기아,기아 도원대리점,세종특별자치시 조치원읍 서북부로 6,36.60328404479461,127.28932824886739,044-863-3456
1293,기아,기아 세종시청갤러리지점,세종특별자치시 소담로 70,36.4851943610196,127.30403440934,044-867-8031
1294,기아,기아오토큐 세종서비스,세종특별자치시 조치원읍 번암공단2길 2,36.58274798015196,127.29446635257786,044-863-8080
1295,기아,기아오토큐 조치원점,세종특별자치시 조치원읍 충현로 198,36.606213040699,127.294359925758,044-865-0886
1296,기아,기아오토큐 세종점,세종특별자치시 장군면 월현윗길 175-1,36.500143921084295,127.22978869203635,044-868-6955
1297,기아,기아모터스,세종특별자치시 조치원읍 허만석로 40,36.5854605601424,127.296951712413,044-862-5151
1298,기아,국제기아봉사단,세종특별자치시 마음로 272-9,36.5191459437743,127.236108175906,070-4282-0154
1299,기아,세종서비스기아오토큐 전기차충전소,세종특별자치시 조치원읍 번암공단2길 2,36.582858706434,127.294512585273,정보 없음
1300,기아,기아 도원대리점 전기차충전소,세종특별자치시 조치원읍 서북부로 6,36.60325973051359,127.28932145207965,정보 없음
1301,기아,기아 세종시청갤러리(기아차전용) 전기차충전소,세종특별자치시 소담로 70,36.485239375735624,127.30405132471833,1566-1704
1302,기아,기아 원주서비스센터,강원특별자치도 원주시 로아노크로 30,37.34189791793218,127.92588441002947,033-743-8585
1303,기아,기아 원주플래그십스토어,강원특별자치도 원주시 로아노크로 30,37.3418420613679,127.92588372423012,033-732-9000
1304,기아,기아 서원대리점,강원특별자치도 원주시 늘품로 249,37.33130690696142,127.96894655528799,033-742-4900
1305,기아,기아 춘천지점,강원특별자치도 춘천시 경춘로 2360,37.864028967115104,127.72027419225398,033-253-8701
1306,기아,기아 만천대리점,강원특별자치도 춘천시 동면 춘천순환로 452,37.88163397274646,127.76665177969255,033-242-8141
1307,기아,기아 대석대리점,강원특별자치도 원주시 판부면 남원로 380-1,37.319668257355104,127.94007562132217,033-762-9991
1308,기아,기아 강릉지점,강원특별자치도 강릉시 교동광장로 75,37.76564157518802,128.87323862618462,033-643-6002
1309,기아,기아 봄내대리점,강원특별자치도 춘천시 김유정로 1891,37.8549702779981,127.737417638254,033-263-8245
1310,기아,기아 모아대리점,강원특별자치도 원주시 원문로 182,37.35646924694798,127.92951042903334,033-745-8533
1311,기아,기아 율곡대리점,강원특별자치도 강릉시 경강로 2157,37.758759158312,128.901297820033,033-645-7979
1312,기아,기아 신강릉지점,강원특별자치도 강릉시 강릉대로 386,37.7687261653819,128.908255308284,033-652-1300
1313,기아,기아 동해삼척지점,강원특별자치도 동해시 용정로 2,37.49858865566411,129.11125253259712,033-533-2287
1314,기아,기아 홍천지점,강원특별자치도 홍천군 홍천읍 홍천로 284,37.68874243983087,127.87690398020632,033-434-0901
1315,기아,기아 태백지점,강원특별자치도 태백시 번영로 144,37.15641000535795,128.98707075168093,033-552-5678
1316,기아,기아 속초지점,강원특별자치도 속초시 동해대로 4089,38.1892658587654,128.587244925322,033-633-2058
1317,기아,기아 청주서비스센터,충북 청주시 흥덕구 사운로 315,36.6550382825162,127.469241125196,043-275-8585
1318,기아,기아 서청주지점,충북 청주시 흥덕구 사운로 315,36.655234956343,127.469640471939,043-266-8811
1319,기아,기아 충주출고센터,충북 충주시 대소원면 메가폴리스로 255-13,36.98512669519528,127.82110657442259,043-857-9525
1320,기아,기아 남청주지점,충북 청주시 서원구 1순환로 1090,36.605925063847,127.487608963065,043-286-4701
1321,기아,기아 청주강서지점,충북 청주시 흥덕구 2순환로 1052,36.64077641188577,127.42194979549467,043-236-9800
1322,기아,기아 내덕대리점,충북 청주시 청원구 1순환로 236,36.6640812345749,127.48627426518297,043-221-8881
1323,기아,기아 봉명대리점,충북 청주시 흥덕구 직지대로 554,36.64315862088655,127.45439159777611,043-271-7400
1324,기아,기아 청주지점,충북 청주시 서원구 서부로 1358,36.61773274550093,127.44905209126163,043-253-4701
1325,기아,기아 오창지점,충북 청주시 청원구 오창읍 각리 644-1,36.707044416566305,127.42845823415261,043-218-0005
1326,기아,기아 충주지점,충북 충주시 으뜸로 40,36.989600689322515,127.92808103085179,043-843-5000
1327,기아,기아 직지대리점,충북 청주시 흥덕구 직지대로 769,36.64515074114635,127.47794943157515,043-265-0061
1328,기아,기아 하나대리점,충북 청주시 서원구 남이면 2순환로 1727,36.59698740218426,127.4703991922752,043-292-8585
1329,기아,기아 옥천지점,충북 옥천군 옥천읍 상야1길 77,36.294092991701184,127.57736440941235,043-733-2188
1330,기아,기아 중원대리점,충북 충주시 중원대로 3425,36.97249292670452,127.92281300279679,043-845-8000
1331,기아,기아 청주드라이빙센터,충북 청주시 흥덕구 사운로 315,36.6550922254176,127.469272767906,043-267-5421
1332,기아,기아 천안남부지점,충남 천안시 동남구 충무로 54,36.7868765854215,127.118526314748,041-578-2600
1333,기아,기아 천안서부지점,충남 천안시 서북구 백석로 51,36.82316462468681,127.1173358615968,041-575-8070
1334,기아,기아 번영로대리점,충남 천안시 서북구 불당4로 93,36.81023430360517,127.11107736414758,041-572-8300
1335,기아,기아 두정대리점,충남 천안시 서북구 부성6길 39-5,36.8361284234095,127.137893226494,041-556-2100
1336,기아,기아 아산지점,충남 아산시 모종남로42번길 33,36.7773812299546,127.024783103545,041-541-0500
1337,기아,기아 온천대리점,충남 아산시 번영로 195,36.78490295526643,127.01259105597454,041-545-0100
1338,기아,기아 천안동부지점,충남 천안시 동남구 만남로 76,36.81983606617543,127.16042474173099,041-567-7131
1339,기아,기아 도솔대리점,충남 천안시 서북구 서부대로 470,36.809120272155134,127.12917541194061,041-576-6800
1340,기아,기아 홍성지점,충남 홍성군 홍성읍 내포로 60,36.5985131227761,126.661944552365,041-634-1661
1341,기아,기아 천일대리점,충남 천안시 동남구 천안대로 562,36.79839160920491,127.1649135330156,041-551-9000
1342,기아,기아 공주지점,충남 공주시 번영1로 154,36.474263019382875,127.14451337664453,041-855-1501
1343,기아,기아 서산지점,충남 서산시 중앙로 207,36.77155193256813,126.4702558183952,041-665-0931
1344,기아,기아 예산지점,충남 예산군 예산읍 벚꽃로 106,36.68994305369311,126.83599976353155,041-333-2311
1345,기아,기아 백제대리점,충남 부여군 부여읍 서동로 6,36.27240217889207,126.90499996989836,041-832-1300
1346,기아,기아 대천지점,충남 보령시 천변남길 254,36.3497498303608,126.602068091022,041-932-1201
1347,기아,기아 전주서비스센터,전북특별자치도 전주시 덕진구 온고을로 246,35.8408399882646,127.099277736212,063-219-8585
1348,기아,기아 효천지점,전북특별자치도 전주시 완산구 쑥고개로 230,35.7988817948746,127.091335439098,063-246-9650
1349,기아,기아 전주지점,전북특별자치도 전주시 덕진구 기린대로 421,35.83896139247987,127.12991624927908,063-254-2265
1350,기아,기아 전주서부지점,전북특별자치도 전주시 완산구 콩쥐팥쥐로 1654,35.82357982039387,127.08018118849543,063-226-6767
1351,기아,기아 익산영등지점,전북특별자치도 익산시 하나로 489,35.963961090337854,126.98037130967059,063-835-6961
1352,기아,기아 금강대리점,전북특별자치도 군산시 진포로 213,35.977707380785574,126.73280158866076,063-445-8777
1353,기아,기아 군산수송지점,전북특별자치도 군산시 월명로 209,35.962651598227026,126.71527487151546,063-471-7201
1354,기아,기아 정읍지점,전북특별자치도 정읍시 상동로 53,35.56295202071341,126.86417721652546,063-536-5120
1355,기아,기아 송천지점,전북특별자치도 전주시 덕진구 동부대로 1124,35.870011284813344,127.12495315586308,063-253-9753
1356,기아,기아 익산지점,전북특별자치도 익산시 인북로 120,35.93963650081134,126.95375162155001,063-855-7277
1357,기아,기아 사랑대리점,전북특별자치도 전주시 덕진구 전주천동로 378,35.82773859171414,127.13022553646955,063-251-7001
1358,기아,기아 아중대리점,전북특별자치도 전주시 덕진구 견훤로 221-1,35.831456594955306,127.15848121733288,063-245-8989
1359,기아,기아 정주대리점,전북특별자치도 정읍시 샘골로 107,35.5792521000787,126.85649857783729,063-535-0001
1360,기아,기아 부송대리점,전북특별자치도 익산시 부송로 124,35.96264827108257,126.98998849152204,063-831-6266
1361,기아,기아 포항서비스센터,경북 포항시 북구 중앙로 185,36.029504586045,129.366508812059,054-240-8585
1362,기아,기아 경산출고센터,경북 경산시 진량읍 동자1길 28,35.86965961767327,128.80063401799066,053-857-5621
1363,기아,기아 형산대리점,경북 포항시 남구 새천년대로 345,36.008831569711006,129.33867407044005,054-249-2000
1364,기아,기아 충효대리점,경북 경주시 태종로 382-3,35.8445391141613,129.172109962903,054-742-1010
1365,기아,기아 안동지점,경북 안동시 경동로 195,36.5747395329542,128.682987467763,054-854-5401
1366,기아,기아 구미지점,경북 구미시 야은로 634,36.127901641445455,128.34931591289046,054-456-9011
1367,기아,기아 용상대리점,경북 안동시 경동로 1020,36.5508326519283,128.764229404074,054-823-8200
1368,기아,기아 문경지점,경북 문경시 당교로 250,36.5859478098643,128.190311741792,054-552-3980
1369,기아,기아 경안대리점,경북 안동시 경북대로 355,36.56168125541004,128.70294169141903,054-852-0058
1370,기아,기아 경산지점,경북 경산시 대학로 13,35.835216745144564,128.72437196364967,053-811-0988
1371,기아,기아 포항남부지점,경북 포항시 북구 중앙로 185,36.0296428535704,129.366396482319,054-282-4766
1372,기아,기아 왜관지점,경북 칠곡군 왜관읍 칠곡대로 1485,35.979987871988826,128.39835718408844,054-973-9211
1373,기아,기아 금오산대리점,경북 구미시 상사서로 182,36.09840023599888,128.35760213713235,054-457-1400
1374,기아,기아 영주지점,경북 영주시 대학로298번길 11,36.82233128113937,128.60642142887434,054-635-5008
1375,기아,기아 포항지점,경북 포항시 북구 새천년대로 1210,36.072309978533085,129.3799525231366,054-277-5711
1376,기아,기아 창원서비스센터,경남 창원시 성산구 창원대로 504,35.2284911921092,128.649897004099,055-273-8585
1377,기아,기아 양산지점,경남 양산시 물금읍 메기로 190,35.31094056075274,129.01111534134526,055-388-0880
1378,기아,기아 마산지점,경남 창원시 마산회원구 3.15대로 591,35.22702323703688,128.57334456384817,055-293-6611
1379,기아,기아 장유대리점,경남 김해시 장유로 404,35.19126345817507,128.81988603161594,055-313-4274
1380,기아,기아 진주지점,경남 진주시 망경로 311,35.18606833762624,128.0870537668736,055-743-1103
1381,기아,기아 가음정대리점,경남 창원시 성산구 대암로 36,35.21395861195633,128.7002600389715,055-263-5600
1382,기아,기아 김해지점,경남 김해시 김해대로 2383,35.227108565900856,128.88754531744596,055-333-1224
1383,기아,기아 창원중앙지점,경남 창원시 의창구 평산로207번길 4,35.26019417570199,128.62608193138516,055-288-5599
1384,기아,기아 가고파대리점,경남 창원시 마산합포구 허당로 84,35.21056851965119,128.5848778046748,055-222-5888
1385,기아,기아 거제지점,경남 거제시 거제대로 4541,34.89320034879128,128.6399234836973,055-632-2992
1386,기아,기아 신기대리점,경남 창원시 마산합포구 해안대로 389,35.20495133194441,128.5815535836434,055-223-5111
1387,기아,기아 도계대리점,경남 창원시 의창구 도계로4번길 46,35.25609617038699,128.6357193105984,055-237-9500
1388,기아,기아 김해서부지점,경남 김해시 내외중앙로 94,35.23831861901586,128.86766980530845,055-327-5700
1389,기아,기아 진해지점,경남 창원시 진해구 진해대로1114번길 15,35.12907100960247,128.7094533243469,055-543-4989
1390,기아,기아 웅상지점,경남 양산시 평산로 7,35.38133917162867,129.15423737492702,055-364-0435
1391,기아,기아 제주서비스센터,제주특별자치도 제주시 선반로6길 12,33.513806222412896,126.56164554449137,064-724-8585
1392,기아,기아 제주지점,제주특별자치도 제주시 중앙로 359,33.48999119334802,126.53870306075225,064-753-8501
1393,기아,기아 삼화대리점,제주특별자치도 제주시 연북로 995,33.5092554792944,126.577619855257,064-721-3538
1394,기아,기아 신제주지점,제주특별자치도 제주시 도령로 196,33.49685543726006,126.49554473365673,064-746-9141
1395,기아,기아 동제주지점,제주특별자치도 제주시 동문로 153,33.513511893409145,126.5428243545923,064-752-9510
1396,기아,기아 한라대리점,제주특별자치도 제주시 연삼로 177,33.49300517588434,126.51163267765382,064-752-4690
1397,기아,기아 서귀포지점,제주특별자치도 서귀포시 516로 58,33.25939963004017,126.58070865793304,064-732-8611
1398,기아,기아 한림지점,제주특별자치도 제주시 한림읍 한림남길 24,33.40995818946355,126.26925104909101,064-796-8131
1399,기아,기아오토큐 서제주서비스,제주특별자치도 제주시 오광로 193,33.480473525352465,126.46564559458763,064-749-7888
1400,기아,기아오토큐 오라점,제주특별자치도 제주시 연삼로 116,33.49288223401111,126.50473581409105,064-748-8181
1401,기아,기아오토큐 제주공항점,제주특별자치도 제주시 공항서로 75,33.4977764271227,126.482971377711,064-748-8285
1402,기아,기아오토큐 도남점,제주특별자치도 제주시 연삼로 291,33.4926965270747,126.523598042403,064-721-0021
1403,기아,기아오토큐 동제주서비스,제주특별자치도 제주시 선반로10길 5,33.5151192837949,126.567385501923,064-722-2581
1404,기아,기아오토큐 화북점,제주특별자치도 제주시 일주동로 14,33.51181521671215,126.5490058472521,064-755-1472
1405,기아,기아오토큐 서귀포중부점,제주특별자치도 서귀포시 중산간동로 8240-2,33.26253689176826,126.53640356568093,064-732-4062
1406,기아,기아 예향대리점,전남광주통합특별시 동구 천변우로 351,35.14916129977511,126.91042359818309,062-234-0304
1407,기아,기아 금정지점,부산 금정구 부곡로 180,35.23201548052486,129.09195283911646,051-514-5001
1408,기아,기아 신월성지점,대구 달서구 조암로 85,35.82271340723659,128.52133098453578,053-624-1845
1409,기아,기아 남주안대리점,인천 미추홀구 주안로 152,37.4635182295922,126.686790433468,032-868-8800
1410,기아,기아 신세계대리점,대전 중구 계백로 1546,36.31666832407637,127.3917170950117,042-582-8031
1411,기아,기아 도마대리점,대전 서구 도산로 137,36.32084385541619,127.37760064996573,042-538-8282
1412,기아,기아 새천년대리점,강원특별자치도 동해시 하평로 99,37.53336724960528,129.1154455825127,033-521-2530
1413,기아,기아 조은대리점,충북 청주시 상당구 목련로 197,36.606817980187856,127.52435136965491,043-224-8080
1414,기아,기아 가경대리점,충북 청주시 흥덕구 가경로 127,36.62611513810672,127.43765251309448,043-232-3033
1415,기아,기아 음성지점,충북 음성군 음성읍 설성로 77,36.930479750535845,127.69089409304043,043-873-3333
1416,기아,기아 출세대리점,전북특별자치도 군산시 번영로 40,35.9728985086806,126.726848496251,063-445-3700
1417,기아,기아 김천지점,경북 김천시 자산로 193,36.127497255484045,128.11787490726715,054-433-3500
1418,기아,기아 경주지점,경북 경주시 금성로247번길 3,35.839580691311184,129.20690677465652,054-742-1789
1419,기아,기아 마창대리점,경남 창원시 의창구 의창대로 46,35.25548075832166,128.60631753421265,055-253-0077
1420,기아,기아자동차 중문,경기 광명시 소하동 785-2,37.4390676446301,126.892325480717,정보 없음
1421,기아,기아자동차 우리사주조합,경기 광명시 기아로 113,37.4377186777343,126.888283294338,02-801-4822
1422,기아,기아오토큐 독산점,서울 금천구 시흥대로153길 15,37.47687525001464,126.89765944846849,02-852-1880
1423,기아,기아자동차 직원전용주차장,경기 광명시 소하동 1253,37.4353507500009,126.884472196692,정보 없음
1424,기아,기아오토큐 상계점,서울 노원구 노원로 472,37.65849249902121,127.06564049629792,0503-7150-3421
1425,기아,기아오토큐 신림점,서울 관악구 남부순환로 1553,37.483730525781276,126.92313835472335,02-839-6677
1426,기아,기아오토큐 반포점,서울 서초구 사평대로 72,37.497879475595,126.992391545432,02-593-8204
1427,기아,기아오토큐 정릉점,서울 성북구 솔샘로 41,37.61131703429542,127.00505130535086,02-918-2200
1428,기아,기아자동차 경비실,경기 용인시 기흥구 중부대로 27,37.2681796284137,127.071956451983,정보 없음
1429,기아,기아자동차 이매지점,경기 성남시 분당구 판교역로192번길 16,37.39777507107487,127.11145245611742,정보 없음
1430,기아,기아오토큐 북부일산자동차서비스,경기 고양시 일산서구 경의로 939,37.7013515130811,126.759213106394,031-922-9000
1431,기아,기아오토큐 대화점,경기 고양시 일산서구 대화로398번길 7-15,37.68221689639668,126.75324846464916,031-917-8522
1432,기아,기아오토큐 수지자동차,경기 용인시 수지구 풍덕천로190번길 17,37.32499114229742,127.10224591077301,031-262-4234
1433,기아,기아오토큐 대청자동차정비,경기 용인시 처인구 경안천로 214-5,37.250281015490444,127.21892008127229,031-332-2346
1434,기아,현대그린푸드 기아자동차오산교육센터점,경기 용인시 처인구 남사읍 처인성로 57,37.11030694765521,127.1380996042463,정보 없음
1435,기아,현대기아자동차,경기 안산시 상록구 본오로 51,37.2896407591948,126.866072991795,031-416-0119
1436,기아,기아오토큐 선부점,경기 안산시 단원구 선부로 102,37.34125957062387,126.80646149094544,031-486-1417
1437,기아,기아자동차 전국대리점협회,경기 광명시 새빛공원로 67,37.41892519566955,126.88820163884083,02-899-6090
1438,기아,동편현대기아차정비,경기 안양시 동안구 동편로184번길 19-3,37.40599123072799,126.96910302774553,정보 없음
1439,기아,기아오토큐 경기자동차,경기 남양주시 진접읍 금강로 1943-11,37.755078055815865,127.21667239338693,031-528-0770
1440,기아,현대기아자동차부품운송노동조합,경기 평택시 포승읍 포승산단로13번길 37-23,36.9625070090386,126.854337835297,정보 없음
1441,기아,대한공업사,경기 평택시 평남로 200-11,36.9942527006989,127.071140366806,031-652-7777
1442,기아,복지프랜드,경기 평택시 청북읍 어소길 251-10,37.0636230835313,126.952249589858,031-681-1812
1443,기아,기아자동차공업사 정왕점,경기 시흥시 정왕대로233번길 10,37.3459026302478,126.740187334039,031-433-5606
1444,기아,기아오토큐 신천점,경기 시흥시 두문로 76,37.4340403888267,126.787008880261,031-311-5104
1445,기아,현대기아자동차서비스 금촌동부점,경기 파주시 시청로 59,37.7605923645231,126.779657306716,031-943-8333
1446,기아,기아오토큐 양지대형서비스,경기 용인시 처인구 양지읍 중부대로 2318,37.2339331728848,127.299318169212,031-334-2345
1447,기아,기아오토큐 상상초월,경기 광주시 초월읍 현산로 18,37.39205981981345,127.28578584994347,031-765-4972
1448,기아,기아오토큐 포곡점,경기 용인시 처인구 포곡읍 포곡로 163,37.2727003958446,127.221993110506,031-333-8022
1449,기아,기아오토큐 천안특장차자동차정비,충남 천안시 서북구 천일고2길 99,36.8637604657696,127.157720744159,041-583-9889
1450,기아,기아오토큐 직산점,충남 천안시 서북구 성거읍 봉주로 126,36.87770835098596,127.16060514930409,041-622-8585
1451,기아,기아차 오산교육센터 전기차충전소,경기 용인시 처인구 남사읍 처인성로 57,37.11073328140226,127.13798787029752,정보 없음
1452,기아,기아오토큐 양주자동차정비공업사,경기 양주시 평화로 1617,37.83347132348532,127.05320984055165,031-858-4937
1453,기아,기아오토큐 지행점,경기 동두천시 평화로 2240,37.8877183766926,127.057253800505,031-863-8582
1454,기아,기아오토큐 상패점,경기 동두천시 어수로 43,37.903712677014354,127.0475467205422,031-865-3311
1455,기아,기아오토큐 삼산점,울산 남구 삼산로301번길 12-27,35.5416155933597,129.341577540193,052-261-2966
1456,기아,기아자동차 제주지역본부,제주특별자치도 제주시 동광로 117,33.5069675868938,126.53926736348,정보 없음
1457,기아,기아오토큐 신안자동차,제주특별자치도 서귀포시 토평공단로115번길 12,33.2919907989694,126.582596958869,064-767-9100
1458,기아,기아모터스카센터,제주특별자치도 서귀포시 일주서로 478,33.2544102779276,126.458065219831,정보 없음
1459,기아,기아오토큐 외도점,제주특별자치도 제주시 연대마을길 75,33.4925184836687,126.423926230913,064-711-7733
1460,기아,기아오토큐 대정점,제주특별자치도 서귀포시 대정읍 동일하모로 227-3,33.22609962128197,126.25520180848908,064-794-3692
1461,MINI,BMW MINI 도이치모터스 강남전시장,서울 강남구 언주로 846,37.52590246588498,127.03365692233298,02-549-3400
1462,MINI,코오롱모터스 MINI 삼성전시장,서울 강남구 영동대로 301,37.5013964760179,127.066633641947,02-2191-7400
1463,MINI,코오롱모터스 MINI 서초전시장,서울 서초구 반포대로 79,37.48733755348182,127.00950357808738,02-2146-8900
1464,MINI,MINI 도이치모터스 성수전시장,서울 성동구 동일로 111,37.5425522650115,127.06374635741,정보 없음
1465,MINI,MINI 양재중고차전시장,서울 서초구 양재대로11길 36,37.4618340578716,127.035374530484,02-545-7301
1466,MINI,BMW 코오롱모터스 삼성전시장,서울 강남구 영동대로 301,37.5013604230454,127.066656228239,02-568-7301
1467,MINI,MINI 가양중고차전시장,서울 강서구 양천로53길 30,37.5665737042184,126.846908051557,02-1644-3883
1468,MINI,MINI 바바리안모터스 목동전시장,서울 양천구 목동동로 210,37.52429240881174,126.87174876442398,02-2646-4600
1469,MINI,MINI 김포중고차전시장,경기 김포시 고촌읍 아라육로152번길 45,37.5958364063867,126.783731295768,1688-7601
1470,MINI,제노 미니전시회,서울 마포구 잔다리로 31,37.5512025584843,126.919685429339,정보 없음
1471,MINI,BMW 바바리안모터스 목동전시장,서울 양천구 목동동로 210,37.524249103063006,126.87169566926976,02-2649-7301
1472,MINI,MINI 도이치모터스 용산전시장,서울 용산구 원효로 134,37.53368903070624,126.9582228817873,02-3409-3400
1473,MINI,MINI 성동중고차전시장,서울 성동구 자동차시장1길 96,37.5598704482745,127.068401490022,02-2214-7301
1474,MINI,미니전시관,서울 송파구 오금로 551,37.4942605607137,127.1500753601,정보 없음
1475,MINI,MINI 바바리안모터스 고양전시장,경기 고양시 덕양구 고양대로 1972-5,37.64640544358227,126.89826919577608,02-6932-4600
1476,MINI,MINI 도이치모터스 수원오토월드전시장,경기 수원시 권선구 권선로 308-5,37.25857768627669,126.98732940739477,031-5174-0200
1477,MINI,MINI 바바리안모터스 일산전시장,경기 고양시 일산동구 무궁화로 383,37.678916395056056,126.80078349095723,031-8076-4600
1478,MINI,MINI 일산풍동중고차전시장,경기 고양시 일산동구 백마로 508,37.6627727671412,126.804617728473,1644-7409
1479,MINI,MINI 부천중고차전시장,경기 부천시 오정구 송내대로 450,37.5232824070067,126.761949494418,1899-7301
1480,MINI,MINI 바바리안 모터스 계양전시장,인천 계양구 서운산단로2길 6,37.532061522214136,126.7569718177851,032-713-4601
1481,MINI,코오롱모터스 MINI 광주전시장,전남광주통합특별시 서구 죽봉대로 72,35.159860257981926,126.88368493206723,062-370-5900
1482,MINI,BMW MINI 시티라운지 도이치모터스 하남전시장,경기 하남시 미사대로 750,37.54553768901324,127.22534117638712,031-794-3405
1483,MINI,BMW 도이치모터스 하남전시장,경기 하남시 미사대로 750,37.545296849894754,127.22358876890924,031-794-7301
1484,MINI,MINI 동성모터스 부산해운대전시장,부산 해운대구 해운대해변로 299,35.16129648889,129.163615024539,051-747-8100
1485,MINI,동성모터스 미니금정전시장,부산 금정구 중앙대로 1603,35.2279244697143,129.089646908282,051-712-7305
1486,MINI,MINI 남구중고차전시장,부산 남구 신선로 420,35.1222047842783,129.099491999492,051-816-7301
1487,MINI,MINI 사직중고차전시장,부산 연제구 경기장로 15,35.1874249148381,129.054003069166,051-792-1855
1488,MINI,코오롱모터스 MINI 대구전시장,대구 수성구 동대구로 132,35.84207962474986,128.6248861401658,053-745-7900
1489,MINI,MINI 송도중고차전시장,인천 연수구 첨단대로124번길 74,37.360082092685964,126.65214709328485,1588-7409
1490,MINI,코오롱모터스 MINI 대전전시장,대전 유성구 한밭대로492번길 8,36.3593259577538,127.353119990973,042-719-7119
1491,MINI,MINI 대전중고차전시장,대전 유성구 유성대로 510,36.3412079256897,127.321471190083,042-604-7301
1492,MINI,MINI 동성모터스 울산전시장,울산 남구 돋질로 147,35.5406929291601,129.321640701131,052-260-9700
1493,MINI,미니피그월드,세종특별자치시 나성로 33-6,36.4827365636832,127.262823533468,0503-7152-2589
1494,MINI,코오롱모터스 MINI 강릉전시장,강원특별자치도 강릉시 율곡로 3064,37.77542125912379,128.88840742929364,033-808-7333
1495,MINI,MINI 동성모터스 창원전시장,경남 창원시 마산회원구 봉양로 123,35.219262265331885,128.60052853537053,055-237-8040
1496,MINI,MINI 창원중고차전시장,경남 창원시 마산회원구 봉양로 163,35.218181297709,128.604573983072,055-719-7581
1497,MINI,MINI NEXT 양산전시장,경남 양산시 동면 양산대로 600,35.3247472149381,129.032172064523,051-816-7301
1498,MINI,MINI 도이치모터스 제주전시장,제주특별자치도 제주시 연삼로 120,33.4928799690703,126.505071558078,064-757-3401
1499,지프,지프 강남서초전시장 (KCC모빌리티),서울 서초구 반포대로 63,37.486005813221,127.010108325987,02-525-0040
1500,지프,지프 서초전시장,서울 서초구 남부순환로 2219,37.473855127109196,126.99493535029083,02-525-0040
1501,지프,지프 강서전시장 주차장,서울 강서구 등촌동 660-11,37.5570591804652,126.850416725487,080-982-8000
1502,지프,지프 의정부전시장,경기 의정부시 동일로 216,37.7077706491179,127.058686872255,031-826-6300
1503,지프,지프 대구전시장 신창모터스,대구 수성구 동대구로 44,35.8341648034598,128.624225610921,053-721-7975
1504,지프,지프 비전오토모빌 수원전시장,경기 용인시 기흥구 중부대로 1-3,37.269155910370856,127.06655922517996,031-237-4700
1505,지프,지프 동탄전시장(비전오토모빌),경기 화성시 동탄구 동탄대로 677-5,37.21388053224674,127.09971637766398,031-377-3322
1506,지프,지프 분당전시장(빅토리오토모티브),경기 성남시 분당구 대왕판교로 128,37.355024249242526,127.10228211816826,031-708-0009
1507,지프,지프 일산전시장(프리마모터스),경기 고양시 일산동구 백마로 526,37.66352564402377,126.80659688725318,080-981-8000
1508,지프,지프 인천전시장에펠오토,인천 남동구 인주대로 687,37.4496795914788,126.713406293746,032-463-3002
1509,지프,지프 안양전시장(KCC 모빌리티),경기 안양시 동안구 시민대로 375,37.3965231348135,126.97206013779,031-426-6300
1510,지프,지프 광주전시장 선일모터스,전남광주통합특별시 남구 대남대로 325,35.1407795446485,126.893700932215,062-384-8337
1511,지프,지프 부산전시장,부산 수영구 수영로 638,35.1625598577416,129.114437938719,051-751-8911
1512,지프,지프 대전전시장(비전오토모빌),대전 동구 한밭대로 1265,36.35544046193276,127.43745592916477,042-672-8000
1513,지프,지프 원주전시장 에스에스오토모빌,강원특별자치도 원주시 북원로 2854,37.3978936531144,127.952561914585,033-731-1300
1514,지프,지프 제주전시장 프리마모터스,제주특별자치도 제주시 오남로 25,33.49320372994131,126.51999151884033,064-724-9990
