"car_id";"sido_cd";"sido_nm";"브랜드";"차량명";"차종";"연료형태";"출고가";"km당 연료비";"연비점수";"인프라 점수";"실구매가 점수";"인프라 상황";"지원받은 보조금"
112;"20";"전남광주";"현대";"캐스퍼 일렉트릭";"소형";"전기(배터리)";2787;64.22;94.35;21.79;95.0;"충전기당 전기차 수 : 1.65";"2300"
112;"05";"충남";"현대";"캐스퍼 일렉트릭";"소형";"전기(배터리)";2787;64.22;94.35;44.32;94.98;"충전기당 전기차 수 : 1.48";"2200"
112;"04";"충북";"현대";"캐스퍼 일렉트릭";"소형";"전기(배터리)";2787;64.22;94.35;38.69;94.98;"충전기당 전기차 수 : 1.52";"2200"
112;"08";"경북";"현대";"캐스퍼 일렉트릭";"소형";"전기(배터리)";2787;64.22;94.35;33.06;94.94;"충전기당 전기차 수 : 1.58";"2100"
112;"09";"경남";"현대";"캐스퍼 일렉트릭";"소형";"전기(배터리)";2787;64.22;94.35;27.43;94.94;"충전기당 전기차 수 : 1.64";"2100"
112;"03";"강원";"현대";"캐스퍼 일렉트릭";"소형";"전기(배터리)";2787;64.22;94.35;72.48;94.9;"충전기당 전기차 수 : 1.22";"2040"
112;"17";"대전";"현대";"캐스퍼 일렉트릭";"소형";"전기(배터리)";2787;64.22;94.35;55.58;94.88;"충전기당 전기차 수 : 1.45";"1900"
112;"06";"전북";"현대";"캐스퍼 일렉트릭";"소형";"전기(배터리)";2787;64.22;94.35;49.95;94.86;"충전기당 전기차 수 : 1.46";"1800"
112;"18";"울산";"현대";"캐스퍼 일렉트릭";"소형";"전기(배터리)";2787;64.22;94.35;89.37;94.84;"충전기당 전기차 수 : 0.96";"1700"
112;"02";"경기";"현대";"캐스퍼 일렉트릭";"소형";"전기(배터리)";2787;64.22;94.35;83.74;94.84;"충전기당 전기차 수 : 1.01";"1700"
56;"11";"제주";"기아";"모닝";"경차";"가솔린";1386;126.75;67.88;100.0;94.8;"해당사항 없음";"해당사항 없음"
56;"19";"세종";"기아";"모닝";"경차";"가솔린";1386;124.52;68.97;100.0;94.8;"해당사항 없음";"해당사항 없음"
56;"18";"울산";"기아";"모닝";"경차";"가솔린";1386;123.32;69.62;100.0;94.8;"해당사항 없음";"해당사항 없음"
56;"02";"경기";"기아";"모닝";"경차";"가솔린";1386;124.5;68.99;100.0;94.8;"해당사항 없음";"해당사항 없음"
56;"01";"서울";"기아";"모닝";"경차";"가솔린";1386;127.81;67.5;100.0;94.8;"해당사항 없음";"해당사항 없음"
56;"03";"강원";"기아";"모닝";"경차";"가솔린";1386;125.49;68.43;100.0;94.8;"해당사항 없음";"해당사항 없음"
56;"14";"대구";"기아";"모닝";"경차";"가솔린";1386;122.85;69.94;100.0;94.8;"해당사항 없음";"해당사항 없음"
56;"10";"부산";"기아";"모닝";"경차";"가솔린";1386;123.6;69.36;100.0;94.8;"해당사항 없음";"해당사항 없음"
56;"17";"대전";"기아";"모닝";"경차";"가솔린";1386;123.26;69.64;100.0;94.8;"해당사항 없음";"해당사항 없음"
56;"06";"전북";"기아";"모닝";"경차";"가솔린";1386;124.81;68.91;100.0;94.8;"해당사항 없음";"해당사항 없음"
56;"05";"충남";"기아";"모닝";"경차";"가솔린";1386;125.13;68.71;100.0;94.8;"해당사항 없음";"해당사항 없음"
56;"04";"충북";"기아";"모닝";"경차";"가솔린";1386;125.21;68.61;100.0;94.8;"해당사항 없음";"해당사항 없음"
56;"08";"경북";"기아";"모닝";"경차";"가솔린";1386;124.34;69.07;100.0;94.8;"해당사항 없음";"해당사항 없음"
56;"09";"경남";"기아";"모닝";"경차";"가솔린";1386;124.36;69.05;100.0;94.8;"해당사항 없음";"해당사항 없음"
56;"20";"전남광주";"기아";"모닝";"경차";"가솔린";1386;124.99;68.81;100.0;94.8;"해당사항 없음";"해당사항 없음"
56;"15";"인천";"기아";"모닝";"경차";"가솔린";1386;123.87;69.18;100.0;94.8;"해당사항 없음";"해당사항 없음"
70;"06";"전북";"현대";"캐스퍼";"경차";"가솔린";1460;139.83;60.51;100.0;94.47;"해당사항 없음";"해당사항 없음"
70;"05";"충남";"현대";"캐스퍼";"경차";"가솔린";1460;140.19;60.35;100.0;94.47;"해당사항 없음";"해당사항 없음"
70;"04";"충북";"현대";"캐스퍼";"경차";"가솔린";1460;140.27;60.33;100.0;94.47;"해당사항 없음";"해당사항 없음"
70;"08";"경북";"현대";"캐스퍼";"경차";"가솔린";1460;139.3;60.66;100.0;94.47;"해당사항 없음";"해당사항 없음"
70;"09";"경남";"현대";"캐스퍼";"경차";"가솔린";1460;139.32;60.62;100.0;94.47;"해당사항 없음";"해당사항 없음"
70;"20";"전남광주";"현대";"캐스퍼";"경차";"가솔린";1460;140.02;60.41;100.0;94.47;"해당사항 없음";"해당사항 없음"
70;"15";"인천";"현대";"캐스퍼";"경차";"가솔린";1460;138.77;60.8;100.0;94.47;"해당사항 없음";"해당사항 없음"
70;"11";"제주";"현대";"캐스퍼";"경차";"가솔린";1460;142.0;59.74;100.0;94.47;"해당사항 없음";"해당사항 없음"
70;"19";"세종";"현대";"캐스퍼";"경차";"가솔린";1460;139.5;60.55;100.0;94.47;"해당사항 없음";"해당사항 없음"
70;"18";"울산";"현대";"캐스퍼";"경차";"가솔린";1460;138.16;61.04;100.0;94.47;"해당사항 없음";"해당사항 없음"
70;"02";"경기";"현대";"캐스퍼";"경차";"가솔린";1460;139.47;60.57;100.0;94.47;"해당사항 없음";"해당사항 없음"
70;"01";"서울";"현대";"캐스퍼";"경차";"가솔린";1460;143.18;59.26;100.0;94.47;"해당사항 없음";"해당사항 없음"
70;"03";"강원";"현대";"캐스퍼";"경차";"가솔린";1460;140.59;60.23;100.0;94.47;"해당사항 없음";"해당사항 없음"
70;"14";"대구";"현대";"캐스퍼";"경차";"가솔린";1460;137.63;61.49;100.0;94.47;"해당사항 없음";"해당사항 없음"
70;"10";"부산";"현대";"캐스퍼";"경차";"가솔린";1460;138.47;60.94;100.0;94.47;"해당사항 없음";"해당사항 없음"
70;"17";"대전";"현대";"캐스퍼";"경차";"가솔린";1460;138.09;61.16;100.0;94.47;"해당사항 없음";"해당사항 없음"
38;"19";"세종";"기아";"레이";"경차";"가솔린";1480;144.95;58.31;100.0;94.15;"해당사항 없음";"해당사항 없음"
38;"18";"울산";"기아";"레이";"경차";"가솔린";1480;143.56;59.08;100.0;94.15;"해당사항 없음";"해당사항 없음"
38;"02";"경기";"기아";"레이";"경차";"가솔린";1480;144.92;58.33;100.0;94.15;"해당사항 없음";"해당사항 없음"
38;"01";"서울";"기아";"레이";"경차";"가솔린";1480;148.77;54.75;100.0;94.15;"해당사항 없음";"해당사항 없음"
38;"03";"강원";"기아";"레이";"경차";"가솔린";1480;146.08;57.38;100.0;94.15;"해당사항 없음";"해당사항 없음"
38;"14";"대구";"기아";"레이";"경차";"가솔린";1480;143.01;59.36;100.0;94.15;"해당사항 없음";"해당사항 없음"
38;"10";"부산";"기아";"레이";"경차";"가솔린";1480;143.88;58.91;100.0;94.15;"해당사항 없음";"해당사항 없음"
38;"17";"대전";"기아";"레이";"경차";"가솔린";1480;143.48;59.12;100.0;94.15;"해당사항 없음";"해당사항 없음"
38;"06";"전북";"기아";"레이";"경차";"가솔린";1480;145.29;58.11;100.0;94.15;"해당사항 없음";"해당사항 없음"
38;"05";"충남";"기아";"레이";"경차";"가솔린";1480;145.66;57.78;100.0;94.15;"해당사항 없음";"해당사항 없음"
38;"04";"충북";"기아";"레이";"경차";"가솔린";1480;145.75;57.76;100.0;94.15;"해당사항 없음";"해당사항 없음"
38;"08";"경북";"기아";"레이";"경차";"가솔린";1480;144.74;58.45;100.0;94.15;"해당사항 없음";"해당사항 없음"
38;"09";"경남";"기아";"레이";"경차";"가솔린";1480;144.76;58.43;100.0;94.15;"해당사항 없음";"해당사항 없음"
38;"20";"전남광주";"기아";"레이";"경차";"가솔린";1480;145.49;57.94;100.0;94.15;"해당사항 없음";"해당사항 없음"
38;"15";"인천";"기아";"레이";"경차";"가솔린";1480;144.19;58.71;100.0;94.15;"해당사항 없음";"해당사항 없음"
38;"11";"제주";"기아";"레이";"경차";"가솔린";1480;147.55;56.02;100.0;94.15;"해당사항 없음";"해당사항 없음"
69;"11";"제주";"현대";"베뉴";"소형SUV";"가솔린";1660;139.9;60.49;100.0;93.83;"해당사항 없음";"해당사항 없음"
69;"19";"세종";"현대";"베뉴";"소형SUV";"가솔린";1660;137.44;61.63;100.0;93.83;"해당사항 없음";"해당사항 없음"
69;"18";"울산";"현대";"베뉴";"소형SUV";"가솔린";1660;136.11;62.82;100.0;93.83;"해당사항 없음";"해당사항 없음"
69;"02";"경기";"현대";"베뉴";"소형SUV";"가솔린";1660;137.41;61.71;100.0;93.83;"해당사항 없음";"해당사항 없음"
69;"01";"서울";"현대";"베뉴";"소형SUV";"가솔린";1660;141.06;60.11;100.0;93.83;"해당사항 없음";"해당사항 없음"
69;"03";"강원";"현대";"베뉴";"소형SUV";"가솔린";1660;138.51;60.9;100.0;93.83;"해당사항 없음";"해당사항 없음"
69;"14";"대구";"현대";"베뉴";"소형SUV";"가솔린";1660;135.59;63.25;100.0;93.83;"해당사항 없음";"해당사항 없음"
69;"10";"부산";"현대";"베뉴";"소형SUV";"가솔린";1660;136.42;62.5;100.0;93.83;"해당사항 없음";"해당사항 없음"
69;"17";"대전";"현대";"베뉴";"소형SUV";"가솔린";1660;136.04;62.96;100.0;93.83;"해당사항 없음";"해당사항 없음"
69;"06";"전북";"현대";"베뉴";"소형SUV";"가솔린";1660;137.76;61.4;100.0;93.83;"해당사항 없음";"해당사항 없음"
69;"05";"충남";"현대";"베뉴";"소형SUV";"가솔린";1660;138.11;61.14;100.0;93.83;"해당사항 없음";"해당사항 없음"
69;"04";"충북";"현대";"베뉴";"소형SUV";"가솔린";1660;138.19;61.02;100.0;93.83;"해당사항 없음";"해당사항 없음"
69;"08";"경북";"현대";"베뉴";"소형SUV";"가솔린";1660;137.24;61.89;100.0;93.83;"해당사항 없음";"해당사항 없음"
69;"09";"경남";"현대";"베뉴";"소형SUV";"가솔린";1660;137.25;61.81;100.0;93.83;"해당사항 없음";"해당사항 없음"
69;"20";"전남광주";"현대";"베뉴";"소형SUV";"가솔린";1660;137.95;61.26;100.0;93.83;"해당사항 없음";"해당사항 없음"
69;"15";"인천";"현대";"베뉴";"소형SUV";"가솔린";1660;136.72;62.27;100.0;93.83;"해당사항 없음";"해당사항 없음"
114;"20";"전남광주";"볼보";"EX30";"소형SUV";"전기(배터리)";3991;72.92;89.8;21.79;93.5;"충전기당 전기차 수 : 1.65";"2300"
22;"20";"전남광주";"기아";"EV3";"소형SUV";"전기(배터리)";3995;72.16;90.47;21.79;93.48;"충전기당 전기차 수 : 1.65";"2300"
59;"03";"강원";"기아";"레이 EV";"경차";"전기(배터리)";2807;68.63;92.41;72.48;93.46;"충전기당 전기차 수 : 1.22";"1090"
62;"20";"전남광주";"기아";"EV4";"준중형";"전기(배터리)";4042;67.96;93.06;21.79;93.44;"충전기당 전기차 수 : 1.65";"2300"
114;"05";"충남";"볼보";"EX30";"소형SUV";"전기(배터리)";3991;72.92;89.8;44.32;93.42;"충전기당 전기차 수 : 1.48";"2200"
114;"04";"충북";"볼보";"EX30";"소형SUV";"전기(배터리)";3991;72.92;89.8;38.69;93.42;"충전기당 전기차 수 : 1.52";"2200"
22;"05";"충남";"기아";"EV3";"소형SUV";"전기(배터리)";3995;72.16;90.47;44.32;93.38;"충전기당 전기차 수 : 1.48";"2200"
22;"04";"충북";"기아";"EV3";"소형SUV";"전기(배터리)";3995;72.16;90.47;38.69;93.38;"충전기당 전기차 수 : 1.52";"2200"
31;"20";"전남광주";"기아";"PV5";"중형MPV";"전기(배터리)";4100;78.65;85.35;21.79;93.34;"충전기당 전기차 수 : 1.65";"2300"
62;"05";"충남";"기아";"EV4";"준중형";"전기(배터리)";4042;67.96;93.06;44.32;93.32;"충전기당 전기차 수 : 1.48";"2200"
62;"04";"충북";"기아";"EV4";"준중형";"전기(배터리)";4042;67.96;93.06;38.69;93.32;"충전기당 전기차 수 : 1.52";"2200"
119;"20";"전남광주";"현대";"코나 일렉트릭";"소형SUV";"전기(배터리)";4152;68.63;92.41;21.79;93.28;"충전기당 전기차 수 : 1.65";"2300"
16;"20";"전남광주";"기아";"EV5";"중형SUV";"전기(배터리)";4155;75.27;87.63;21.79;93.26;"충전기당 전기차 수 : 1.65";"2300"
59;"04";"충북";"기아";"레이 EV";"경차";"전기(배터리)";2807;68.63;92.41;38.69;93.24;"충전기당 전기차 수 : 1.52";"950"
114;"08";"경북";"볼보";"EX30";"소형SUV";"전기(배터리)";3991;72.92;89.8;33.06;93.22;"충전기당 전기차 수 : 1.58";"2100"
114;"09";"경남";"볼보";"EX30";"소형SUV";"전기(배터리)";3991;72.92;89.8;27.43;93.22;"충전기당 전기차 수 : 1.64";"2100"
22;"08";"경북";"기아";"EV3";"소형SUV";"전기(배터리)";3995;72.16;90.47;33.06;93.18;"충전기당 전기차 수 : 1.58";"2100"
22;"09";"경남";"기아";"EV3";"소형SUV";"전기(배터리)";3995;72.16;90.47;27.43;93.18;"충전기당 전기차 수 : 1.64";"2100"
31;"05";"충남";"기아";"PV5";"중형MPV";"전기(배터리)";4100;78.65;85.35;44.32;93.14;"충전기당 전기차 수 : 1.48";"2200"
31;"04";"충북";"기아";"PV5";"중형MPV";"전기(배터리)";4100;78.65;85.35;38.69;93.14;"충전기당 전기차 수 : 1.52";"2200"
59;"20";"전남광주";"기아";"레이 EV";"경차";"전기(배터리)";2807;68.63;92.41;21.79;93.1;"충전기당 전기차 수 : 1.65";"890"
62;"08";"경북";"기아";"EV4";"준중형";"전기(배터리)";4042;67.96;93.06;33.06;93.08;"충전기당 전기차 수 : 1.58";"2100"
62;"09";"경남";"기아";"EV4";"준중형";"전기(배터리)";4042;67.96;93.06;27.43;93.08;"충전기당 전기차 수 : 1.64";"2100"
114;"03";"강원";"볼보";"EX30";"소형SUV";"전기(배터리)";3991;72.92;89.8;72.48;93.04;"충전기당 전기차 수 : 1.22";"2040"
119;"05";"충남";"현대";"코나 일렉트릭";"소형SUV";"전기(배터리)";4152;68.63;92.41;44.32;93.02;"충전기당 전기차 수 : 1.48";"2200"
119;"04";"충북";"현대";"코나 일렉트릭";"소형SUV";"전기(배터리)";4152;68.63;92.41;38.69;93.02;"충전기당 전기차 수 : 1.52";"2200"
22;"03";"강원";"기아";"EV3";"소형SUV";"전기(배터리)";3995;72.16;90.47;72.48;92.98;"충전기당 전기차 수 : 1.22";"2040"
16;"05";"충남";"기아";"EV5";"중형SUV";"전기(배터리)";4155;75.27;87.63;44.32;92.98;"충전기당 전기차 수 : 1.48";"2200"
16;"04";"충북";"기아";"EV5";"중형SUV";"전기(배터리)";4155;75.27;87.63;38.69;92.98;"충전기당 전기차 수 : 1.52";"2200"
59;"05";"충남";"기아";"레이 EV";"경차";"전기(배터리)";2807;68.63;92.41;44.32;92.92;"충전기당 전기차 수 : 1.48";"850"
31;"08";"경북";"기아";"PV5";"중형MPV";"전기(배터리)";4100;78.65;85.35;33.06;92.9;"충전기당 전기차 수 : 1.58";"2100"
31;"09";"경남";"기아";"PV5";"중형MPV";"전기(배터리)";4100;78.65;85.35;27.43;92.9;"충전기당 전기차 수 : 1.64";"2100"
62;"03";"강원";"기아";"EV4";"준중형";"전기(배터리)";4042;67.96;93.06;72.48;92.85;"충전기당 전기차 수 : 1.22";"2040"
37;"15";"인천";"기아";"봉고 3";"소형트럭";"디젤";2008;227.26;12.37;100.0;92.83;"해당사항 없음";"해당사항 없음"
37;"11";"제주";"기아";"봉고 3";"소형트럭";"디젤";2008;232.29;10.73;100.0;92.83;"해당사항 없음";"해당사항 없음"
36;"11";"제주";"기아";"봉고 3";"소형트럭";"LPG";2008;140.97;60.13;100.0;92.83;"해당사항 없음";"해당사항 없음"
37;"17";"대전";"기아";"봉고 3";"소형트럭";"디젤";2008;226.7;12.59;100.0;92.83;"해당사항 없음";"해당사항 없음"
36;"06";"전북";"기아";"봉고 3";"소형트럭";"LPG";2008;131.86;65.57;100.0;92.83;"해당사항 없음";"해당사항 없음"
37;"06";"전북";"기아";"봉고 3";"소형트럭";"디젤";2008;229.43;11.76;100.0;92.83;"해당사항 없음";"해당사항 없음"
37;"05";"충남";"기아";"봉고 3";"소형트럭";"디젤";2008;229.89;11.52;100.0;92.83;"해당사항 없음";"해당사항 없음"
36;"05";"충남";"기아";"봉고 3";"소형트럭";"LPG";2008;137.28;61.73;100.0;92.83;"해당사항 없음";"해당사항 없음"
36;"04";"충북";"기아";"봉고 3";"소형트럭";"LPG";2008;135.47;63.33;100.0;92.83;"해당사항 없음";"해당사항 없음"
37;"04";"충북";"기아";"봉고 3";"소형트럭";"디젤";2008;229.97;11.48;100.0;92.83;"해당사항 없음";"해당사항 없음"
36;"08";"경북";"기아";"봉고 3";"소형트럭";"LPG";2008;134.97;63.85;100.0;92.83;"해당사항 없음";"해당사항 없음"
37;"08";"경북";"기아";"봉고 3";"소형트럭";"디젤";2008;228.41;11.94;100.0;92.83;"해당사항 없음";"해당사항 없음"
37;"09";"경남";"기아";"봉고 3";"소형트럭";"디젤";2008;228.21;12.02;100.0;92.83;"해당사항 없음";"해당사항 없음"
36;"09";"경남";"기아";"봉고 3";"소형트럭";"LPG";2008;134.11;64.38;100.0;92.83;"해당사항 없음";"해당사항 없음"
36;"20";"전남광주";"기아";"봉고 3";"소형트럭";"LPG";2008;137.69;61.47;100.0;92.83;"해당사항 없음";"해당사항 없음"
37;"20";"전남광주";"기아";"봉고 3";"소형트럭";"디젤";2008;229.87;11.54;100.0;92.83;"해당사항 없음";"해당사항 없음"
36;"15";"인천";"기아";"봉고 3";"소형트럭";"LPG";2008;136.0;63.0;100.0;92.83;"해당사항 없음";"해당사항 없음"
37;"19";"세종";"기아";"봉고 3";"소형트럭";"디젤";2008;228.75;11.9;100.0;92.83;"해당사항 없음";"해당사항 없음"
36;"19";"세종";"기아";"봉고 3";"소형트럭";"LPG";2008;136.75;62.15;100.0;92.83;"해당사항 없음";"해당사항 없음"
36;"18";"울산";"기아";"봉고 3";"소형트럭";"LPG";2008;137.58;61.51;100.0;92.83;"해당사항 없음";"해당사항 없음"
37;"18";"울산";"기아";"봉고 3";"소형트럭";"디젤";2008;226.89;12.43;100.0;92.83;"해당사항 없음";"해당사항 없음"
36;"02";"경기";"기아";"봉고 3";"소형트럭";"LPG";2008;136.4;62.58;100.0;92.83;"해당사항 없음";"해당사항 없음"
37;"02";"경기";"기아";"봉고 3";"소형트럭";"디젤";2008;228.35;11.98;100.0;92.83;"해당사항 없음";"해당사항 없음"
37;"01";"서울";"기아";"봉고 3";"소형트럭";"디젤";2008;234.34;10.1;100.0;92.83;"해당사항 없음";"해당사항 없음"
36;"01";"서울";"기아";"봉고 3";"소형트럭";"LPG";2008;143.62;58.98;100.0;92.83;"해당사항 없음";"해당사항 없음"
36;"03";"강원";"기아";"봉고 3";"소형트럭";"LPG";2008;140.28;60.27;100.0;92.83;"해당사항 없음";"해당사항 없음"
37;"03";"강원";"기아";"봉고 3";"소형트럭";"디젤";2008;231.08;11.13;100.0;92.83;"해당사항 없음";"해당사항 없음"
36;"14";"대구";"기아";"봉고 3";"소형트럭";"LPG";2008;138.77;60.8;100.0;92.83;"해당사항 없음";"해당사항 없음"
37;"14";"대구";"기아";"봉고 3";"소형트럭";"디젤";2008;225.51;12.89;100.0;92.83;"해당사항 없음";"해당사항 없음"
37;"10";"부산";"기아";"봉고 3";"소형트럭";"디젤";2008;226.64;12.61;100.0;92.83;"해당사항 없음";"해당사항 없음"
36;"10";"부산";"기아";"봉고 3";"소형트럭";"LPG";2008;135.0;63.83;100.0;92.83;"해당사항 없음";"해당사항 없음"
36;"17";"대전";"기아";"봉고 3";"소형트럭";"LPG";2008;132.83;64.93;100.0;92.83;"해당사항 없음";"해당사항 없음"
119;"08";"경북";"현대";"코나 일렉트릭";"소형SUV";"전기(배터리)";4152;68.63;92.41;33.06;92.19;"충전기당 전기차 수 : 1.58";"2100"
119;"09";"경남";"현대";"코나 일렉트릭";"소형SUV";"전기(배터리)";4152;68.63;92.41;27.43;92.19;"충전기당 전기차 수 : 1.64";"2100"
16;"08";"경북";"기아";"EV5";"중형SUV";"전기(배터리)";4155;75.27;87.63;33.06;92.15;"충전기당 전기차 수 : 1.58";"2100"
16;"09";"경남";"기아";"EV5";"중형SUV";"전기(배터리)";4155;75.27;87.63;27.43;92.15;"충전기당 전기차 수 : 1.64";"2100"
84;"15";"인천";"KGM";"티볼리";"소형SUV";"LPG+가솔린";2057;172.49;37.68;100.0;92.11;"해당사항 없음";"해당사항 없음"
85;"15";"인천";"KGM";"티볼리";"소형SUV";"가솔린";2057;172.49;37.68;100.0;92.11;"해당사항 없음";"해당사항 없음"
84;"11";"제주";"KGM";"티볼리";"소형SUV";"LPG+가솔린";2057;176.5;35.42;100.0;92.11;"해당사항 없음";"해당사항 없음"
85;"11";"제주";"KGM";"티볼리";"소형SUV";"가솔린";2057;176.5;35.42;100.0;92.11;"해당사항 없음";"해당사항 없음"
59;"17";"대전";"기아";"레이 EV";"경차";"전기(배터리)";2807;68.63;92.41;55.58;92.11;"충전기당 전기차 수 : 1.45";"750"
59;"08";"경북";"기아";"레이 EV";"경차";"전기(배터리)";2807;68.63;92.41;33.06;92.11;"충전기당 전기차 수 : 1.58";"750"
59;"09";"경남";"기아";"레이 EV";"경차";"전기(배터리)";2807;68.63;92.41;27.43;92.11;"충전기당 전기차 수 : 1.64";"750"
84;"19";"세종";"KGM";"티볼리";"소형SUV";"LPG+가솔린";2057;173.4;37.24;100.0;92.11;"해당사항 없음";"해당사항 없음"
85;"19";"세종";"KGM";"티볼리";"소형SUV";"가솔린";2057;173.4;37.24;100.0;92.11;"해당사항 없음";"해당사항 없음"
84;"18";"울산";"KGM";"티볼리";"소형SUV";"LPG+가솔린";2057;171.73;38.03;100.0;92.11;"해당사항 없음";"해당사항 없음"
85;"18";"울산";"KGM";"티볼리";"소형SUV";"가솔린";2057;171.73;38.03;100.0;92.11;"해당사항 없음";"해당사항 없음"
84;"02";"경기";"KGM";"티볼리";"소형SUV";"LPG+가솔린";2057;173.36;37.28;100.0;92.11;"해당사항 없음";"해당사항 없음"
85;"02";"경기";"KGM";"티볼리";"소형SUV";"가솔린";2057;173.36;37.28;100.0;92.11;"해당사항 없음";"해당사항 없음"
84;"01";"서울";"KGM";"티볼리";"소형SUV";"LPG+가솔린";2057;177.97;34.12;100.0;92.11;"해당사항 없음";"해당사항 없음"
85;"01";"서울";"KGM";"티볼리";"소형SUV";"가솔린";2057;177.97;34.12;100.0;92.11;"해당사항 없음";"해당사항 없음"
84;"03";"강원";"KGM";"티볼리";"소형SUV";"LPG+가솔린";2057;174.75;36.67;100.0;92.11;"해당사항 없음";"해당사항 없음"
85;"03";"강원";"KGM";"티볼리";"소형SUV";"가솔린";2057;174.75;36.67;100.0;92.11;"해당사항 없음";"해당사항 없음"
84;"14";"대구";"KGM";"티볼리";"소형SUV";"LPG+가솔린";2057;171.08;38.27;100.0;92.11;"해당사항 없음";"해당사항 없음"
85;"14";"대구";"KGM";"티볼리";"소형SUV";"가솔린";2057;171.08;38.27;100.0;92.11;"해당사항 없음";"해당사항 없음"
84;"10";"부산";"KGM";"티볼리";"소형SUV";"LPG+가솔린";2057;172.11;37.89;100.0;92.11;"해당사항 없음";"해당사항 없음"
85;"10";"부산";"KGM";"티볼리";"소형SUV";"가솔린";2057;172.11;37.89;100.0;92.11;"해당사항 없음";"해당사항 없음"
84;"17";"대전";"KGM";"티볼리";"소형SUV";"LPG+가솔린";2057;171.64;38.09;100.0;92.11;"해당사항 없음";"해당사항 없음"
85;"17";"대전";"KGM";"티볼리";"소형SUV";"가솔린";2057;171.64;38.09;100.0;92.11;"해당사항 없음";"해당사항 없음"
84;"06";"전북";"KGM";"티볼리";"소형SUV";"LPG+가솔린";2057;173.8;37.14;100.0;92.11;"해당사항 없음";"해당사항 없음"
85;"06";"전북";"KGM";"티볼리";"소형SUV";"가솔린";2057;173.8;37.14;100.0;92.11;"해당사항 없음";"해당사항 없음"
84;"05";"충남";"KGM";"티볼리";"소형SUV";"LPG+가솔린";2057;174.25;36.88;100.0;92.11;"해당사항 없음";"해당사항 없음"
85;"05";"충남";"KGM";"티볼리";"소형SUV";"가솔린";2057;174.25;36.88;100.0;92.11;"해당사항 없음";"해당사항 없음"
84;"04";"충북";"KGM";"티볼리";"소형SUV";"LPG+가솔린";2057;174.36;36.81;100.0;92.11;"해당사항 없음";"해당사항 없음"
85;"04";"충북";"KGM";"티볼리";"소형SUV";"가솔린";2057;174.36;36.81;100.0;92.11;"해당사항 없음";"해당사항 없음"
84;"08";"경북";"KGM";"티볼리";"소형SUV";"LPG+가솔린";2057;173.15;37.46;100.0;92.11;"해당사항 없음";"해당사항 없음"
85;"08";"경북";"KGM";"티볼리";"소형SUV";"가솔린";2057;173.15;37.46;100.0;92.11;"해당사항 없음";"해당사항 없음"
84;"09";"경남";"KGM";"티볼리";"소형SUV";"LPG+가솔린";2057;173.17;37.42;100.0;92.11;"해당사항 없음";"해당사항 없음"
85;"09";"경남";"KGM";"티볼리";"소형SUV";"가솔린";2057;173.17;37.42;100.0;92.11;"해당사항 없음";"해당사항 없음"
84;"20";"전남광주";"KGM";"티볼리";"소형SUV";"LPG+가솔린";2057;174.04;37.06;100.0;92.11;"해당사항 없음";"해당사항 없음"
85;"20";"전남광주";"KGM";"티볼리";"소형SUV";"가솔린";2057;174.04;37.06;100.0;92.11;"해당사항 없음";"해당사항 없음"
25;"17";"대전";"현대";"포터2";"소형트럭";"디젤";2058;229.55;11.66;100.0;91.4;"해당사항 없음";"해당사항 없음"
24;"06";"전북";"현대";"포터2";"소형트럭";"LPG";2058;133.52;64.62;100.0;91.4;"해당사항 없음";"해당사항 없음"
25;"06";"전북";"현대";"포터2";"소형트럭";"디젤";2058;232.31;10.71;100.0;91.4;"해당사항 없음";"해당사항 없음"
25;"05";"충남";"현대";"포터2";"소형트럭";"디젤";2058;232.79;10.46;100.0;91.4;"해당사항 없음";"해당사항 없음"
24;"05";"충남";"현대";"포터2";"소형트럭";"LPG";2058;139.01;60.68;100.0;91.4;"해당사항 없음";"해당사항 없음"
24;"04";"충북";"현대";"포터2";"소형트럭";"LPG";2058;137.17;61.95;100.0;91.4;"해당사항 없음";"해당사항 없음"
25;"04";"충북";"현대";"포터2";"소형트럭";"디젤";2058;232.86;10.42;100.0;91.4;"해당사항 없음";"해당사항 없음"
24;"08";"경북";"현대";"포터2";"소형트럭";"LPG";2058;136.67;62.32;100.0;91.4;"해당사항 없음";"해당사항 없음"
25;"08";"경북";"현대";"포터2";"소형트럭";"디젤";2058;231.28;11.05;100.0;91.4;"해당사항 없음";"해당사항 없음"
25;"09";"경남";"현대";"포터2";"소형트럭";"디젤";2058;231.08;11.13;100.0;91.4;"해당사항 없음";"해당사항 없음"
24;"09";"경남";"현대";"포터2";"소형트럭";"LPG";2058;135.8;63.06;100.0;91.4;"해당사항 없음";"해당사항 없음"
24;"20";"전남광주";"현대";"포터2";"소형트럭";"LPG";2058;139.42;60.59;100.0;91.4;"해당사항 없음";"해당사항 없음"
25;"20";"전남광주";"현대";"포터2";"소형트럭";"디젤";2058;232.76;10.48;100.0;91.4;"해당사항 없음";"해당사항 없음"
24;"15";"인천";"현대";"포터2";"소형트럭";"LPG";2058;137.71;61.42;100.0;91.4;"해당사항 없음";"해당사항 없음"
25;"15";"인천";"현대";"포터2";"소형트럭";"디젤";2058;230.11;11.44;100.0;91.4;"해당사항 없음";"해당사항 없음"
25;"11";"제주";"현대";"포터2";"소형트럭";"디젤";2058;235.21;9.76;100.0;91.4;"해당사항 없음";"해당사항 없음"
24;"11";"제주";"현대";"포터2";"소형트럭";"LPG";2058;142.74;59.46;100.0;91.4;"해당사항 없음";"해당사항 없음"
25;"19";"세종";"현대";"포터2";"소형트럭";"디젤";2058;231.63;10.93;100.0;91.4;"해당사항 없음";"해당사항 없음"
24;"19";"세종";"현대";"포터2";"소형트럭";"LPG";2058;138.47;60.94;100.0;91.4;"해당사항 없음";"해당사항 없음"
24;"18";"울산";"현대";"포터2";"소형트럭";"LPG";2058;139.31;60.64;100.0;91.4;"해당사항 없음";"해당사항 없음"
25;"18";"울산";"현대";"포터2";"소형트럭";"디젤";2058;229.74;11.58;100.0;91.4;"해당사항 없음";"해당사항 없음"
24;"02";"경기";"현대";"포터2";"소형트럭";"LPG";2058;138.11;61.14;100.0;91.4;"해당사항 없음";"해당사항 없음"
25;"02";"경기";"현대";"포터2";"소형트럭";"디젤";2058;231.23;11.07;100.0;91.4;"해당사항 없음";"해당사항 없음"
25;"01";"서울";"현대";"포터2";"소형트럭";"디젤";2058;237.29;9.21;100.0;91.4;"해당사항 없음";"해당사항 없음"
24;"01";"서울";"현대";"포터2";"소형트럭";"LPG";2058;145.43;57.96;100.0;91.4;"해당사항 없음";"해당사항 없음"
24;"03";"강원";"현대";"포터2";"소형트럭";"LPG";2058;142.05;59.72;100.0;91.4;"해당사항 없음";"해당사항 없음"
25;"03";"강원";"현대";"포터2";"소형트럭";"디젤";2058;233.99;10.16;100.0;91.4;"해당사항 없음";"해당사항 없음"
24;"14";"대구";"현대";"포터2";"소형트럭";"LPG";2058;140.51;60.25;100.0;91.4;"해당사항 없음";"해당사항 없음"
25;"14";"대구";"현대";"포터2";"소형트럭";"디젤";2058;228.35;11.98;100.0;91.4;"해당사항 없음";"해당사항 없음"
25;"10";"부산";"현대";"포터2";"소형트럭";"디젤";2058;229.49;11.68;100.0;91.4;"해당사항 없음";"해당사항 없음"
24;"10";"부산";"현대";"포터2";"소형트럭";"LPG";2058;136.7;62.29;100.0;91.4;"해당사항 없음";"해당사항 없음"
24;"17";"대전";"현대";"포터2";"소형트럭";"LPG";2058;134.5;64.06;100.0;91.4;"해당사항 없음";"해당사항 없음"
31;"03";"강원";"기아";"PV5";"중형MPV";"전기(배터리)";4100;78.65;85.35;72.48;90.75;"충전기당 전기차 수 : 1.22";"2040"
66;"20";"전남광주";"기아";"EV6";"중형SUV";"전기(배터리)";4360;75.27;87.63;21.79;90.75;"충전기당 전기차 수 : 1.65";"2300"
114;"17";"대전";"볼보";"EX30";"소형SUV";"전기(배터리)";3991;72.92;89.8;55.58;90.71;"충전기당 전기차 수 : 1.45";"1900"
22;"17";"대전";"기아";"EV3";"소형SUV";"전기(배터리)";3995;72.16;90.47;55.58;90.69;"충전기당 전기차 수 : 1.45";"1900"
59;"18";"울산";"기아";"레이 EV";"경차";"전기(배터리)";2807;68.63;92.41;89.37;90.67;"충전기당 전기차 수 : 0.96";"700"
59;"02";"경기";"기아";"레이 EV";"경차";"전기(배터리)";2807;68.63;92.41;83.74;90.67;"충전기당 전기차 수 : 1.01";"700"
59;"06";"전북";"기아";"레이 EV";"경차";"전기(배터리)";2807;68.63;92.41;49.95;90.67;"충전기당 전기차 수 : 1.46";"700"
119;"03";"강원";"현대";"코나 일렉트릭";"소형SUV";"전기(배터리)";4152;68.63;92.41;72.48;90.61;"충전기당 전기차 수 : 1.22";"2040"
16;"03";"강원";"기아";"EV5";"중형SUV";"전기(배터리)";4155;75.27;87.63;72.48;90.59;"충전기당 전기차 수 : 1.22";"2040"
62;"17";"대전";"기아";"EV4";"준중형";"전기(배터리)";4042;67.96;93.06;55.58;90.57;"충전기당 전기차 수 : 1.45";"1900"
134;"20";"전남광주";"폭스바겐";"ID.5";"중형SUV";"전기(배터리)";4452;68.63;92.41;21.79;90.55;"충전기당 전기차 수 : 1.65";"2300"
140;"20";"전남광주";"폭스바겐";"ID.4";"중형SUV";"전기(배터리)";4452;72.92;89.8;21.79;90.55;"충전기당 전기차 수 : 1.65";"2300"
66;"05";"충남";"기아";"EV6";"중형SUV";"전기(배터리)";4360;75.27;87.63;44.32;90.51;"충전기당 전기차 수 : 1.48";"2200"
66;"04";"충북";"기아";"EV6";"중형SUV";"전기(배터리)";4360;75.27;87.63;38.69;90.51;"충전기당 전기차 수 : 1.52";"2200"
141;"20";"전남광주";"KGM";"토레스 EVX";"중형SUV";"전기(배터리)";4470;72.92;89.8;21.79;90.47;"충전기당 전기차 수 : 1.65";"2300"
114;"06";"전북";"볼보";"EX30";"소형SUV";"전기(배터리)";3991;72.92;89.8;49.95;90.45;"충전기당 전기차 수 : 1.46";"1800"
22;"06";"전북";"기아";"EV3";"소형SUV";"전기(배터리)";3995;72.16;90.47;49.95;90.43;"충전기당 전기차 수 : 1.46";"1800"
79;"15";"인천";"쉐보레";"트랙스 크로스오버";"소형SUV";"가솔린";2199;149.45;53.29;100.0;90.41;"해당사항 없음";"해당사항 없음"
79;"11";"제주";"쉐보레";"트랙스 크로스오버";"소형SUV";"가솔린";2199;152.92;48.63;100.0;90.41;"해당사항 없음";"해당사항 없음"
79;"06";"전북";"쉐보레";"트랙스 크로스오버";"소형SUV";"가솔린";2199;150.58;51.55;100.0;90.41;"해당사항 없음";"해당사항 없음"
79;"05";"충남";"쉐보레";"트랙스 크로스오버";"소형SUV";"가솔린";2199;150.97;50.76;100.0;90.41;"해당사항 없음";"해당사항 없음"
79;"04";"충북";"쉐보레";"트랙스 크로스오버";"소형SUV";"가솔린";2199;151.06;50.7;100.0;90.41;"해당사항 없음";"해당사항 없음"
79;"08";"경북";"쉐보레";"트랙스 크로스오버";"소형SUV";"가솔린";2199;150.02;52.46;100.0;90.41;"해당사항 없음";"해당사항 없음"
79;"09";"경남";"쉐보레";"트랙스 크로스오버";"소형SUV";"가솔린";2199;150.04;52.38;100.0;90.41;"해당사항 없음";"해당사항 없음"
79;"20";"전남광주";"쉐보레";"트랙스 크로스오버";"소형SUV";"가솔린";2199;150.79;51.14;100.0;90.41;"해당사항 없음";"해당사항 없음"
79;"19";"세종";"쉐보레";"트랙스 크로스오버";"소형SUV";"가솔린";2199;150.24;51.93;100.0;90.41;"해당사항 없음";"해당사항 없음"
79;"18";"울산";"쉐보레";"트랙스 크로스오버";"소형SUV";"가솔린";2199;148.79;54.69;100.0;90.41;"해당사항 없음";"해당사항 없음"
79;"02";"경기";"쉐보레";"트랙스 크로스오버";"소형SUV";"가솔린";2199;150.2;52.01;100.0;90.41;"해당사항 없음";"해당사항 없음"
79;"01";"서울";"쉐보레";"트랙스 크로스오버";"소형SUV";"가솔린";2199;154.2;47.91;100.0;90.41;"해당사항 없음";"해당사항 없음"
79;"03";"강원";"쉐보레";"트랙스 크로스오버";"소형SUV";"가솔린";2199;151.4;50.17;100.0;90.41;"해당사항 없음";"해당사항 없음"
79;"14";"대구";"쉐보레";"트랙스 크로스오버";"소형SUV";"가솔린";2199;148.22;55.39;100.0;90.41;"해당사항 없음";"해당사항 없음"
79;"10";"부산";"쉐보레";"트랙스 크로스오버";"소형SUV";"가솔린";2199;149.12;54.08;100.0;90.41;"해당사항 없음";"해당사항 없음"
79;"17";"대전";"쉐보레";"트랙스 크로스오버";"소형SUV";"가솔린";2199;148.71;54.85;100.0;90.41;"해당사항 없음";"해당사항 없음"
31;"17";"대전";"기아";"PV5";"중형MPV";"전기(배터리)";4100;78.65;85.35;55.58;90.08;"충전기당 전기차 수 : 1.45";"1900"
62;"06";"전북";"기아";"EV4";"준중형";"전기(배터리)";4042;67.96;93.06;49.95;90.06;"충전기당 전기차 수 : 1.46";"1800"
60;"11";"제주";"현대";"디 올 뉴 아반떼";"준중형";"가솔린";2249;108.23;74.34;100.0;90.04;"해당사항 없음";"해당사항 없음"
61;"11";"제주";"현대";"디 올 뉴 아반떼";"준중형";"하이브리드";2249;108.23;74.34;100.0;90.04;"해당사항 없음";"해당사항 없음"
60;"19";"세종";"현대";"디 올 뉴 아반떼";"준중형";"가솔린";2249;106.33;74.92;100.0;90.04;"해당사항 없음";"해당사항 없음"
61;"19";"세종";"현대";"디 올 뉴 아반떼";"준중형";"하이브리드";2249;106.33;74.92;100.0;90.04;"해당사항 없음";"해당사항 없음"
60;"18";"울산";"현대";"디 올 뉴 아반떼";"준중형";"가솔린";2249;105.3;75.17;100.0;90.04;"해당사항 없음";"해당사항 없음"
61;"18";"울산";"현대";"디 올 뉴 아반떼";"준중형";"하이브리드";2249;105.3;75.17;100.0;90.04;"해당사항 없음";"해당사항 없음"
60;"02";"경기";"현대";"디 올 뉴 아반떼";"준중형";"가솔린";2249;106.3;74.96;100.0;90.04;"해당사항 없음";"해당사항 없음"
61;"02";"경기";"현대";"디 올 뉴 아반떼";"준중형";"하이브리드";2249;106.3;74.96;100.0;90.04;"해당사항 없음";"해당사항 없음"
60;"01";"서울";"현대";"디 올 뉴 아반떼";"준중형";"가솔린";2249;109.13;73.93;100.0;90.04;"해당사항 없음";"해당사항 없음"
61;"01";"서울";"현대";"디 올 뉴 아반떼";"준중형";"하이브리드";2249;109.13;73.93;100.0;90.04;"해당사항 없음";"해당사항 없음"
60;"03";"강원";"현대";"디 올 뉴 아반떼";"준중형";"가솔린";2249;107.15;74.66;100.0;90.04;"해당사항 없음";"해당사항 없음"
61;"03";"강원";"현대";"디 올 뉴 아반떼";"준중형";"하이브리드";2249;107.15;74.66;100.0;90.04;"해당사항 없음";"해당사항 없음"
60;"14";"대구";"현대";"디 올 뉴 아반떼";"준중형";"가솔린";2249;104.9;75.25;100.0;90.04;"해당사항 없음";"해당사항 없음"
61;"14";"대구";"현대";"디 올 뉴 아반떼";"준중형";"하이브리드";2249;104.9;75.25;100.0;90.04;"해당사항 없음";"해당사항 없음"
60;"10";"부산";"현대";"디 올 뉴 아반떼";"준중형";"가솔린";2249;105.54;75.13;100.0;90.04;"해당사항 없음";"해당사항 없음"
61;"10";"부산";"현대";"디 올 뉴 아반떼";"준중형";"하이브리드";2249;105.54;75.13;100.0;90.04;"해당사항 없음";"해당사항 없음"
60;"17";"대전";"현대";"디 올 뉴 아반떼";"준중형";"가솔린";2249;105.25;75.21;100.0;90.04;"해당사항 없음";"해당사항 없음"
61;"17";"대전";"현대";"디 올 뉴 아반떼";"준중형";"하이브리드";2249;105.25;75.21;100.0;90.04;"해당사항 없음";"해당사항 없음"
60;"06";"전북";"현대";"디 올 뉴 아반떼";"준중형";"가솔린";2249;106.57;74.88;100.0;90.04;"해당사항 없음";"해당사항 없음"
61;"06";"전북";"현대";"디 올 뉴 아반떼";"준중형";"하이브리드";2249;106.57;74.88;100.0;90.04;"해당사항 없음";"해당사항 없음"
60;"05";"충남";"현대";"디 올 뉴 아반떼";"준중형";"가솔린";2249;106.85;74.78;100.0;90.04;"해당사항 없음";"해당사항 없음"
61;"05";"충남";"현대";"디 올 뉴 아반떼";"준중형";"하이브리드";2249;106.85;74.78;100.0;90.04;"해당사항 없음";"해당사항 없음"
60;"04";"충북";"현대";"디 올 뉴 아반떼";"준중형";"가솔린";2249;106.91;74.74;100.0;90.04;"해당사항 없음";"해당사항 없음"
61;"04";"충북";"현대";"디 올 뉴 아반떼";"준중형";"하이브리드";2249;106.91;74.74;100.0;90.04;"해당사항 없음";"해당사항 없음"
60;"08";"경북";"현대";"디 올 뉴 아반떼";"준중형";"가솔린";2249;106.17;75.04;100.0;90.04;"해당사항 없음";"해당사항 없음"
61;"08";"경북";"현대";"디 올 뉴 아반떼";"준중형";"하이브리드";2249;106.17;75.04;100.0;90.04;"해당사항 없음";"해당사항 없음"
60;"09";"경남";"현대";"디 올 뉴 아반떼";"준중형";"가솔린";2249;106.19;75.0;100.0;90.04;"해당사항 없음";"해당사항 없음"
61;"09";"경남";"현대";"디 올 뉴 아반떼";"준중형";"하이브리드";2249;106.19;75.0;100.0;90.04;"해당사항 없음";"해당사항 없음"
60;"20";"전남광주";"현대";"디 올 뉴 아반떼";"준중형";"가솔린";2249;106.72;74.84;100.0;90.04;"해당사항 없음";"해당사항 없음"
61;"20";"전남광주";"현대";"디 올 뉴 아반떼";"준중형";"하이브리드";2249;106.72;74.84;100.0;90.04;"해당사항 없음";"해당사항 없음"
60;"15";"인천";"현대";"디 올 뉴 아반떼";"준중형";"가솔린";2249;105.77;75.09;100.0;90.04;"해당사항 없음";"해당사항 없음"
61;"15";"인천";"현대";"디 올 뉴 아반떼";"준중형";"하이브리드";2249;105.77;75.09;100.0;90.04;"해당사항 없음";"해당사항 없음"
119;"17";"대전";"현대";"코나 일렉트릭";"소형SUV";"전기(배터리)";4152;68.63;92.41;55.58;89.39;"충전기당 전기차 수 : 1.45";"1900"
134;"05";"충남";"폭스바겐";"ID.5";"중형SUV";"전기(배터리)";4452;68.63;92.41;44.32;89.39;"충전기당 전기차 수 : 1.48";"2200"
140;"05";"충남";"폭스바겐";"ID.4";"중형SUV";"전기(배터리)";4452;72.92;89.8;44.32;89.39;"충전기당 전기차 수 : 1.48";"2200"
134;"04";"충북";"폭스바겐";"ID.5";"중형SUV";"전기(배터리)";4452;68.63;92.41;38.69;89.39;"충전기당 전기차 수 : 1.52";"2200"
140;"04";"충북";"폭스바겐";"ID.4";"중형SUV";"전기(배터리)";4452;72.92;89.8;38.69;89.39;"충전기당 전기차 수 : 1.52";"2200"
16;"17";"대전";"기아";"EV5";"중형SUV";"전기(배터리)";4155;75.27;87.63;55.58;89.29;"충전기당 전기차 수 : 1.45";"1900"
66;"08";"경북";"기아";"EV6";"중형SUV";"전기(배터리)";4360;75.27;87.63;33.06;89.27;"충전기당 전기차 수 : 1.58";"2100"
66;"09";"경남";"기아";"EV6";"중형SUV";"전기(배터리)";4360;75.27;87.63;27.43;89.27;"충전기당 전기차 수 : 1.64";"2100"
141;"05";"충남";"KGM";"토레스 EVX";"중형SUV";"전기(배터리)";4470;72.92;89.8;44.32;89.23;"충전기당 전기차 수 : 1.48";"2200"
141;"04";"충북";"KGM";"토레스 EVX";"중형SUV";"전기(배터리)";4470;72.92;89.8;38.69;89.23;"충전기당 전기차 수 : 1.52";"2200"
114;"18";"울산";"볼보";"EX30";"소형SUV";"전기(배터리)";3991;72.92;89.8;89.37;89.19;"충전기당 전기차 수 : 0.96";"1700"
114;"02";"경기";"볼보";"EX30";"소형SUV";"전기(배터리)";3991;72.92;89.8;83.74;89.19;"충전기당 전기차 수 : 1.01";"1700"
22;"18";"울산";"기아";"EV3";"소형SUV";"전기(배터리)";3995;72.16;90.47;89.37;89.15;"충전기당 전기차 수 : 0.96";"1700"
22;"02";"경기";"기아";"EV3";"소형SUV";"전기(배터리)";3995;72.16;90.47;83.74;89.15;"충전기당 전기차 수 : 1.01";"1700"
31;"06";"전북";"기아";"PV5";"중형MPV";"전기(배터리)";4100;78.65;85.35;49.95;89.11;"충전기당 전기차 수 : 1.46";"1800"
66;"03";"강원";"기아";"EV6";"중형SUV";"전기(배터리)";4360;75.27;87.63;72.48;89.09;"충전기당 전기차 수 : 1.22";"2040"
62;"18";"울산";"기아";"EV4";"준중형";"전기(배터리)";4042;67.96;93.06;89.37;89.07;"충전기당 전기차 수 : 0.96";"1700"
62;"02";"경기";"기아";"EV4";"준중형";"전기(배터리)";4042;67.96;93.06;83.74;89.07;"충전기당 전기차 수 : 1.01";"1700"
146;"05";"충남";"기아";"봉고 3 EV";"소형트럭";"전기(배터리)";4345;120.69;71.64;44.32;89.03;"충전기당 전기차 수 : 1.48";"2000"
113;"05";"충남";"현대";"포터2 일렉트릭";"소형트럭";"전기(배터리)";4350;120.69;71.64;44.32;89.01;"충전기당 전기차 수 : 1.48";"2000"
119;"06";"전북";"현대";"코나 일렉트릭";"소형SUV";"전기(배터리)";4152;68.63;92.41;49.95;88.99;"충전기당 전기차 수 : 1.46";"1800"
134;"08";"경북";"폭스바겐";"ID.5";"중형SUV";"전기(배터리)";4452;68.63;92.41;33.06;88.99;"충전기당 전기차 수 : 1.58";"2100"
140;"08";"경북";"폭스바겐";"ID.4";"중형SUV";"전기(배터리)";4452;72.92;89.8;33.06;88.99;"충전기당 전기차 수 : 1.58";"2100"
134;"09";"경남";"폭스바겐";"ID.5";"중형SUV";"전기(배터리)";4452;68.63;92.41;27.43;88.99;"충전기당 전기차 수 : 1.64";"2100"
140;"09";"경남";"폭스바겐";"ID.4";"중형SUV";"전기(배터리)";4452;72.92;89.8;27.43;88.99;"충전기당 전기차 수 : 1.64";"2100"
16;"06";"전북";"기아";"EV5";"중형SUV";"전기(배터리)";4155;75.27;87.63;49.95;88.89;"충전기당 전기차 수 : 1.46";"1800"
141;"08";"경북";"KGM";"토레스 EVX";"중형SUV";"전기(배터리)";4470;72.92;89.8;33.06;88.87;"충전기당 전기차 수 : 1.58";"2100"
141;"09";"경남";"KGM";"토레스 EVX";"중형SUV";"전기(배터리)";4470;72.92;89.8;27.43;88.87;"충전기당 전기차 수 : 1.64";"2100"
49;"11";"제주";"현대";"코나";"소형SUV";"가솔린";2393;121.85;70.51;100.0;88.83;"해당사항 없음";"해당사항 없음"
50;"11";"제주";"현대";"코나";"소형SUV";"하이브리드";2393;121.85;70.51;100.0;88.83;"해당사항 없음";"해당사항 없음"
49;"17";"대전";"현대";"코나";"소형SUV";"가솔린";2393;118.49;72.31;100.0;88.83;"해당사항 없음";"해당사항 없음"
50;"17";"대전";"현대";"코나";"소형SUV";"하이브리드";2393;118.49;72.31;100.0;88.83;"해당사항 없음";"해당사항 없음"
49;"06";"전북";"현대";"코나";"소형SUV";"가솔린";2393;119.98;71.97;100.0;88.83;"해당사항 없음";"해당사항 없음"
50;"06";"전북";"현대";"코나";"소형SUV";"하이브리드";2393;119.98;71.97;100.0;88.83;"해당사항 없음";"해당사항 없음"
49;"05";"충남";"현대";"코나";"소형SUV";"가솔린";2393;120.29;71.85;100.0;88.83;"해당사항 없음";"해당사항 없음"
50;"05";"충남";"현대";"코나";"소형SUV";"하이브리드";2393;120.29;71.85;100.0;88.83;"해당사항 없음";"해당사항 없음"
49;"04";"충북";"현대";"코나";"소형SUV";"가솔린";2393;120.36;71.81;100.0;88.83;"해당사항 없음";"해당사항 없음"
50;"04";"충북";"현대";"코나";"소형SUV";"하이브리드";2393;120.36;71.81;100.0;88.83;"해당사항 없음";"해당사항 없음"
49;"08";"경북";"현대";"코나";"소형SUV";"가솔린";2393;119.53;72.15;100.0;88.83;"해당사항 없음";"해당사항 없음"
50;"08";"경북";"현대";"코나";"소형SUV";"하이브리드";2393;119.53;72.15;100.0;88.83;"해당사항 없음";"해당사항 없음"
49;"09";"경남";"현대";"코나";"소형SUV";"가솔린";2393;119.54;72.11;100.0;88.83;"해당사항 없음";"해당사항 없음"
50;"09";"경남";"현대";"코나";"소형SUV";"하이브리드";2393;119.54;72.11;100.0;88.83;"해당사항 없음";"해당사항 없음"
49;"20";"전남광주";"현대";"코나";"소형SUV";"가솔린";2393;120.15;71.89;100.0;88.83;"해당사항 없음";"해당사항 없음"
50;"20";"전남광주";"현대";"코나";"소형SUV";"하이브리드";2393;120.15;71.89;100.0;88.83;"해당사항 없음";"해당사항 없음"
49;"15";"인천";"현대";"코나";"소형SUV";"가솔린";2393;119.08;72.19;100.0;88.83;"해당사항 없음";"해당사항 없음"
50;"15";"인천";"현대";"코나";"소형SUV";"하이브리드";2393;119.08;72.19;100.0;88.83;"해당사항 없음";"해당사항 없음"
49;"19";"세종";"현대";"코나";"소형SUV";"가솔린";2393;119.7;72.03;100.0;88.83;"해당사항 없음";"해당사항 없음"
50;"19";"세종";"현대";"코나";"소형SUV";"하이브리드";2393;119.7;72.03;100.0;88.83;"해당사항 없음";"해당사항 없음"
49;"18";"울산";"현대";"코나";"소형SUV";"가솔린";2393;118.55;72.27;100.0;88.83;"해당사항 없음";"해당사항 없음"
50;"18";"울산";"현대";"코나";"소형SUV";"하이브리드";2393;118.55;72.27;100.0;88.83;"해당사항 없음";"해당사항 없음"
49;"02";"경기";"현대";"코나";"소형SUV";"가솔린";2393;119.68;72.07;100.0;88.83;"해당사항 없음";"해당사항 없음"
50;"02";"경기";"현대";"코나";"소형SUV";"하이브리드";2393;119.68;72.07;100.0;88.83;"해당사항 없음";"해당사항 없음"
49;"01";"서울";"현대";"코나";"소형SUV";"가솔린";2393;122.86;69.84;100.0;88.83;"해당사항 없음";"해당사항 없음"
50;"01";"서울";"현대";"코나";"소형SUV";"하이브리드";2393;122.86;69.84;100.0;88.83;"해당사항 없음";"해당사항 없음"
49;"03";"강원";"현대";"코나";"소형SUV";"가솔린";2393;120.64;71.69;100.0;88.83;"해당사항 없음";"해당사항 없음"
50;"03";"강원";"현대";"코나";"소형SUV";"하이브리드";2393;120.64;71.69;100.0;88.83;"해당사항 없음";"해당사항 없음"
49;"14";"대구";"현대";"코나";"소형SUV";"가솔린";2393;118.1;72.35;100.0;88.83;"해당사항 없음";"해당사항 없음"
50;"14";"대구";"현대";"코나";"소형SUV";"하이브리드";2393;118.1;72.35;100.0;88.83;"해당사항 없음";"해당사항 없음"
49;"10";"부산";"현대";"코나";"소형SUV";"가솔린";2393;118.81;72.23;100.0;88.83;"해당사항 없음";"해당사항 없음"
50;"10";"부산";"현대";"코나";"소형SUV";"하이브리드";2393;118.81;72.23;100.0;88.83;"해당사항 없음";"해당사항 없음"
73;"20";"전남광주";"테슬라";"Model 3";"준중형";"전기(배터리)";4699;66.67;93.38;21.79;88.18;"충전기당 전기차 수 : 1.65";"2300"
31;"18";"울산";"기아";"PV5";"중형MPV";"전기(배터리)";4100;78.65;85.35;89.37;88.16;"충전기당 전기차 수 : 0.96";"1700"
31;"02";"경기";"기아";"PV5";"중형MPV";"전기(배터리)";4100;78.65;85.35;83.74;88.16;"충전기당 전기차 수 : 1.01";"1700"
134;"03";"강원";"폭스바겐";"ID.5";"중형SUV";"전기(배터리)";4452;68.63;92.41;72.48;88.12;"충전기당 전기차 수 : 1.22";"2040"
140;"03";"강원";"폭스바겐";"ID.4";"중형SUV";"전기(배터리)";4452;72.92;89.8;72.48;88.12;"충전기당 전기차 수 : 1.22";"2040"
141;"03";"강원";"KGM";"토레스 EVX";"중형SUV";"전기(배터리)";4470;72.92;89.8;72.48;88.08;"충전기당 전기차 수 : 1.22";"2040"
43;"20";"전남광주";"현대";"아이오닉 5";"중형SUV";"전기(배터리)";4735;72.92;89.8;21.79;88.06;"충전기당 전기차 수 : 1.65";"2300"
119;"18";"울산";"현대";"코나 일렉트릭";"소형SUV";"전기(배터리)";4152;68.63;92.41;89.37;88.04;"충전기당 전기차 수 : 0.96";"1700"
119;"02";"경기";"현대";"코나 일렉트릭";"소형SUV";"전기(배터리)";4152;68.63;92.41;83.74;88.04;"충전기당 전기차 수 : 1.01";"1700"
16;"18";"울산";"기아";"EV5";"중형SUV";"전기(배터리)";4155;75.27;87.63;89.37;88.0;"충전기당 전기차 수 : 0.96";"1700"
16;"02";"경기";"기아";"EV5";"중형SUV";"전기(배터리)";4155;75.27;87.63;83.74;88.0;"충전기당 전기차 수 : 1.01";"1700"
66;"17";"대전";"기아";"EV6";"중형SUV";"전기(배터리)";4360;75.27;87.63;55.58;87.96;"충전기당 전기차 수 : 1.45";"1900"
218;"20";"전남광주";"미니";"Aceman";"소형SUV";"전기(배터리)";4781;64.81;93.7;21.79;87.94;"충전기당 전기차 수 : 1.65";"2300"
198;"20";"전남광주";"미니";"Mini Electric";"소형";"전기(배터리)";4791;67.96;93.06;21.79;87.92;"충전기당 전기차 수 : 1.65";"2300"
73;"05";"충남";"테슬라";"Model 3";"준중형";"전기(배터리)";4699;66.67;93.38;44.32;87.9;"충전기당 전기차 수 : 1.48";"2200"
73;"04";"충북";"테슬라";"Model 3";"준중형";"전기(배터리)";4699;66.67;93.38;38.69;87.9;"충전기당 전기차 수 : 1.52";"2200"
32;"11";"제주";"기아";"K5";"중형";"LPG";2507;77.46;86.05;100.0;87.86;"해당사항 없음";"해당사항 없음"
33;"11";"제주";"기아";"K5";"중형";"가솔린";2507;128.91;67.19;100.0;87.86;"해당사항 없음";"해당사항 없음"
34;"11";"제주";"기아";"K5";"중형";"하이브리드";2507;128.91;67.19;100.0;87.86;"해당사항 없음";"해당사항 없음"
32;"19";"세종";"기아";"K5";"중형";"LPG";2507;75.14;87.65;100.0;87.86;"해당사항 없음";"해당사항 없음"
33;"19";"세종";"기아";"K5";"중형";"가솔린";2507;126.65;67.92;100.0;87.86;"해당사항 없음";"해당사항 없음"
34;"19";"세종";"기아";"K5";"중형";"하이브리드";2507;126.65;67.92;100.0;87.86;"해당사항 없음";"해당사항 없음"
32;"18";"울산";"기아";"K5";"중형";"LPG";2507;75.6;86.6;100.0;87.86;"해당사항 없음";"해당사항 없음"
33;"18";"울산";"기아";"K5";"중형";"가솔린";2507;125.43;68.47;100.0;87.86;"해당사항 없음";"해당사항 없음"
34;"18";"울산";"기아";"K5";"중형";"하이브리드";2507;125.43;68.47;100.0;87.86;"해당사항 없음";"해당사항 없음"
32;"02";"경기";"기아";"K5";"중형";"LPG";2507;74.95;87.69;100.0;87.86;"해당사항 없음";"해당사항 없음"
33;"02";"경기";"기아";"K5";"중형";"가솔린";2507;126.62;67.96;100.0;87.86;"해당사항 없음";"해당사항 없음"
34;"02";"경기";"기아";"K5";"중형";"하이브리드";2507;126.62;67.96;100.0;87.86;"해당사항 없음";"해당사항 없음"
32;"01";"서울";"기아";"K5";"중형";"LPG";2507;78.92;84.35;100.0;87.86;"해당사항 없음";"해당사항 없음"
33;"01";"서울";"기아";"K5";"중형";"가솔린";2507;129.99;66.73;100.0;87.86;"해당사항 없음";"해당사항 없음"
34;"01";"서울";"기아";"K5";"중형";"하이브리드";2507;129.99;66.73;100.0;87.86;"해당사항 없음";"해당사항 없음"
32;"03";"강원";"기아";"K5";"중형";"LPG";2507;77.08;86.07;100.0;87.86;"해당사항 없음";"해당사항 없음"
33;"03";"강원";"기아";"K5";"중형";"가솔린";2507;127.63;67.54;100.0;87.86;"해당사항 없음";"해당사항 없음"
34;"03";"강원";"기아";"K5";"중형";"하이브리드";2507;127.63;67.54;100.0;87.86;"해당사항 없음";"해당사항 없음"
32;"14";"대구";"기아";"K5";"중형";"LPG";2507;76.25;86.52;100.0;87.86;"해당사항 없음";"해당사항 없음"
33;"14";"대구";"기아";"K5";"중형";"가솔린";2507;124.95;68.85;100.0;87.86;"해당사항 없음";"해당사항 없음"
34;"14";"대구";"기아";"K5";"중형";"하이브리드";2507;124.95;68.85;100.0;87.86;"해당사항 없음";"해당사항 없음"
32;"10";"부산";"기아";"K5";"중형";"LPG";2507;74.18;88.1;100.0;87.86;"해당사항 없음";"해당사항 없음"
33;"10";"부산";"기아";"K5";"중형";"가솔린";2507;125.71;68.37;100.0;87.86;"해당사항 없음";"해당사항 없음"
34;"10";"부산";"기아";"K5";"중형";"하이브리드";2507;125.71;68.37;100.0;87.86;"해당사항 없음";"해당사항 없음"
32;"17";"대전";"기아";"K5";"중형";"LPG";2507;72.99;88.18;100.0;87.86;"해당사항 없음";"해당사항 없음"
33;"17";"대전";"기아";"K5";"중형";"가솔린";2507;125.36;68.55;100.0;87.86;"해당사항 없음";"해당사항 없음"
34;"17";"대전";"기아";"K5";"중형";"하이브리드";2507;125.36;68.55;100.0;87.86;"해당사항 없음";"해당사항 없음"
32;"06";"전북";"기아";"K5";"중형";"LPG";2507;72.46;89.82;100.0;87.86;"해당사항 없음";"해당사항 없음"
33;"06";"전북";"기아";"K5";"중형";"가솔린";2507;126.94;67.86;100.0;87.86;"해당사항 없음";"해당사항 없음"
34;"06";"전북";"기아";"K5";"중형";"하이브리드";2507;126.94;67.86;100.0;87.86;"해당사항 없음";"해당사항 없음"
32;"05";"충남";"기아";"K5";"중형";"LPG";2507;75.43;86.66;100.0;87.86;"해당사항 없음";"해당사항 없음"
33;"05";"충남";"기아";"K5";"중형";"가솔린";2507;127.27;67.74;100.0;87.86;"해당사항 없음";"해당사항 없음"
34;"05";"충남";"기아";"K5";"중형";"하이브리드";2507;127.27;67.74;100.0;87.86;"해당사항 없음";"해당사항 없음"
32;"04";"충북";"기아";"K5";"중형";"LPG";2507;74.44;88.06;100.0;87.86;"해당사항 없음";"해당사항 없음"
33;"04";"충북";"기아";"K5";"중형";"가솔린";2507;127.35;67.7;100.0;87.86;"해당사항 없음";"해당사항 없음"
34;"04";"충북";"기아";"K5";"중형";"하이브리드";2507;127.35;67.7;100.0;87.86;"해당사항 없음";"해당사항 없음"
32;"08";"경북";"기아";"K5";"중형";"LPG";2507;74.17;88.12;100.0;87.86;"해당사항 없음";"해당사항 없음"
33;"08";"경북";"기아";"K5";"중형";"가솔린";2507;126.47;68.04;100.0;87.86;"해당사항 없음";"해당사항 없음"
34;"08";"경북";"기아";"K5";"중형";"하이브리드";2507;126.47;68.04;100.0;87.86;"해당사항 없음";"해당사항 없음"
32;"09";"경남";"기아";"K5";"중형";"LPG";2507;73.69;88.16;100.0;87.86;"해당사항 없음";"해당사항 없음"
33;"09";"경남";"기아";"K5";"중형";"가솔린";2507;126.48;68.0;100.0;87.86;"해당사항 없음";"해당사항 없음"
34;"09";"경남";"기아";"K5";"중형";"하이브리드";2507;126.48;68.0;100.0;87.86;"해당사항 없음";"해당사항 없음"
32;"20";"전남광주";"기아";"K5";"중형";"LPG";2507;75.66;86.58;100.0;87.86;"해당사항 없음";"해당사항 없음"
33;"20";"전남광주";"기아";"K5";"중형";"가솔린";2507;127.12;67.82;100.0;87.86;"해당사항 없음";"해당사항 없음"
34;"20";"전남광주";"기아";"K5";"중형";"하이브리드";2507;127.12;67.82;100.0;87.86;"해당사항 없음";"해당사항 없음"
32;"15";"인천";"기아";"K5";"중형";"LPG";2507;74.73;87.71;100.0;87.86;"해당사항 없음";"해당사항 없음"
33;"15";"인천";"기아";"K5";"중형";"가솔린";2507;125.98;68.29;100.0;87.86;"해당사항 없음";"해당사항 없음"
34;"15";"인천";"기아";"K5";"중형";"하이브리드";2507;125.98;68.29;100.0;87.86;"해당사항 없음";"해당사항 없음"
17;"17";"대전";"기아";"셀토스";"소형SUV";"가솔린";2512;120.43;71.77;100.0;86.88;"해당사항 없음";"해당사항 없음"
18;"17";"대전";"기아";"셀토스";"소형SUV";"하이브리드";2512;120.43;71.77;100.0;86.88;"해당사항 없음";"해당사항 없음"
17;"06";"전북";"기아";"셀토스";"소형SUV";"가솔린";2512;121.95;70.47;100.0;86.88;"해당사항 없음";"해당사항 없음"
18;"06";"전북";"기아";"셀토스";"소형SUV";"하이브리드";2512;121.95;70.47;100.0;86.88;"해당사항 없음";"해당사항 없음"
17;"05";"충남";"기아";"셀토스";"소형SUV";"가솔린";2512;122.26;70.23;100.0;86.88;"해당사항 없음";"해당사항 없음"
18;"05";"충남";"기아";"셀토스";"소형SUV";"하이브리드";2512;122.26;70.23;100.0;86.88;"해당사항 없음";"해당사항 없음"
17;"04";"충북";"기아";"셀토스";"소형SUV";"가솔린";2512;122.34;70.19;100.0;86.88;"해당사항 없음";"해당사항 없음"
18;"04";"충북";"기아";"셀토스";"소형SUV";"하이브리드";2512;122.34;70.19;100.0;86.88;"해당사항 없음";"해당사항 없음"
17;"08";"경북";"기아";"셀토스";"소형SUV";"가솔린";2512;121.49;70.84;100.0;86.88;"해당사항 없음";"해당사항 없음"
18;"08";"경북";"기아";"셀토스";"소형SUV";"하이브리드";2512;121.49;70.84;100.0;86.88;"해당사항 없음";"해당사항 없음"
17;"09";"경남";"기아";"셀토스";"소형SUV";"가솔린";2512;121.5;70.79;100.0;86.88;"해당사항 없음";"해당사항 없음"
18;"09";"경남";"기아";"셀토스";"소형SUV";"하이브리드";2512;121.5;70.79;100.0;86.88;"해당사항 없음";"해당사항 없음"
17;"20";"전남광주";"기아";"셀토스";"소형SUV";"가솔린";2512;122.12;70.35;100.0;86.88;"해당사항 없음";"해당사항 없음"
18;"20";"전남광주";"기아";"셀토스";"소형SUV";"하이브리드";2512;122.12;70.35;100.0;86.88;"해당사항 없음";"해당사항 없음"
17;"15";"인천";"기아";"셀토스";"소형SUV";"가솔린";2512;121.03;70.96;100.0;86.88;"해당사항 없음";"해당사항 없음"
18;"15";"인천";"기아";"셀토스";"소형SUV";"하이브리드";2512;121.03;70.96;100.0;86.88;"해당사항 없음";"해당사항 없음"
17;"11";"제주";"기아";"셀토스";"소형SUV";"가솔린";2512;123.84;69.22;100.0;86.88;"해당사항 없음";"해당사항 없음"
18;"11";"제주";"기아";"셀토스";"소형SUV";"하이브리드";2512;123.84;69.22;100.0;86.88;"해당사항 없음";"해당사항 없음"
217;"20";"전남광주";"볼보";"EX30 CC";"소형SUV";"전기(배터리)";4812;79.55;84.33;21.79;86.88;"충전기당 전기차 수 : 1.65";"2300"
17;"19";"세종";"기아";"셀토스";"소형SUV";"가솔린";2512;121.67;70.63;100.0;86.88;"해당사항 없음";"해당사항 없음"
18;"19";"세종";"기아";"셀토스";"소형SUV";"하이브리드";2512;121.67;70.63;100.0;86.88;"해당사항 없음";"해당사항 없음"
17;"18";"울산";"기아";"셀토스";"소형SUV";"가솔린";2512;120.49;71.73;100.0;86.88;"해당사항 없음";"해당사항 없음"
18;"18";"울산";"기아";"셀토스";"소형SUV";"하이브리드";2512;120.49;71.73;100.0;86.88;"해당사항 없음";"해당사항 없음"
17;"02";"경기";"기아";"셀토스";"소형SUV";"가솔린";2512;121.64;70.67;100.0;86.88;"해당사항 없음";"해당사항 없음"
18;"02";"경기";"기아";"셀토스";"소형SUV";"하이브리드";2512;121.64;70.67;100.0;86.88;"해당사항 없음";"해당사항 없음"
17;"01";"서울";"기아";"셀토스";"소형SUV";"가솔린";2512;124.87;68.89;100.0;86.88;"해당사항 없음";"해당사항 없음"
18;"01";"서울";"기아";"셀토스";"소형SUV";"하이브리드";2512;124.87;68.89;100.0;86.88;"해당사항 없음";"해당사항 없음"
17;"03";"강원";"기아";"셀토스";"소형SUV";"가솔린";2512;122.61;70.15;100.0;86.88;"해당사항 없음";"해당사항 없음"
18;"03";"강원";"기아";"셀토스";"소형SUV";"하이브리드";2512;122.61;70.15;100.0;86.88;"해당사항 없음";"해당사항 없음"
17;"14";"대구";"기아";"셀토스";"소형SUV";"가솔린";2512;120.03;71.93;100.0;86.88;"해당사항 없음";"해당사항 없음"
18;"14";"대구";"기아";"셀토스";"소형SUV";"하이브리드";2512;120.03;71.93;100.0;86.88;"해당사항 없음";"해당사항 없음"
17;"10";"부산";"기아";"셀토스";"소형SUV";"가솔린";2512;120.76;71.0;100.0;86.88;"해당사항 없음";"해당사항 없음"
18;"10";"부산";"기아";"셀토스";"소형SUV";"하이브리드";2512;120.76;71.0;100.0;86.88;"해당사항 없음";"해당사항 없음"
43;"05";"충남";"현대";"아이오닉 5";"중형SUV";"전기(배터리)";4735;72.92;89.8;44.32;86.22;"충전기당 전기차 수 : 1.48";"2200"
43;"04";"충북";"현대";"아이오닉 5";"중형SUV";"전기(배터리)";4735;72.92;89.8;38.69;86.22;"충전기당 전기차 수 : 1.52";"2200"
146;"17";"대전";"기아";"봉고 3 EV";"소형트럭";"전기(배터리)";4345;120.69;71.64;55.58;86.18;"충전기당 전기차 수 : 1.45";"1800"
146;"09";"경남";"기아";"봉고 3 EV";"소형트럭";"전기(배터리)";4345;120.69;71.64;27.43;86.18;"충전기당 전기차 수 : 1.64";"1800"
113;"17";"대전";"현대";"포터2 일렉트릭";"소형트럭";"전기(배터리)";4350;120.69;71.64;55.58;86.14;"충전기당 전기차 수 : 1.45";"1800"
113;"09";"경남";"현대";"포터2 일렉트릭";"소형트럭";"전기(배터리)";4350;120.69;71.64;27.43;86.14;"충전기당 전기차 수 : 1.64";"1800"
134;"17";"대전";"폭스바겐";"ID.5";"중형SUV";"전기(배터리)";4452;68.63;92.41;55.58;86.1;"충전기당 전기차 수 : 1.45";"1900"
140;"17";"대전";"폭스바겐";"ID.4";"중형SUV";"전기(배터리)";4452;72.92;89.8;55.58;86.1;"충전기당 전기차 수 : 1.45";"1900"
71;"20";"전남광주";"현대";"더 뉴 아이오닉 6";"중형";"전기(배터리)";4856;64.22;94.35;21.79;86.05;"충전기당 전기차 수 : 1.65";"2300"
20;"11";"제주";"현대";"쏘나타 디 엣지";"중형";"가솔린";2560;131.15;66.12;100.0;86.03;"해당사항 없음";"해당사항 없음"
21;"11";"제주";"현대";"쏘나타 디 엣지";"중형";"하이브리드";2560;131.15;66.12;100.0;86.03;"해당사항 없음";"해당사항 없음"
19;"11";"제주";"현대";"쏘나타 디 엣지";"중형";"LPG";2560;78.81;84.37;100.0;86.03;"해당사항 없음";"해당사항 없음"
66;"06";"전북";"기아";"EV6";"중형SUV";"전기(배터리)";4360;75.27;87.63;49.95;86.03;"충전기당 전기차 수 : 1.46";"1800"
19;"17";"대전";"현대";"쏘나타 디 엣지";"중형";"LPG";2560;74.25;88.08;100.0;86.03;"해당사항 없음";"해당사항 없음"
20;"17";"대전";"현대";"쏘나타 디 엣지";"중형";"가솔린";2560;127.54;67.66;100.0;86.03;"해당사항 없음";"해당사항 없음"
21;"17";"대전";"현대";"쏘나타 디 엣지";"중형";"하이브리드";2560;127.54;67.66;100.0;86.03;"해당사항 없음";"해당사항 없음"
19;"06";"전북";"현대";"쏘나타 디 엣지";"중형";"LPG";2560;73.71;88.14;100.0;86.03;"해당사항 없음";"해당사항 없음"
20;"06";"전북";"현대";"쏘나타 디 엣지";"중형";"가솔린";2560;129.15;67.13;100.0;86.03;"해당사항 없음";"해당사항 없음"
21;"06";"전북";"현대";"쏘나타 디 엣지";"중형";"하이브리드";2560;129.15;67.13;100.0;86.03;"해당사항 없음";"해당사항 없음"
19;"05";"충남";"현대";"쏘나타 디 엣지";"중형";"LPG";2560;76.74;86.46;100.0;86.03;"해당사항 없음";"해당사항 없음"
20;"05";"충남";"현대";"쏘나타 디 엣지";"중형";"가솔린";2560;129.48;66.99;100.0;86.03;"해당사항 없음";"해당사항 없음"
21;"05";"충남";"현대";"쏘나타 디 엣지";"중형";"하이브리드";2560;129.48;66.99;100.0;86.03;"해당사항 없음";"해당사항 없음"
19;"04";"충북";"현대";"쏘나타 디 엣지";"중형";"LPG";2560;75.73;86.56;100.0;86.03;"해당사항 없음";"해당사항 없음"
20;"04";"충북";"현대";"쏘나타 디 엣지";"중형";"가솔린";2560;129.56;66.95;100.0;86.03;"해당사항 없음";"해당사항 없음"
21;"04";"충북";"현대";"쏘나타 디 엣지";"중형";"하이브리드";2560;129.56;66.95;100.0;86.03;"해당사항 없음";"해당사항 없음"
19;"08";"경북";"현대";"쏘나타 디 엣지";"중형";"LPG";2560;75.45;86.64;100.0;86.03;"해당사항 없음";"해당사항 없음"
20;"08";"경북";"현대";"쏘나타 디 엣지";"중형";"가솔린";2560;128.66;67.39;100.0;86.03;"해당사항 없음";"해당사항 없음"
21;"08";"경북";"현대";"쏘나타 디 엣지";"중형";"하이브리드";2560;128.66;67.39;100.0;86.03;"해당사항 없음";"해당사항 없음"
19;"09";"경남";"현대";"쏘나타 디 엣지";"중형";"LPG";2560;74.97;87.67;100.0;86.03;"해당사항 없음";"해당사항 없음"
20;"09";"경남";"현대";"쏘나타 디 엣지";"중형";"가솔린";2560;128.68;67.31;100.0;86.03;"해당사항 없음";"해당사항 없음"
21;"09";"경남";"현대";"쏘나타 디 엣지";"중형";"하이브리드";2560;128.68;67.31;100.0;86.03;"해당사항 없음";"해당사항 없음"
19;"20";"전남광주";"현대";"쏘나타 디 엣지";"중형";"LPG";2560;76.97;86.1;100.0;86.03;"해당사항 없음";"해당사항 없음"
20;"20";"전남광주";"현대";"쏘나타 디 엣지";"중형";"가솔린";2560;129.33;67.07;100.0;86.03;"해당사항 없음";"해당사항 없음"
21;"20";"전남광주";"현대";"쏘나타 디 엣지";"중형";"하이브리드";2560;129.33;67.07;100.0;86.03;"해당사항 없음";"해당사항 없음"
19;"15";"인천";"현대";"쏘나타 디 엣지";"중형";"LPG";2560;76.03;86.54;100.0;86.03;"해당사항 없음";"해당사항 없음"
20;"15";"인천";"현대";"쏘나타 디 엣지";"중형";"가솔린";2560;128.17;67.44;100.0;86.03;"해당사항 없음";"해당사항 없음"
21;"15";"인천";"현대";"쏘나타 디 엣지";"중형";"하이브리드";2560;128.17;67.44;100.0;86.03;"해당사항 없음";"해당사항 없음"
19;"19";"세종";"현대";"쏘나타 디 엣지";"중형";"LPG";2560;76.45;86.48;100.0;86.03;"해당사항 없음";"해당사항 없음"
20;"19";"세종";"현대";"쏘나타 디 엣지";"중형";"가솔린";2560;128.85;67.23;100.0;86.03;"해당사항 없음";"해당사항 없음"
21;"19";"세종";"현대";"쏘나타 디 엣지";"중형";"하이브리드";2560;128.85;67.23;100.0;86.03;"해당사항 없음";"해당사항 없음"
19;"18";"울산";"현대";"쏘나타 디 엣지";"중형";"LPG";2560;76.91;86.44;100.0;86.03;"해당사항 없음";"해당사항 없음"
20;"18";"울산";"현대";"쏘나타 디 엣지";"중형";"가솔린";2560;127.61;67.62;100.0;86.03;"해당사항 없음";"해당사항 없음"
21;"18";"울산";"현대";"쏘나타 디 엣지";"중형";"하이브리드";2560;127.61;67.62;100.0;86.03;"해당사항 없음";"해당사항 없음"
19;"02";"경기";"현대";"쏘나타 디 엣지";"중형";"LPG";2560;76.25;86.52;100.0;86.03;"해당사항 없음";"해당사항 없음"
20;"02";"경기";"현대";"쏘나타 디 엣지";"중형";"가솔린";2560;128.82;67.27;100.0;86.03;"해당사항 없음";"해당사항 없음"
21;"02";"경기";"현대";"쏘나타 디 엣지";"중형";"하이브리드";2560;128.82;67.27;100.0;86.03;"해당사항 없음";"해당사항 없음"
19;"01";"서울";"현대";"쏘나타 디 엣지";"중형";"LPG";2560;80.29;83.36;100.0;86.03;"해당사항 없음";"해당사항 없음"
20;"01";"서울";"현대";"쏘나타 디 엣지";"중형";"가솔린";2560;132.24;65.27;100.0;86.03;"해당사항 없음";"해당사항 없음"
21;"01";"서울";"현대";"쏘나타 디 엣지";"중형";"하이브리드";2560;132.24;65.27;100.0;86.03;"해당사항 없음";"해당사항 없음"
19;"03";"강원";"현대";"쏘나타 디 엣지";"중형";"LPG";2560;78.42;85.37;100.0;86.03;"해당사항 없음";"해당사항 없음"
20;"03";"강원";"현대";"쏘나타 디 엣지";"중형";"가솔린";2560;129.85;66.83;100.0;86.03;"해당사항 없음";"해당사항 없음"
21;"03";"강원";"현대";"쏘나타 디 엣지";"중형";"하이브리드";2560;129.85;66.83;100.0;86.03;"해당사항 없음";"해당사항 없음"
19;"14";"대구";"현대";"쏘나타 디 엣지";"중형";"LPG";2560;77.58;86.03;100.0;86.03;"해당사항 없음";"해당사항 없음"
20;"14";"대구";"현대";"쏘나타 디 엣지";"중형";"가솔린";2560;127.12;67.82;100.0;86.03;"해당사항 없음";"해당사항 없음"
21;"14";"대구";"현대";"쏘나타 디 엣지";"중형";"하이브리드";2560;127.12;67.82;100.0;86.03;"해당사항 없음";"해당사항 없음"
19;"10";"부산";"현대";"쏘나타 디 엣지";"중형";"LPG";2560;75.47;86.62;100.0;86.03;"해당사항 없음";"해당사항 없음"
20;"10";"부산";"현대";"쏘나타 디 엣지";"중형";"가솔린";2560;127.89;67.48;100.0;86.03;"해당사항 없음";"해당사항 없음"
21;"10";"부산";"현대";"쏘나타 디 엣지";"중형";"하이브리드";2560;127.89;67.48;100.0;86.03;"해당사항 없음";"해당사항 없음"
141;"17";"대전";"KGM";"토레스 EVX";"중형SUV";"전기(배터리)";4470;72.92;89.8;55.58;85.04;"충전기당 전기차 수 : 1.45";"1900"
218;"05";"충남";"미니";"Aceman";"소형SUV";"전기(배터리)";4781;64.81;93.7;44.32;85.02;"충전기당 전기차 수 : 1.48";"2200"
218;"04";"충북";"미니";"Aceman";"소형SUV";"전기(배터리)";4781;64.81;93.7;38.69;85.02;"충전기당 전기차 수 : 1.52";"2200"
146;"20";"전남광주";"기아";"봉고 3 EV";"소형트럭";"전기(배터리)";4345;120.69;71.64;21.79;84.98;"충전기당 전기차 수 : 1.65";"1760"
113;"20";"전남광주";"현대";"포터2 일렉트릭";"소형트럭";"전기(배터리)";4350;120.69;71.64;21.79;84.96;"충전기당 전기차 수 : 1.65";"1760"
198;"05";"충남";"미니";"Mini Electric";"소형";"전기(배터리)";4791;67.96;93.06;44.32;84.94;"충전기당 전기차 수 : 1.48";"2200"
198;"04";"충북";"미니";"Mini Electric";"소형";"전기(배터리)";4791;67.96;93.06;38.69;84.94;"충전기당 전기차 수 : 1.52";"2200"
73;"08";"경북";"테슬라";"Model 3";"준중형";"전기(배터리)";4699;66.67;93.38;33.06;84.9;"충전기당 전기차 수 : 1.58";"2100"
73;"09";"경남";"테슬라";"Model 3";"준중형";"전기(배터리)";4699;66.67;93.38;27.43;84.9;"충전기당 전기차 수 : 1.64";"2100"
217;"05";"충남";"볼보";"EX30 CC";"소형SUV";"전기(배터리)";4812;79.55;84.33;44.32;84.86;"충전기당 전기차 수 : 1.48";"2200"
217;"04";"충북";"볼보";"EX30 CC";"소형SUV";"전기(배터리)";4812;79.55;84.33;38.69;84.86;"충전기당 전기차 수 : 1.52";"2200"
43;"08";"경북";"현대";"아이오닉 5";"중형SUV";"전기(배터리)";4735;72.92;89.8;33.06;84.82;"충전기당 전기차 수 : 1.58";"2100"
43;"09";"경남";"현대";"아이오닉 5";"중형SUV";"전기(배터리)";4735;72.92;89.8;27.43;84.82;"충전기당 전기차 수 : 1.64";"2100"
146;"08";"경북";"기아";"봉고 3 EV";"소형트럭";"전기(배터리)";4345;120.69;71.64;33.06;84.78;"충전기당 전기차 수 : 1.58";"1700"
113;"08";"경북";"현대";"포터2 일렉트릭";"소형트럭";"전기(배터리)";4350;120.69;71.64;33.06;84.76;"충전기당 전기차 수 : 1.58";"1700"
134;"06";"전북";"폭스바겐";"ID.5";"중형SUV";"전기(배터리)";4452;68.63;92.41;49.95;84.74;"충전기당 전기차 수 : 1.46";"1800"
140;"06";"전북";"폭스바겐";"ID.4";"중형SUV";"전기(배터리)";4452;72.92;89.8;49.95;84.74;"충전기당 전기차 수 : 1.46";"1800"
71;"05";"충남";"현대";"더 뉴 아이오닉 6";"중형";"전기(배터리)";4856;64.22;94.35;44.32;84.7;"충전기당 전기차 수 : 1.48";"2200"
71;"04";"충북";"현대";"더 뉴 아이오닉 6";"중형";"전기(배터리)";4856;64.22;94.35;38.69;84.7;"충전기당 전기차 수 : 1.52";"2200"
73;"03";"강원";"테슬라";"Model 3";"준중형";"전기(배터리)";4699;66.67;93.38;72.48;84.66;"충전기당 전기차 수 : 1.22";"2040"
66;"18";"울산";"기아";"EV6";"중형SUV";"전기(배터리)";4360;75.27;87.63;89.37;84.64;"충전기당 전기차 수 : 0.96";"1700"
66;"02";"경기";"기아";"EV6";"중형SUV";"전기(배터리)";4360;75.27;87.63;83.74;84.64;"충전기당 전기차 수 : 1.01";"1700"
141;"06";"전북";"KGM";"토레스 EVX";"중형SUV";"전기(배터리)";4470;72.92;89.8;49.95;84.6;"충전기당 전기차 수 : 1.46";"1800"
89;"11";"제주";"르노코리아";"아르카나";"소형SUV";"가솔린";2677;125.07;68.79;100.0;84.58;"해당사항 없음";"해당사항 없음"
90;"11";"제주";"르노코리아";"아르카나";"소형SUV";"하이브리드";2677;125.07;68.79;100.0;84.58;"해당사항 없음";"해당사항 없음"
89;"19";"세종";"르노코리아";"아르카나";"소형SUV";"가솔린";2677;122.87;69.8;100.0;84.58;"해당사항 없음";"해당사항 없음"
90;"19";"세종";"르노코리아";"아르카나";"소형SUV";"하이브리드";2677;122.87;69.8;100.0;84.58;"해당사항 없음";"해당사항 없음"
89;"18";"울산";"르노코리아";"아르카나";"소형SUV";"가솔린";2677;121.69;70.59;100.0;84.58;"해당사항 없음";"해당사항 없음"
90;"18";"울산";"르노코리아";"아르카나";"소형SUV";"하이브리드";2677;121.69;70.59;100.0;84.58;"해당사항 없음";"해당사항 없음"
89;"02";"경기";"르노코리아";"아르카나";"소형SUV";"가솔린";2677;122.85;69.94;100.0;84.58;"해당사항 없음";"해당사항 없음"
90;"02";"경기";"르노코리아";"아르카나";"소형SUV";"하이브리드";2677;122.85;69.94;100.0;84.58;"해당사항 없음";"해당사항 없음"
89;"01";"서울";"르노코리아";"아르카나";"소형SUV";"가솔린";2677;126.11;68.16;100.0;84.58;"해당사항 없음";"해당사항 없음"
90;"01";"서울";"르노코리아";"아르카나";"소형SUV";"하이브리드";2677;126.11;68.16;100.0;84.58;"해당사항 없음";"해당사항 없음"
89;"03";"강원";"르노코리아";"아르카나";"소형SUV";"가솔린";2677;123.83;69.3;100.0;84.58;"해당사항 없음";"해당사항 없음"
90;"03";"강원";"르노코리아";"아르카나";"소형SUV";"하이브리드";2677;123.83;69.3;100.0;84.58;"해당사항 없음";"해당사항 없음"
89;"14";"대구";"르노코리아";"아르카나";"소형SUV";"가솔린";2677;121.23;70.92;100.0;84.58;"해당사항 없음";"해당사항 없음"
90;"14";"대구";"르노코리아";"아르카나";"소형SUV";"하이브리드";2677;121.23;70.92;100.0;84.58;"해당사항 없음";"해당사항 없음"
89;"10";"부산";"르노코리아";"아르카나";"소형SUV";"가솔린";2677;121.96;70.43;100.0;84.58;"해당사항 없음";"해당사항 없음"
90;"10";"부산";"르노코리아";"아르카나";"소형SUV";"하이브리드";2677;121.96;70.43;100.0;84.58;"해당사항 없음";"해당사항 없음"
89;"17";"대전";"르노코리아";"아르카나";"소형SUV";"가솔린";2677;121.63;70.75;100.0;84.58;"해당사항 없음";"해당사항 없음"
90;"17";"대전";"르노코리아";"아르카나";"소형SUV";"하이브리드";2677;121.63;70.75;100.0;84.58;"해당사항 없음";"해당사항 없음"
89;"06";"전북";"르노코리아";"아르카나";"소형SUV";"가솔린";2677;123.16;69.72;100.0;84.58;"해당사항 없음";"해당사항 없음"
90;"06";"전북";"르노코리아";"아르카나";"소형SUV";"하이브리드";2677;123.16;69.72;100.0;84.58;"해당사항 없음";"해당사항 없음"
89;"05";"충남";"르노코리아";"아르카나";"소형SUV";"가솔린";2677;123.48;69.52;100.0;84.58;"해당사항 없음";"해당사항 없음"
90;"05";"충남";"르노코리아";"아르카나";"소형SUV";"하이브리드";2677;123.48;69.52;100.0;84.58;"해당사항 없음";"해당사항 없음"
89;"04";"충북";"르노코리아";"아르카나";"소형SUV";"가솔린";2677;123.55;69.44;100.0;84.58;"해당사항 없음";"해당사항 없음"
90;"04";"충북";"르노코리아";"아르카나";"소형SUV";"하이브리드";2677;123.55;69.44;100.0;84.58;"해당사항 없음";"해당사항 없음"
89;"08";"경북";"르노코리아";"아르카나";"소형SUV";"가솔린";2677;122.7;70.11;100.0;84.58;"해당사항 없음";"해당사항 없음"
90;"08";"경북";"르노코리아";"아르카나";"소형SUV";"하이브리드";2677;122.7;70.11;100.0;84.58;"해당사항 없음";"해당사항 없음"
89;"09";"경남";"르노코리아";"아르카나";"소형SUV";"가솔린";2677;122.71;70.03;100.0;84.58;"해당사항 없음";"해당사항 없음"
90;"09";"경남";"르노코리아";"아르카나";"소형SUV";"하이브리드";2677;122.71;70.03;100.0;84.58;"해당사항 없음";"해당사항 없음"
89;"20";"전남광주";"르노코리아";"아르카나";"소형SUV";"가솔린";2677;123.33;69.6;100.0;84.58;"해당사항 없음";"해당사항 없음"
90;"20";"전남광주";"르노코리아";"아르카나";"소형SUV";"하이브리드";2677;123.33;69.6;100.0;84.58;"해당사항 없음";"해당사항 없음"
89;"15";"인천";"르노코리아";"아르카나";"소형SUV";"가솔린";2677;122.23;70.31;100.0;84.58;"해당사항 없음";"해당사항 없음"
90;"15";"인천";"르노코리아";"아르카나";"소형SUV";"하이브리드";2677;122.23;70.31;100.0;84.58;"해당사항 없음";"해당사항 없음"
218;"08";"경북";"미니";"Aceman";"소형SUV";"전기(배터리)";4781;64.81;93.7;33.06;83.93;"충전기당 전기차 수 : 1.58";"2100"
218;"09";"경남";"미니";"Aceman";"소형SUV";"전기(배터리)";4781;64.81;93.7;27.43;83.93;"충전기당 전기차 수 : 1.64";"2100"
198;"08";"경북";"미니";"Mini Electric";"소형";"전기(배터리)";4791;67.96;93.06;33.06;83.89;"충전기당 전기차 수 : 1.58";"2100"
198;"09";"경남";"미니";"Mini Electric";"소형";"전기(배터리)";4791;67.96;93.06;27.43;83.89;"충전기당 전기차 수 : 1.64";"2100"
43;"03";"강원";"현대";"아이오닉 5";"중형SUV";"전기(배터리)";4735;72.92;89.8;72.48;83.85;"충전기당 전기차 수 : 1.22";"2040"
1;"20";"전남광주";"테슬라";"Model Y";"중형SUV";"전기(배터리)";4999;63.64;94.68;21.79;83.83;"충전기당 전기차 수 : 1.65";"2300"
217;"08";"경북";"볼보";"EX30 CC";"소형SUV";"전기(배터리)";4812;79.55;84.33;33.06;83.81;"충전기당 전기차 수 : 1.58";"2100"
217;"09";"경남";"볼보";"EX30 CC";"소형SUV";"전기(배터리)";4812;79.55;84.33;27.43;83.81;"충전기당 전기차 수 : 1.64";"2100"
218;"03";"강원";"미니";"Aceman";"소형SUV";"전기(배터리)";4781;64.81;93.7;72.48;83.77;"충전기당 전기차 수 : 1.22";"2040"
146;"18";"울산";"기아";"봉고 3 EV";"소형트럭";"전기(배터리)";4345;120.69;71.64;89.37;83.75;"충전기당 전기차 수 : 0.96";"1600"
146;"02";"경기";"기아";"봉고 3 EV";"소형트럭";"전기(배터리)";4345;120.69;71.64;83.74;83.75;"충전기당 전기차 수 : 1.01";"1600"
113;"18";"울산";"현대";"포터2 일렉트릭";"소형트럭";"전기(배터리)";4350;120.69;71.64;89.37;83.71;"충전기당 전기차 수 : 0.96";"1600"
113;"02";"경기";"현대";"포터2 일렉트릭";"소형트럭";"전기(배터리)";4350;120.69;71.64;83.74;83.71;"충전기당 전기차 수 : 1.01";"1600"
198;"03";"강원";"미니";"Mini Electric";"소형";"전기(배터리)";4791;67.96;93.06;72.48;83.67;"충전기당 전기차 수 : 1.22";"2040"
134;"18";"울산";"폭스바겐";"ID.5";"중형SUV";"전기(배터리)";4452;68.63;92.41;89.37;83.65;"충전기당 전기차 수 : 0.96";"1700"
140;"18";"울산";"폭스바겐";"ID.4";"중형SUV";"전기(배터리)";4452;72.92;89.8;89.37;83.65;"충전기당 전기차 수 : 0.96";"1700"
134;"02";"경기";"폭스바겐";"ID.5";"중형SUV";"전기(배터리)";4452;68.63;92.41;83.74;83.65;"충전기당 전기차 수 : 1.01";"1700"
140;"02";"경기";"폭스바겐";"ID.4";"중형SUV";"전기(배터리)";4452;72.92;89.8;83.74;83.65;"충전기당 전기차 수 : 1.01";"1700"
71;"08";"경북";"현대";"더 뉴 아이오닉 6";"중형";"전기(배터리)";4856;64.22;94.35;33.06;83.57;"충전기당 전기차 수 : 1.58";"2100"
71;"09";"경남";"현대";"더 뉴 아이오닉 6";"중형";"전기(배터리)";4856;64.22;94.35;27.43;83.57;"충전기당 전기차 수 : 1.64";"2100"
101;"15";"인천";"KGM";"뉴 토레스";"중형SUV";"LPG+가솔린";2765;150.05;52.3;100.0;83.52;"해당사항 없음";"해당사항 없음"
102;"15";"인천";"KGM";"뉴 토레스";"중형SUV";"가솔린";2765;150.05;52.3;100.0;83.52;"해당사항 없음";"해당사항 없음"
103;"15";"인천";"KGM";"뉴 토레스";"중형SUV";"하이브리드";2765;150.05;52.3;100.0;83.52;"해당사항 없음";"해당사항 없음"
101;"11";"제주";"KGM";"뉴 토레스";"중형SUV";"LPG+가솔린";2765;153.54;48.31;100.0;83.52;"해당사항 없음";"해당사항 없음"
102;"11";"제주";"KGM";"뉴 토레스";"중형SUV";"가솔린";2765;153.54;48.31;100.0;83.52;"해당사항 없음";"해당사항 없음"
103;"11";"제주";"KGM";"뉴 토레스";"중형SUV";"하이브리드";2765;153.54;48.31;100.0;83.52;"해당사항 없음";"해당사항 없음"
101;"06";"전북";"KGM";"뉴 토레스";"중형SUV";"LPG+가솔린";2765;151.2;50.56;100.0;83.52;"해당사항 없음";"해당사항 없음"
102;"06";"전북";"KGM";"뉴 토레스";"중형SUV";"가솔린";2765;151.2;50.56;100.0;83.52;"해당사항 없음";"해당사항 없음"
103;"06";"전북";"KGM";"뉴 토레스";"중형SUV";"하이브리드";2765;151.2;50.56;100.0;83.52;"해당사항 없음";"해당사항 없음"
101;"05";"충남";"KGM";"뉴 토레스";"중형SUV";"LPG+가솔린";2765;151.59;49.83;100.0;83.52;"해당사항 없음";"해당사항 없음"
102;"05";"충남";"KGM";"뉴 토레스";"중형SUV";"가솔린";2765;151.59;49.83;100.0;83.52;"해당사항 없음";"해당사항 없음"
103;"05";"충남";"KGM";"뉴 토레스";"중형SUV";"하이브리드";2765;151.59;49.83;100.0;83.52;"해당사항 없음";"해당사항 없음"
101;"04";"충북";"KGM";"뉴 토레스";"중형SUV";"LPG+가솔린";2765;151.68;49.71;100.0;83.52;"해당사항 없음";"해당사항 없음"
102;"04";"충북";"KGM";"뉴 토레스";"중형SUV";"가솔린";2765;151.68;49.71;100.0;83.52;"해당사항 없음";"해당사항 없음"
103;"04";"충북";"KGM";"뉴 토레스";"중형SUV";"하이브리드";2765;151.68;49.71;100.0;83.52;"해당사항 없음";"해당사항 없음"
101;"08";"경북";"KGM";"뉴 토레스";"중형SUV";"LPG+가솔린";2765;150.63;51.47;100.0;83.52;"해당사항 없음";"해당사항 없음"
102;"08";"경북";"KGM";"뉴 토레스";"중형SUV";"가솔린";2765;150.63;51.47;100.0;83.52;"해당사항 없음";"해당사항 없음"
103;"08";"경북";"KGM";"뉴 토레스";"중형SUV";"하이브리드";2765;150.63;51.47;100.0;83.52;"해당사항 없음";"해당사항 없음"
101;"09";"경남";"KGM";"뉴 토레스";"중형SUV";"LPG+가솔린";2765;150.65;51.35;100.0;83.52;"해당사항 없음";"해당사항 없음"
102;"09";"경남";"KGM";"뉴 토레스";"중형SUV";"가솔린";2765;150.65;51.35;100.0;83.52;"해당사항 없음";"해당사항 없음"
103;"09";"경남";"KGM";"뉴 토레스";"중형SUV";"하이브리드";2765;150.65;51.35;100.0;83.52;"해당사항 없음";"해당사항 없음"
101;"20";"전남광주";"KGM";"뉴 토레스";"중형SUV";"LPG+가솔린";2765;151.4;50.17;100.0;83.52;"해당사항 없음";"해당사항 없음"
102;"20";"전남광주";"KGM";"뉴 토레스";"중형SUV";"가솔린";2765;151.4;50.17;100.0;83.52;"해당사항 없음";"해당사항 없음"
103;"20";"전남광주";"KGM";"뉴 토레스";"중형SUV";"하이브리드";2765;151.4;50.17;100.0;83.52;"해당사항 없음";"해당사항 없음"
101;"19";"세종";"KGM";"뉴 토레스";"중형SUV";"LPG+가솔린";2765;150.85;50.92;100.0;83.52;"해당사항 없음";"해당사항 없음"
102;"19";"세종";"KGM";"뉴 토레스";"중형SUV";"가솔린";2765;150.85;50.92;100.0;83.52;"해당사항 없음";"해당사항 없음"
103;"19";"세종";"KGM";"뉴 토레스";"중형SUV";"하이브리드";2765;150.85;50.92;100.0;83.52;"해당사항 없음";"해당사항 없음"
101;"18";"울산";"KGM";"뉴 토레스";"중형SUV";"LPG+가솔린";2765;149.39;53.53;100.0;83.52;"해당사항 없음";"해당사항 없음"
102;"18";"울산";"KGM";"뉴 토레스";"중형SUV";"가솔린";2765;149.39;53.53;100.0;83.52;"해당사항 없음";"해당사항 없음"
103;"18";"울산";"KGM";"뉴 토레스";"중형SUV";"하이브리드";2765;149.39;53.53;100.0;83.52;"해당사항 없음";"해당사항 없음"
101;"02";"경기";"KGM";"뉴 토레스";"중형SUV";"LPG+가솔린";2765;150.81;51.04;100.0;83.52;"해당사항 없음";"해당사항 없음"
102;"02";"경기";"KGM";"뉴 토레스";"중형SUV";"가솔린";2765;150.81;51.04;100.0;83.52;"해당사항 없음";"해당사항 없음"
103;"02";"경기";"KGM";"뉴 토레스";"중형SUV";"하이브리드";2765;150.81;51.04;100.0;83.52;"해당사항 없음";"해당사항 없음"
101;"01";"서울";"KGM";"뉴 토레스";"중형SUV";"LPG+가솔린";2765;154.82;47.54;100.0;83.52;"해당사항 없음";"해당사항 없음"
102;"01";"서울";"KGM";"뉴 토레스";"중형SUV";"가솔린";2765;154.82;47.54;100.0;83.52;"해당사항 없음";"해당사항 없음"
103;"01";"서울";"KGM";"뉴 토레스";"중형SUV";"하이브리드";2765;154.82;47.54;100.0;83.52;"해당사항 없음";"해당사항 없음"
101;"03";"강원";"KGM";"뉴 토레스";"중형SUV";"LPG+가솔린";2765;152.02;49.36;100.0;83.52;"해당사항 없음";"해당사항 없음"
102;"03";"강원";"KGM";"뉴 토레스";"중형SUV";"가솔린";2765;152.02;49.36;100.0;83.52;"해당사항 없음";"해당사항 없음"
103;"03";"강원";"KGM";"뉴 토레스";"중형SUV";"하이브리드";2765;152.02;49.36;100.0;83.52;"해당사항 없음";"해당사항 없음"
101;"14";"대구";"KGM";"뉴 토레스";"중형SUV";"LPG+가솔린";2765;148.82;54.54;100.0;83.52;"해당사항 없음";"해당사항 없음"
102;"14";"대구";"KGM";"뉴 토레스";"중형SUV";"가솔린";2765;148.82;54.54;100.0;83.52;"해당사항 없음";"해당사항 없음"
103;"14";"대구";"KGM";"뉴 토레스";"중형SUV";"하이브리드";2765;148.82;54.54;100.0;83.52;"해당사항 없음";"해당사항 없음"
101;"10";"부산";"KGM";"뉴 토레스";"중형SUV";"LPG+가솔린";2765;149.72;52.92;100.0;83.52;"해당사항 없음";"해당사항 없음"
102;"10";"부산";"KGM";"뉴 토레스";"중형SUV";"가솔린";2765;149.72;52.92;100.0;83.52;"해당사항 없음";"해당사항 없음"
103;"10";"부산";"KGM";"뉴 토레스";"중형SUV";"하이브리드";2765;149.72;52.92;100.0;83.52;"해당사항 없음";"해당사항 없음"
101;"17";"대전";"KGM";"뉴 토레스";"중형SUV";"LPG+가솔린";2765;149.31;53.81;100.0;83.52;"해당사항 없음";"해당사항 없음"
102;"17";"대전";"KGM";"뉴 토레스";"중형SUV";"가솔린";2765;149.31;53.81;100.0;83.52;"해당사항 없음";"해당사항 없음"
103;"17";"대전";"KGM";"뉴 토레스";"중형SUV";"하이브리드";2765;149.31;53.81;100.0;83.52;"해당사항 없음";"해당사항 없음"
141;"18";"울산";"KGM";"토레스 EVX";"중형SUV";"전기(배터리)";4470;72.92;89.8;89.37;82.55;"충전기당 전기차 수 : 0.96";"1700"
141;"02";"경기";"KGM";"토레스 EVX";"중형SUV";"전기(배터리)";4470;72.92;89.8;83.74;82.55;"충전기당 전기차 수 : 1.01";"1700"
217;"03";"강원";"볼보";"EX30 CC";"소형SUV";"전기(배터리)";4812;79.55;84.33;72.48;82.51;"충전기당 전기차 수 : 1.22";"2040"
112;"19";"세종";"현대";"캐스퍼 일렉트릭";"소형";"전기(배터리)";2787;64.22;94.35;95.0;82.49;"충전기당 전기차 수 : 0.88";"현재 지자체의 예산이 소진되어 지원금을 받을 수 없습니다"
112;"01";"서울";"현대";"캐스퍼 일렉트릭";"소형";"전기(배터리)";2787;64.22;94.35;78.11;82.49;"충전기당 전기차 수 : 1.13";"현재 지자체의 예산이 소진되어 지원금을 받을 수 없습니다"
112;"14";"대구";"현대";"캐스퍼 일렉트릭";"소형";"전기(배터리)";2787;64.22;94.35;66.84;82.49;"충전기당 전기차 수 : 1.42";"현재 지자체의 예산이 소진되어 지원금을 받을 수 없습니다"
112;"10";"부산";"현대";"캐스퍼 일렉트릭";"소형";"전기(배터리)";2787;64.22;94.35;61.21;82.49;"충전기당 전기차 수 : 1.42";"현재 지자체의 예산이 소진되어 지원금을 받을 수 없습니다"
112;"15";"인천";"현대";"캐스퍼 일렉트릭";"소형";"전기(배터리)";2787;64.22;94.35;16.16;82.49;"충전기당 전기차 수 : 1.75";"현재 지자체의 예산이 소진되어 지원금을 받을 수 없습니다"
112;"11";"제주";"현대";"캐스퍼 일렉트릭";"소형";"전기(배터리)";2787;64.22;94.35;10.53;82.49;"충전기당 전기차 수 : 5.83";"현재 지자체의 예산이 소진되어 지원금을 받을 수 없습니다"
147;"15";"인천";"쉐보레";"트레일블레이저";"소형SUV";"가솔린";2796;150.67;51.2;100.0;82.37;"해당사항 없음";"해당사항 없음"
147;"11";"제주";"쉐보레";"트레일블레이저";"소형SUV";"가솔린";2796;154.17;47.97;100.0;82.37;"해당사항 없음";"해당사항 없음"
147;"19";"세종";"쉐보레";"트레일블레이저";"소형SUV";"가솔린";2796;151.46;49.93;100.0;82.37;"해당사항 없음";"해당사항 없음"
147;"18";"울산";"쉐보레";"트레일블레이저";"소형SUV";"가솔린";2796;150.0;52.52;100.0;82.37;"해당사항 없음";"해당사항 없음"
147;"02";"경기";"쉐보레";"트레일블레이저";"소형SUV";"가솔린";2796;151.43;49.99;100.0;82.37;"해당사항 없음";"해당사항 없음"
147;"01";"서울";"쉐보레";"트레일블레이저";"소형SUV";"가솔린";2796;155.45;47.14;100.0;82.37;"해당사항 없음";"해당사항 없음"
147;"03";"강원";"쉐보레";"트레일블레이저";"소형SUV";"가솔린";2796;152.64;48.78;100.0;82.37;"해당사항 없음";"해당사항 없음"
147;"14";"대구";"쉐보레";"트레일블레이저";"소형SUV";"가솔린";2796;149.43;53.37;100.0;82.37;"해당사항 없음";"해당사항 없음"
147;"10";"부산";"쉐보레";"트레일블레이저";"소형SUV";"가솔린";2796;150.34;51.85;100.0;82.37;"해당사항 없음";"해당사항 없음"
147;"17";"대전";"쉐보레";"트레일블레이저";"소형SUV";"가솔린";2796;149.92;52.6;100.0;82.37;"해당사항 없음";"해당사항 없음"
147;"06";"전북";"쉐보레";"트레일블레이저";"소형SUV";"가솔린";2796;151.81;49.5;100.0;82.37;"해당사항 없음";"해당사항 없음"
147;"05";"충남";"쉐보레";"트레일블레이저";"소형SUV";"가솔린";2796;152.2;49.08;100.0;82.37;"해당사항 없음";"해당사항 없음"
147;"04";"충북";"쉐보레";"트레일블레이저";"소형SUV";"가솔린";2796;152.3;49.02;100.0;82.37;"해당사항 없음";"해당사항 없음"
147;"08";"경북";"쉐보레";"트레일블레이저";"소형SUV";"가솔린";2796;151.24;50.37;100.0;82.37;"해당사항 없음";"해당사항 없음"
147;"09";"경남";"쉐보레";"트레일블레이저";"소형SUV";"가솔린";2796;151.26;50.29;100.0;82.37;"해당사항 없음";"해당사항 없음"
147;"20";"전남광주";"쉐보레";"트레일블레이저";"소형SUV";"가솔린";2796;152.02;49.36;100.0;82.37;"해당사항 없음";"해당사항 없음"
73;"17";"대전";"테슬라";"Model 3";"준중형";"전기(배터리)";4699;66.67;93.38;55.58;82.05;"충전기당 전기차 수 : 1.45";"1900"
1;"05";"충남";"테슬라";"Model Y";"중형SUV";"전기(배터리)";4999;63.64;94.68;44.32;82.05;"충전기당 전기차 수 : 1.48";"2200"
1;"04";"충북";"테슬라";"Model Y";"중형SUV";"전기(배터리)";4999;63.64;94.68;38.69;82.05;"충전기당 전기차 수 : 1.52";"2200"
132;"05";"충남";"KGM";"무쏘 EV";"픽업/밴";"전기(배터리)";4800;92.11;78.45;44.32;81.99;"충전기당 전기차 수 : 1.48";"2000"
59;"19";"세종";"기아";"레이 EV";"경차";"전기(배터리)";2807;68.63;92.41;95.0;81.97;"충전기당 전기차 수 : 0.88";"현재 지자체의 예산이 소진되어 지원금을 받을 수 없습니다"
59;"01";"서울";"기아";"레이 EV";"경차";"전기(배터리)";2807;68.63;92.41;78.11;81.97;"충전기당 전기차 수 : 1.13";"현재 지자체의 예산이 소진되어 지원금을 받을 수 없습니다"
59;"14";"대구";"기아";"레이 EV";"경차";"전기(배터리)";2807;68.63;92.41;66.84;81.97;"충전기당 전기차 수 : 1.42";"현재 지자체의 예산이 소진되어 지원금을 받을 수 없습니다"
59;"10";"부산";"기아";"레이 EV";"경차";"전기(배터리)";2807;68.63;92.41;61.21;81.97;"충전기당 전기차 수 : 1.42";"현재 지자체의 예산이 소진되어 지원금을 받을 수 없습니다"
59;"15";"인천";"기아";"레이 EV";"경차";"전기(배터리)";2807;68.63;92.41;16.16;81.97;"충전기당 전기차 수 : 1.75";"현재 지자체의 예산이 소진되어 지원금을 받을 수 없습니다"
59;"11";"제주";"기아";"레이 EV";"경차";"전기(배터리)";2807;68.63;92.41;10.53;81.97;"충전기당 전기차 수 : 5.83";"현재 지자체의 예산이 소진되어 지원금을 받을 수 없습니다"
71;"03";"강원";"현대";"더 뉴 아이오닉 6";"중형";"전기(배터리)";4856;64.22;94.35;72.48;81.85;"충전기당 전기차 수 : 1.22";"2040"
43;"17";"대전";"현대";"아이오닉 5";"중형SUV";"전기(배터리)";4735;72.92;89.8;55.58;81.82;"충전기당 전기차 수 : 1.45";"1900"
55;"11";"제주";"현대";"투싼";"중형SUV";"디젤";2844;136.49;62.38;100.0;81.8;"해당사항 없음";"해당사항 없음"
53;"11";"제주";"현대";"투싼";"중형SUV";"가솔린";2844;137.85;61.3;100.0;81.8;"해당사항 없음";"해당사항 없음"
54;"11";"제주";"현대";"투싼";"중형SUV";"하이브리드";2844;137.85;61.3;100.0;81.8;"해당사항 없음";"해당사항 없음"
55;"06";"전북";"현대";"투싼";"중형SUV";"디젤";2844;134.81;63.91;100.0;81.8;"해당사항 없음";"해당사항 없음"
53;"06";"전북";"현대";"투싼";"중형SUV";"가솔린";2844;135.74;63.12;100.0;81.8;"해당사항 없음";"해당사항 없음"
54;"06";"전북";"현대";"투싼";"중형SUV";"하이브리드";2844;135.74;63.12;100.0;81.8;"해당사항 없음";"해당사항 없음"
55;"05";"충남";"현대";"투싼";"중형SUV";"디젤";2844;135.08;63.71;100.0;81.8;"해당사항 없음";"해당사항 없음"
53;"05";"충남";"현대";"투싼";"중형SUV";"가솔린";2844;136.09;62.86;100.0;81.8;"해당사항 없음";"해당사항 없음"
54;"05";"충남";"현대";"투싼";"중형SUV";"하이브리드";2844;136.09;62.86;100.0;81.8;"해당사항 없음";"해당사항 없음"
55;"04";"충북";"현대";"투싼";"중형SUV";"디젤";2844;135.13;63.63;100.0;81.8;"해당사항 없음";"해당사항 없음"
53;"04";"충북";"현대";"투싼";"중형SUV";"가솔린";2844;136.18;62.72;100.0;81.8;"해당사항 없음";"해당사항 없음"
54;"04";"충북";"현대";"투싼";"중형SUV";"하이브리드";2844;136.18;62.72;100.0;81.8;"해당사항 없음";"해당사항 없음"
55;"08";"경북";"현대";"투싼";"중형SUV";"디젤";2844;134.21;64.28;100.0;81.8;"해당사항 없음";"해당사항 없음"
53;"08";"경북";"현대";"투싼";"중형SUV";"가솔린";2844;135.24;63.55;100.0;81.8;"해당사항 없음";"해당사항 없음"
54;"08";"경북";"현대";"투싼";"중형SUV";"하이브리드";2844;135.24;63.55;100.0;81.8;"해당사항 없음";"해당사항 없음"
55;"09";"경남";"현대";"투싼";"중형SUV";"디젤";2844;134.09;64.4;100.0;81.8;"해당사항 없음";"해당사항 없음"
53;"09";"경남";"현대";"투싼";"중형SUV";"가솔린";2844;135.25;63.51;100.0;81.8;"해당사항 없음";"해당사항 없음"
54;"09";"경남";"현대";"투싼";"중형SUV";"하이브리드";2844;135.25;63.51;100.0;81.8;"해당사항 없음";"해당사항 없음"
55;"20";"전남광주";"현대";"투싼";"중형SUV";"디젤";2844;135.07;63.73;100.0;81.8;"해당사항 없음";"해당사항 없음"
53;"20";"전남광주";"현대";"투싼";"중형SUV";"가솔린";2844;135.93;63.04;100.0;81.8;"해당사항 없음";"해당사항 없음"
54;"20";"전남광주";"현대";"투싼";"중형SUV";"하이브리드";2844;135.93;63.04;100.0;81.8;"해당사항 없음";"해당사항 없음"
55;"15";"인천";"현대";"투싼";"중형SUV";"디젤";2844;133.53;64.6;100.0;81.8;"해당사항 없음";"해당사항 없음"
53;"15";"인천";"현대";"투싼";"중형SUV";"가솔린";2844;134.72;63.99;100.0;81.8;"해당사항 없음";"해당사항 없음"
54;"15";"인천";"현대";"투싼";"중형SUV";"하이브리드";2844;134.72;63.99;100.0;81.8;"해당사항 없음";"해당사항 없음"
55;"19";"세종";"현대";"투싼";"중형SUV";"디젤";2844;134.41;64.2;100.0;81.8;"해당사항 없음";"해당사항 없음"
53;"19";"세종";"현대";"투싼";"중형SUV";"가솔린";2844;135.43;63.37;100.0;81.8;"해당사항 없음";"해당사항 없음"
54;"19";"세종";"현대";"투싼";"중형SUV";"하이브리드";2844;135.43;63.37;100.0;81.8;"해당사항 없음";"해당사항 없음"
55;"18";"울산";"현대";"투싼";"중형SUV";"디젤";2844;133.32;64.66;100.0;81.8;"해당사항 없음";"해당사항 없음"
53;"18";"울산";"현대";"투싼";"중형SUV";"가솔린";2844;134.13;64.34;100.0;81.8;"해당사항 없음";"해당사항 없음"
54;"18";"울산";"현대";"투싼";"중형SUV";"하이브리드";2844;134.13;64.34;100.0;81.8;"해당사항 없음";"해당사항 없음"
55;"02";"경기";"현대";"투싼";"중형SUV";"디젤";2844;134.18;64.3;100.0;81.8;"해당사항 없음";"해당사항 없음"
53;"02";"경기";"현대";"투싼";"중형SUV";"가솔린";2844;135.4;63.45;100.0;81.8;"해당사항 없음";"해당사항 없음"
54;"02";"경기";"현대";"투싼";"중형SUV";"하이브리드";2844;135.4;63.45;100.0;81.8;"해당사항 없음";"해당사항 없음"
55;"01";"서울";"현대";"투싼";"중형SUV";"디젤";2844;137.7;61.44;100.0;81.8;"해당사항 없음";"해당사항 없음"
53;"01";"서울";"현대";"투싼";"중형SUV";"가솔린";2844;139.0;60.72;100.0;81.8;"해당사항 없음";"해당사항 없음"
54;"01";"서울";"현대";"투싼";"중형SUV";"하이브리드";2844;139.0;60.72;100.0;81.8;"해당사항 없음";"해당사항 없음"
55;"03";"강원";"현대";"투싼";"중형SUV";"디젤";2844;135.78;63.08;100.0;81.8;"해당사항 없음";"해당사항 없음"
53;"03";"강원";"현대";"투싼";"중형SUV";"가솔린";2844;136.49;62.38;100.0;81.8;"해당사항 없음";"해당사항 없음"
54;"03";"강원";"현대";"투싼";"중형SUV";"하이브리드";2844;136.49;62.38;100.0;81.8;"해당사항 없음";"해당사항 없음"
55;"14";"대구";"현대";"투싼";"중형SUV";"디젤";2844;132.51;65.09;100.0;81.8;"해당사항 없음";"해당사항 없음"
53;"14";"대구";"현대";"투싼";"중형SUV";"가솔린";2844;133.61;64.54;100.0;81.8;"해당사항 없음";"해당사항 없음"
54;"14";"대구";"현대";"투싼";"중형SUV";"하이브리드";2844;133.61;64.54;100.0;81.8;"해당사항 없음";"해당사항 없음"
55;"10";"부산";"현대";"투싼";"중형SUV";"디젤";2844;133.17;64.74;100.0;81.8;"해당사항 없음";"해당사항 없음"
53;"10";"부산";"현대";"투싼";"중형SUV";"가솔린";2844;134.42;64.18;100.0;81.8;"해당사항 없음";"해당사항 없음"
54;"10";"부산";"현대";"투싼";"중형SUV";"하이브리드";2844;134.42;64.18;100.0;81.8;"해당사항 없음";"해당사항 없음"
55;"17";"대전";"현대";"투싼";"중형SUV";"디젤";2844;133.2;64.7;100.0;81.8;"해당사항 없음";"해당사항 없음"
53;"17";"대전";"현대";"투싼";"중형SUV";"가솔린";2844;134.05;64.44;100.0;81.8;"해당사항 없음";"해당사항 없음"
54;"17";"대전";"현대";"투싼";"중형SUV";"하이브리드";2844;134.05;64.44;100.0;81.8;"해당사항 없음";"해당사항 없음"
218;"17";"대전";"미니";"Aceman";"소형SUV";"전기(배터리)";4781;64.81;93.7;55.58;80.83;"충전기당 전기차 수 : 1.45";"1900"
198;"17";"대전";"미니";"Mini Electric";"소형";"전기(배터리)";4791;67.96;93.06;55.58;80.81;"충전기당 전기차 수 : 1.45";"1900"
73;"06";"전북";"테슬라";"Model 3";"준중형";"전기(배터리)";4699;66.67;93.38;49.95;80.79;"충전기당 전기차 수 : 1.46";"1800"
1;"08";"경북";"테슬라";"Model Y";"중형SUV";"전기(배터리)";4999;63.64;94.68;33.06;80.79;"충전기당 전기차 수 : 1.58";"2100"
1;"09";"경남";"테슬라";"Model Y";"중형SUV";"전기(배터리)";4999;63.64;94.68;27.43;80.79;"충전기당 전기차 수 : 1.64";"2100"
11;"15";"인천";"기아";"스포티지";"중형SUV";"가솔린";2903;148.25;55.25;100.0;80.73;"해당사항 없음";"해당사항 없음"
12;"15";"인천";"기아";"스포티지";"중형SUV";"하이브리드";2903;148.25;55.25;100.0;80.73;"해당사항 없음";"해당사항 없음"
11;"11";"제주";"기아";"스포티지";"중형SUV";"가솔린";2903;151.69;49.59;100.0;80.73;"해당사항 없음";"해당사항 없음"
12;"11";"제주";"기아";"스포티지";"중형SUV";"하이브리드";2903;151.69;49.59;100.0;80.73;"해당사항 없음";"해당사항 없음"
10;"11";"제주";"기아";"스포티지";"중형SUV";"LPG";2903;91.15;78.75;100.0;80.73;"해당사항 없음";"해당사항 없음"
10;"19";"세종";"기아";"스포티지";"중형SUV";"LPG";2903;88.42;79.98;100.0;80.73;"해당사항 없음";"해당사항 없음"
11;"19";"세종";"기아";"스포티지";"중형SUV";"가솔린";2903;149.03;54.16;100.0;80.73;"해당사항 없음";"해당사항 없음"
12;"19";"세종";"기아";"스포티지";"중형SUV";"하이브리드";2903;149.03;54.16;100.0;80.73;"해당사항 없음";"해당사항 없음"
11;"18";"울산";"기아";"스포티지";"중형SUV";"가솔린";2903;147.59;56.0;100.0;80.73;"해당사항 없음";"해당사항 없음"
12;"18";"울산";"기아";"스포티지";"중형SUV";"하이브리드";2903;147.59;56.0;100.0;80.73;"해당사항 없음";"해당사항 없음"
10;"18";"울산";"기아";"스포티지";"중형SUV";"LPG";2903;88.96;79.6;100.0;80.73;"해당사항 없음";"해당사항 없음"
10;"02";"경기";"기아";"스포티지";"중형SUV";"LPG";2903;88.19;80.0;100.0;80.73;"해당사항 없음";"해당사항 없음"
11;"02";"경기";"기아";"스포티지";"중형SUV";"가솔린";2903;149.0;54.24;100.0;80.73;"해당사항 없음";"해당사항 없음"
12;"02";"경기";"기아";"스포티지";"중형SUV";"하이브리드";2903;149.0;54.24;100.0;80.73;"해당사항 없음";"해당사항 없음"
10;"01";"서울";"기아";"스포티지";"중형SUV";"LPG";2903;92.86;77.94;100.0;80.73;"해당사항 없음";"해당사항 없음"
11;"01";"서울";"기아";"스포티지";"중형SUV";"가솔린";2903;152.96;48.55;100.0;80.73;"해당사항 없음";"해당사항 없음"
12;"01";"서울";"기아";"스포티지";"중형SUV";"하이브리드";2903;152.96;48.55;100.0;80.73;"해당사항 없음";"해당사항 없음"
11;"03";"강원";"기아";"스포티지";"중형SUV";"가솔린";2903;150.19;52.09;100.0;80.73;"해당사항 없음";"해당사항 없음"
12;"03";"강원";"기아";"스포티지";"중형SUV";"하이브리드";2903;150.19;52.09;100.0;80.73;"해당사항 없음";"해당사항 없음"
10;"03";"강원";"기아";"스포티지";"중형SUV";"LPG";2903;90.71;79.17;100.0;80.73;"해당사항 없음";"해당사항 없음"
10;"14";"대구";"기아";"스포티지";"중형SUV";"LPG";2903;89.73;79.54;100.0;80.73;"해당사항 없음";"해당사항 없음"
11;"14";"대구";"기아";"스포티지";"중형SUV";"가솔린";2903;147.03;56.63;100.0;80.73;"해당사항 없음";"해당사항 없음"
12;"14";"대구";"기아";"스포티지";"중형SUV";"하이브리드";2903;147.03;56.63;100.0;80.73;"해당사항 없음";"해당사항 없음"
10;"10";"부산";"기아";"스포티지";"중형SUV";"LPG";2903;87.29;80.73;100.0;80.73;"해당사항 없음";"해당사항 없음"
11;"10";"부산";"기아";"스포티지";"중형SUV";"가솔린";2903;147.92;55.68;100.0;80.73;"해당사항 없음";"해당사항 없음"
12;"10";"부산";"기아";"스포티지";"중형SUV";"하이브리드";2903;147.92;55.68;100.0;80.73;"해당사항 없음";"해당사항 없음"
11;"17";"대전";"기아";"스포티지";"중형SUV";"가솔린";2903;147.51;56.12;100.0;80.73;"해당사항 없음";"해당사항 없음"
12;"17";"대전";"기아";"스포티지";"중형SUV";"하이브리드";2903;147.51;56.12;100.0;80.73;"해당사항 없음";"해당사항 없음"
10;"17";"대전";"기아";"스포티지";"중형SUV";"LPG";2903;85.89;81.2;100.0;80.73;"해당사항 없음";"해당사항 없음"
10;"06";"전북";"기아";"스포티지";"중형SUV";"LPG";2903;85.26;81.95;100.0;80.73;"해당사항 없음";"해당사항 없음"
11;"06";"전북";"기아";"스포티지";"중형SUV";"가솔린";2903;149.37;53.61;100.0;80.73;"해당사항 없음";"해당사항 없음"
12;"06";"전북";"기아";"스포티지";"중형SUV";"하이브리드";2903;149.37;53.61;100.0;80.73;"해당사항 없음";"해당사항 없음"
10;"05";"충남";"기아";"스포티지";"중형SUV";"LPG";2903;88.76;79.62;100.0;80.73;"해당사항 없음";"해당사항 없음"
11;"05";"충남";"기아";"스포티지";"중형SUV";"가솔린";2903;149.76;52.78;100.0;80.73;"해당사항 없음";"해당사항 없음"
12;"05";"충남";"기아";"스포티지";"중형SUV";"하이브리드";2903;149.76;52.78;100.0;80.73;"해당사항 없음";"해당사항 없음"
11;"04";"충북";"기아";"스포티지";"중형SUV";"가솔린";2903;149.85;52.7;100.0;80.73;"해당사항 없음";"해당사항 없음"
12;"04";"충북";"기아";"스포티지";"중형SUV";"하이브리드";2903;149.85;52.7;100.0;80.73;"해당사항 없음";"해당사항 없음"
10;"04";"충북";"기아";"스포티지";"중형SUV";"LPG";2903;87.59;80.06;100.0;80.73;"해당사항 없음";"해당사항 없음"
10;"08";"경북";"기아";"스포티지";"중형SUV";"LPG";2903;87.27;80.75;100.0;80.73;"해당사항 없음";"해당사항 없음"
11;"08";"경북";"기아";"스포티지";"중형SUV";"가솔린";2903;148.81;54.62;100.0;80.73;"해당사항 없음";"해당사항 없음"
12;"08";"경북";"기아";"스포티지";"중형SUV";"하이브리드";2903;148.81;54.62;100.0;80.73;"해당사항 없음";"해당사항 없음"
10;"09";"경남";"기아";"스포티지";"중형SUV";"LPG";2903;86.72;80.81;100.0;80.73;"해당사항 없음";"해당사항 없음"
11;"09";"경남";"기아";"스포티지";"중형SUV";"가솔린";2903;148.83;54.4;100.0;80.73;"해당사항 없음";"해당사항 없음"
12;"09";"경남";"기아";"스포티지";"중형SUV";"하이브리드";2903;148.83;54.4;100.0;80.73;"해당사항 없음";"해당사항 없음"
11;"20";"전남광주";"기아";"스포티지";"중형SUV";"가솔린";2903;149.58;53.15;100.0;80.73;"해당사항 없음";"해당사항 없음"
12;"20";"전남광주";"기아";"스포티지";"중형SUV";"하이브리드";2903;149.58;53.15;100.0;80.73;"해당사항 없음";"해당사항 없음"
10;"20";"전남광주";"기아";"스포티지";"중형SUV";"LPG";2903;89.03;79.58;100.0;80.73;"해당사항 없음";"해당사항 없음"
10;"15";"인천";"기아";"스포티지";"중형SUV";"LPG";2903;87.93;80.02;100.0;80.73;"해당사항 없음";"해당사항 없음"
217;"17";"대전";"볼보";"EX30 CC";"소형SUV";"전기(배터리)";4812;79.55;84.33;55.58;79.76;"충전기당 전기차 수 : 1.45";"1900"
35;"11";"제주";"기아";"니로";"소형SUV";"하이브리드";2927;93.5;77.6;100.0;79.74;"해당사항 없음";"해당사항 없음"
35;"17";"대전";"기아";"니로";"소형SUV";"하이브리드";2927;90.92;78.81;100.0;79.74;"해당사항 없음";"해당사항 없음"
35;"06";"전북";"기아";"니로";"소형SUV";"하이브리드";2927;92.06;78.51;100.0;79.74;"해당사항 없음";"해당사항 없음"
35;"05";"충남";"기아";"니로";"소형SUV";"하이브리드";2927;92.3;78.08;100.0;79.74;"해당사항 없음";"해당사항 없음"
35;"04";"충북";"기아";"니로";"소형SUV";"하이브리드";2927;92.36;78.06;100.0;79.74;"해당사항 없음";"해당사항 없음"
35;"08";"경북";"기아";"니로";"소형SUV";"하이브리드";2927;91.72;78.63;100.0;79.74;"해당사항 없음";"해당사항 없음"
35;"09";"경남";"기아";"니로";"소형SUV";"하이브리드";2927;91.73;78.61;100.0;79.74;"해당사항 없음";"해당사항 없음"
35;"20";"전남광주";"기아";"니로";"소형SUV";"하이브리드";2927;92.19;78.12;100.0;79.74;"해당사항 없음";"해당사항 없음"
35;"15";"인천";"기아";"니로";"소형SUV";"하이브리드";2927;91.37;78.69;100.0;79.74;"해당사항 없음";"해당사항 없음"
35;"19";"세종";"기아";"니로";"소형SUV";"하이브리드";2927;91.85;78.57;100.0;79.74;"해당사항 없음";"해당사항 없음"
35;"18";"울산";"기아";"니로";"소형SUV";"하이브리드";2927;90.97;78.79;100.0;79.74;"해당사항 없음";"해당사항 없음"
35;"02";"경기";"기아";"니로";"소형SUV";"하이브리드";2927;91.83;78.59;100.0;79.74;"해당사항 없음";"해당사항 없음"
35;"01";"서울";"기아";"니로";"소형SUV";"하이브리드";2927;94.27;77.55;100.0;79.74;"해당사항 없음";"해당사항 없음"
35;"03";"강원";"기아";"니로";"소형SUV";"하이브리드";2927;92.57;78.0;100.0;79.74;"해당사항 없음";"해당사항 없음"
35;"14";"대구";"기아";"니로";"소형SUV";"하이브리드";2927;90.62;79.19;100.0;79.74;"해당사항 없음";"해당사항 없음"
35;"10";"부산";"기아";"니로";"소형SUV";"하이브리드";2927;91.17;78.73;100.0;79.74;"해당사항 없음";"해당사항 없음"
43;"06";"전북";"현대";"아이오닉 5";"중형SUV";"전기(배터리)";4735;72.92;89.8;49.95;79.42;"충전기당 전기차 수 : 1.46";"1800"
71;"17";"대전";"현대";"더 뉴 아이오닉 6";"중형";"전기(배터리)";4856;64.22;94.35;55.58;79.4;"충전기당 전기차 수 : 1.45";"1900"
1;"03";"강원";"테슬라";"Model Y";"중형SUV";"전기(배터리)";4999;63.64;94.68;72.48;79.38;"충전기당 전기차 수 : 1.22";"2040"
218;"06";"전북";"미니";"Aceman";"소형SUV";"전기(배터리)";4781;64.81;93.7;49.95;79.36;"충전기당 전기차 수 : 1.46";"1800"
167;"20";"전남광주";"렉서스";"UX";"중형SUV";"전기(배터리)";5283;74.47;88.04;21.79;79.34;"충전기당 전기차 수 : 1.65";"2300"
81;"15";"인천";"KGM";"무쏘";"픽업/밴";"디젤";2990;205.55;23.34;100.0;79.32;"해당사항 없음";"해당사항 없음"
80;"15";"인천";"KGM";"무쏘";"픽업/밴";"가솔린";2990;207.38;22.85;100.0;79.32;"해당사항 없음";"해당사항 없음"
81;"11";"제주";"KGM";"무쏘";"픽업/밴";"디젤";2990;210.1;21.94;100.0;79.32;"해당사항 없음";"해당사항 없음"
80;"11";"제주";"KGM";"무쏘";"픽업/밴";"가솔린";2990;212.2;21.13;100.0;79.32;"해당사항 없음";"해당사항 없음"
124;"20";"전남광주";"벤츠";"Electric CLA";"준중형";"전기(배터리)";5290;71.43;90.79;21.79;79.32;"충전기당 전기차 수 : 1.65";"2300"
81;"19";"세종";"KGM";"무쏘";"픽업/밴";"디젤";2990;206.91;22.97;100.0;79.32;"해당사항 없음";"해당사항 없음"
80;"19";"세종";"KGM";"무쏘";"픽업/밴";"가솔린";2990;208.47;22.55;100.0;79.32;"해당사항 없음";"해당사항 없음"
81;"18";"울산";"KGM";"무쏘";"픽업/밴";"디젤";2990;205.22;23.36;100.0;79.32;"해당사항 없음";"해당사항 없음"
80;"18";"울산";"KGM";"무쏘";"픽업/밴";"가솔린";2990;206.47;23.07;100.0;79.32;"해당사항 없음";"해당사항 없음"
81;"02";"경기";"KGM";"무쏘";"픽업/밴";"디젤";2990;206.54;23.03;100.0;79.32;"해당사항 없음";"해당사항 없음"
80;"02";"경기";"KGM";"무쏘";"픽업/밴";"가솔린";2990;208.43;22.59;100.0;79.32;"해당사항 없음";"해당사항 없음"
81;"01";"서울";"KGM";"무쏘";"픽업/밴";"디젤";2990;211.96;21.33;100.0;79.32;"해당사항 없음";"해당사항 없음"
80;"01";"서울";"KGM";"무쏘";"픽업/밴";"가솔린";2990;213.97;20.22;100.0;79.32;"해당사항 없음";"해당사항 없음"
81;"03";"강원";"KGM";"무쏘";"픽업/밴";"디젤";2990;209.01;22.4;100.0;79.32;"해당사항 없음";"해당사항 없음"
80;"03";"강원";"KGM";"무쏘";"픽업/밴";"가솔린";2990;210.1;21.94;100.0;79.32;"해당사항 없음";"해당사항 없음"
81;"14";"대구";"KGM";"무쏘";"픽업/밴";"디젤";2990;203.97;23.56;100.0;79.32;"해당사항 없음";"해당사항 없음"
80;"14";"대구";"KGM";"무쏘";"픽업/밴";"가솔린";2990;205.68;23.32;100.0;79.32;"해당사항 없음";"해당사항 없음"
81;"10";"부산";"KGM";"무쏘";"픽업/밴";"디젤";2990;204.99;23.42;100.0;79.32;"해당사항 없음";"해당사항 없음"
80;"10";"부산";"KGM";"무쏘";"픽업/밴";"가솔린";2990;206.92;22.95;100.0;79.32;"해당사항 없음";"해당사항 없음"
81;"17";"대전";"KGM";"무쏘";"픽업/밴";"디젤";2990;205.04;23.4;100.0;79.32;"해당사항 없음";"해당사항 없음"
80;"17";"대전";"KGM";"무쏘";"픽업/밴";"가솔린";2990;206.35;23.15;100.0;79.32;"해당사항 없음";"해당사항 없음"
81;"06";"전북";"KGM";"무쏘";"픽업/밴";"디젤";2990;207.52;22.79;100.0;79.32;"해당사항 없음";"해당사항 없음"
80;"06";"전북";"KGM";"무쏘";"픽업/밴";"가솔린";2990;208.96;22.45;100.0;79.32;"해당사항 없음";"해당사항 없음"
81;"05";"충남";"KGM";"무쏘";"픽업/밴";"디젤";2990;207.94;22.73;100.0;79.32;"해당사항 없음";"해당사항 없음"
80;"05";"충남";"KGM";"무쏘";"픽업/밴";"가솔린";2990;209.49;22.24;100.0;79.32;"해당사항 없음";"해당사항 없음"
81;"04";"충북";"KGM";"무쏘";"픽업/밴";"디젤";2990;208.01;22.71;100.0;79.32;"해당사항 없음";"해당사항 없음"
80;"04";"충북";"KGM";"무쏘";"픽업/밴";"가솔린";2990;209.62;22.2;100.0;79.32;"해당사항 없음";"해당사항 없음"
81;"08";"경북";"KGM";"무쏘";"픽업/밴";"디젤";2990;206.6;23.01;100.0;79.32;"해당사항 없음";"해당사항 없음"
80;"08";"경북";"KGM";"무쏘";"픽업/밴";"가솔린";2990;208.17;22.67;100.0;79.32;"해당사항 없음";"해당사항 없음"
81;"09";"경남";"KGM";"무쏘";"픽업/밴";"디젤";2990;206.41;23.09;100.0;79.32;"해당사항 없음";"해당사항 없음"
80;"09";"경남";"KGM";"무쏘";"픽업/밴";"가솔린";2990;208.2;22.63;100.0;79.32;"해당사항 없음";"해당사항 없음"
81;"20";"전남광주";"KGM";"무쏘";"픽업/밴";"디젤";2990;207.92;22.75;100.0;79.32;"해당사항 없음";"해당사항 없음"
80;"20";"전남광주";"KGM";"무쏘";"픽업/밴";"가솔린";2990;209.24;22.28;100.0;79.32;"해당사항 없음";"해당사항 없음"
198;"06";"전북";"미니";"Mini Electric";"소형";"전기(배터리)";4791;67.96;93.06;49.95;78.65;"충전기당 전기차 수 : 1.46";"1800"
73;"18";"울산";"테슬라";"Model 3";"준중형";"전기(배터리)";4699;66.67;93.38;89.37;78.63;"충전기당 전기차 수 : 0.96";"1700"
73;"02";"경기";"테슬라";"Model 3";"준중형";"전기(배터리)";4699;66.67;93.38;83.74;78.63;"충전기당 전기차 수 : 1.01";"1700"
132;"17";"대전";"KGM";"무쏘 EV";"픽업/밴";"전기(배터리)";4800;92.11;78.45;55.58;78.59;"충전기당 전기차 수 : 1.45";"1800"
132;"09";"경남";"KGM";"무쏘 EV";"픽업/밴";"전기(배터리)";4800;92.11;78.45;27.43;78.59;"충전기당 전기차 수 : 1.64";"1800"
217;"06";"전북";"볼보";"EX30 CC";"소형SUV";"전기(배터리)";4812;79.55;84.33;49.95;78.55;"충전기당 전기차 수 : 1.46";"1800"
43;"18";"울산";"현대";"아이오닉 5";"중형SUV";"전기(배터리)";4735;72.92;89.8;89.37;78.53;"충전기당 전기차 수 : 0.96";"1700"
43;"02";"경기";"현대";"아이오닉 5";"중형SUV";"전기(배터리)";4735;72.92;89.8;83.74;78.53;"충전기당 전기차 수 : 1.01";"1700"
132;"20";"전남광주";"KGM";"무쏘 EV";"픽업/밴";"전기(배터리)";4800;92.11;78.45;21.79;78.49;"충전기당 전기차 수 : 1.65";"1760"
71;"06";"전북";"현대";"더 뉴 아이오닉 6";"중형";"전기(배터리)";4856;64.22;94.35;49.95;78.47;"충전기당 전기차 수 : 1.46";"1800"
218;"18";"울산";"미니";"Aceman";"소형SUV";"전기(배터리)";4781;64.81;93.7;89.37;78.45;"충전기당 전기차 수 : 0.96";"1700"
218;"02";"경기";"미니";"Aceman";"소형SUV";"전기(배터리)";4781;64.81;93.7;83.74;78.45;"충전기당 전기차 수 : 1.01";"1700"
167;"05";"충남";"렉서스";"UX";"중형SUV";"전기(배터리)";5283;74.47;88.04;44.32;78.4;"충전기당 전기차 수 : 1.48";"2200"
167;"04";"충북";"렉서스";"UX";"중형SUV";"전기(배터리)";5283;74.47;88.04;38.69;78.4;"충전기당 전기차 수 : 1.52";"2200"
124;"05";"충남";"벤츠";"Electric CLA";"준중형";"전기(배터리)";5290;71.43;90.79;44.32;78.36;"충전기당 전기차 수 : 1.48";"2200"
124;"04";"충북";"벤츠";"Electric CLA";"준중형";"전기(배터리)";5290;71.43;90.79;38.69;78.36;"충전기당 전기차 수 : 1.52";"2200"
198;"18";"울산";"미니";"Mini Electric";"소형";"전기(배터리)";4791;67.96;93.06;89.37;78.32;"충전기당 전기차 수 : 0.96";"1700"
198;"02";"경기";"미니";"Mini Electric";"소형";"전기(배터리)";4791;67.96;93.06;83.74;78.32;"충전기당 전기차 수 : 1.01";"1700"
1;"17";"대전";"테슬라";"Model Y";"중형SUV";"전기(배터리)";4999;63.64;94.68;55.58;78.28;"충전기당 전기차 수 : 1.45";"1900"
132;"08";"경북";"KGM";"무쏘 EV";"픽업/밴";"전기(배터리)";4800;92.11;78.45;33.06;78.26;"충전기당 전기차 수 : 1.58";"1700"
217;"18";"울산";"볼보";"EX30 CC";"소형SUV";"전기(배터리)";4812;79.55;84.33;89.37;78.24;"충전기당 전기차 수 : 0.96";"1700"
217;"02";"경기";"볼보";"EX30 CC";"소형SUV";"전기(배터리)";4812;79.55;84.33;83.74;78.24;"충전기당 전기차 수 : 1.01";"1700"
71;"18";"울산";"현대";"더 뉴 아이오닉 6";"중형";"전기(배터리)";4856;64.22;94.35;89.37;78.2;"충전기당 전기차 수 : 0.96";"1700"
71;"02";"경기";"현대";"더 뉴 아이오닉 6";"중형";"전기(배터리)";4856;64.22;94.35;83.74;78.2;"충전기당 전기차 수 : 1.01";"1700"
167;"08";"경북";"렉서스";"UX";"중형SUV";"전기(배터리)";5283;74.47;88.04;33.06;78.16;"충전기당 전기차 수 : 1.58";"2100"
167;"09";"경남";"렉서스";"UX";"중형SUV";"전기(배터리)";5283;74.47;88.04;27.43;78.16;"충전기당 전기차 수 : 1.64";"2100"
124;"08";"경북";"벤츠";"Electric CLA";"준중형";"전기(배터리)";5290;71.43;90.79;33.06;78.12;"충전기당 전기차 수 : 1.58";"2100"
124;"09";"경남";"벤츠";"Electric CLA";"준중형";"전기(배터리)";5290;71.43;90.79;27.43;78.12;"충전기당 전기차 수 : 1.64";"2100"
1;"06";"전북";"테슬라";"Model Y";"중형SUV";"전기(배터리)";4999;63.64;94.68;49.95;78.08;"충전기당 전기차 수 : 1.46";"1800"
132;"18";"울산";"KGM";"무쏘 EV";"픽업/밴";"전기(배터리)";4800;92.11;78.45;89.37;78.06;"충전기당 전기차 수 : 0.96";"1600"
132;"02";"경기";"KGM";"무쏘 EV";"픽업/밴";"전기(배터리)";4800;92.11;78.45;83.74;78.06;"충전기당 전기차 수 : 1.01";"1600"
167;"03";"강원";"렉서스";"UX";"중형SUV";"전기(배터리)";5283;74.47;88.04;72.48;78.02;"충전기당 전기차 수 : 1.22";"2040"
124;"03";"강원";"벤츠";"Electric CLA";"준중형";"전기(배터리)";5290;71.43;90.79;72.48;78.0;"충전기당 전기차 수 : 1.22";"2040"
52;"15";"인천";"현대";"더 뉴 스타리아";"대형MPV";"하이브리드";3259;191.26;27.63;100.0;77.98;"해당사항 없음";"해당사항 없음"
52;"11";"제주";"현대";"더 뉴 스타리아";"대형MPV";"하이브리드";3259;195.71;25.24;100.0;77.98;"해당사항 없음";"해당사항 없음"
51;"11";"제주";"현대";"더 뉴 스타리아";"대형MPV";"LPG";3259;117.6;72.37;100.0;77.98;"해당사항 없음";"해당사항 없음"
52;"17";"대전";"현대";"더 뉴 스타리아";"대형MPV";"하이브리드";3259;190.32;28.07;100.0;77.98;"해당사항 없음";"해당사항 없음"
51;"17";"대전";"현대";"더 뉴 스타리아";"대형MPV";"LPG";3259;110.81;73.69;100.0;77.98;"해당사항 없음";"해당사항 없음"
51;"06";"전북";"현대";"더 뉴 스타리아";"대형MPV";"LPG";3259;110.0;73.75;100.0;77.98;"해당사항 없음";"해당사항 없음"
52;"06";"전북";"현대";"더 뉴 스타리아";"대형MPV";"하이브리드";3259;192.72;26.72;100.0;77.98;"해당사항 없음";"해당사항 없음"
52;"05";"충남";"현대";"더 뉴 스타리아";"대형MPV";"하이브리드";3259;193.21;26.45;100.0;77.98;"해당사항 없음";"해당사항 없음"
51;"05";"충남";"현대";"더 뉴 스타리아";"대형MPV";"LPG";3259;114.52;72.98;100.0;77.98;"해당사항 없음";"해당사항 없음"
52;"04";"충북";"현대";"더 뉴 스타리아";"대형MPV";"하이브리드";3259;193.33;26.27;100.0;77.98;"해당사항 없음";"해당사항 없음"
51;"04";"충북";"현대";"더 뉴 스타리아";"대형MPV";"LPG";3259;113.01;73.26;100.0;77.98;"해당사항 없음";"해당사항 없음"
51;"08";"경북";"현대";"더 뉴 스타리아";"대형MPV";"LPG";3259;112.59;73.39;100.0;77.98;"해당사항 없음";"해당사항 없음"
52;"08";"경북";"현대";"더 뉴 스타리아";"대형MPV";"하이브리드";3259;191.99;27.14;100.0;77.98;"해당사항 없음";"해당사항 없음"
52;"09";"경남";"현대";"더 뉴 스타리아";"대형MPV";"하이브리드";3259;192.01;27.08;100.0;77.98;"해당사항 없음";"해당사항 없음"
51;"09";"경남";"현대";"더 뉴 스타리아";"대형MPV";"LPG";3259;111.88;73.51;100.0;77.98;"해당사항 없음";"해당사항 없음"
52;"20";"전남광주";"현대";"더 뉴 스타리아";"대형MPV";"하이브리드";3259;192.98;26.59;100.0;77.98;"해당사항 없음";"해당사항 없음"
51;"20";"전남광주";"현대";"더 뉴 스타리아";"대형MPV";"LPG";3259;114.86;72.9;100.0;77.98;"해당사항 없음";"해당사항 없음"
51;"15";"인천";"현대";"더 뉴 스타리아";"대형MPV";"LPG";3259;113.45;73.16;100.0;77.98;"해당사항 없음";"해당사항 없음"
52;"19";"세종";"현대";"더 뉴 스타리아";"대형MPV";"하이브리드";3259;192.27;26.88;100.0;77.98;"해당사항 없음";"해당사항 없음"
51;"19";"세종";"현대";"더 뉴 스타리아";"대형MPV";"LPG";3259;114.08;73.08;100.0;77.98;"해당사항 없음";"해당사항 없음"
52;"18";"울산";"현대";"더 뉴 스타리아";"대형MPV";"하이브리드";3259;190.42;28.05;100.0;77.98;"해당사항 없음";"해당사항 없음"
51;"18";"울산";"현대";"더 뉴 스타리아";"대형MPV";"LPG";3259;114.77;72.94;100.0;77.98;"해당사항 없음";"해당사항 없음"
51;"02";"경기";"현대";"더 뉴 스타리아";"대형MPV";"LPG";3259;113.78;73.12;100.0;77.98;"해당사항 없음";"해당사항 없음"
52;"02";"경기";"현대";"더 뉴 스타리아";"대형MPV";"하이브리드";3259;192.23;26.98;100.0;77.98;"해당사항 없음";"해당사항 없음"
52;"01";"서울";"현대";"더 뉴 스타리아";"대형MPV";"하이브리드";3259;197.34;24.77;100.0;77.98;"해당사항 없음";"해당사항 없음"
51;"01";"서울";"현대";"더 뉴 스타리아";"대형MPV";"LPG";3259;119.81;71.99;100.0;77.98;"해당사항 없음";"해당사항 없음"
52;"03";"강원";"현대";"더 뉴 스타리아";"대형MPV";"하이브리드";3259;193.77;26.03;100.0;77.98;"해당사항 없음";"해당사항 없음"
51;"03";"강원";"현대";"더 뉴 스타리아";"대형MPV";"LPG";3259;117.02;72.41;100.0;77.98;"해당사항 없음";"해당사항 없음"
51;"14";"대구";"현대";"더 뉴 스타리아";"대형MPV";"LPG";3259;115.76;72.78;100.0;77.98;"해당사항 없음";"해당사항 없음"
52;"14";"대구";"현대";"더 뉴 스타리아";"대형MPV";"하이브리드";3259;189.69;28.44;100.0;77.98;"해당사항 없음";"해당사항 없음"
52;"10";"부산";"현대";"더 뉴 스타리아";"대형MPV";"하이브리드";3259;190.84;27.87;100.0;77.98;"해당사항 없음";"해당사항 없음"
51;"10";"부산";"현대";"더 뉴 스타리아";"대형MPV";"LPG";3259;112.62;73.37;100.0;77.98;"해당사항 없음";"해당사항 없음"
1;"18";"울산";"테슬라";"Model Y";"중형SUV";"전기(배터리)";4999;63.64;94.68;89.37;77.33;"충전기당 전기차 수 : 0.96";"1700"
1;"02";"경기";"테슬라";"Model Y";"중형SUV";"전기(배터리)";4999;63.64;94.68;83.74;77.33;"충전기당 전기차 수 : 1.01";"1700"
123;"15";"인천";"미니";"Cooper";"소형";"가솔린";3340;149.45;53.29;100.0;77.29;"해당사항 없음";"해당사항 없음"
123;"11";"제주";"미니";"Cooper";"소형";"가솔린";3340;152.92;48.63;100.0;77.29;"해당사항 없음";"해당사항 없음"
123;"19";"세종";"미니";"Cooper";"소형";"가솔린";3340;150.24;51.93;100.0;77.29;"해당사항 없음";"해당사항 없음"
123;"18";"울산";"미니";"Cooper";"소형";"가솔린";3340;148.79;54.69;100.0;77.29;"해당사항 없음";"해당사항 없음"
123;"02";"경기";"미니";"Cooper";"소형";"가솔린";3340;150.2;52.01;100.0;77.29;"해당사항 없음";"해당사항 없음"
123;"01";"서울";"미니";"Cooper";"소형";"가솔린";3340;154.2;47.91;100.0;77.29;"해당사항 없음";"해당사항 없음"
123;"03";"강원";"미니";"Cooper";"소형";"가솔린";3340;151.4;50.17;100.0;77.29;"해당사항 없음";"해당사항 없음"
123;"14";"대구";"미니";"Cooper";"소형";"가솔린";3340;148.22;55.39;100.0;77.29;"해당사항 없음";"해당사항 없음"
123;"10";"부산";"미니";"Cooper";"소형";"가솔린";3340;149.12;54.08;100.0;77.29;"해당사항 없음";"해당사항 없음"
123;"17";"대전";"미니";"Cooper";"소형";"가솔린";3340;148.71;54.85;100.0;77.29;"해당사항 없음";"해당사항 없음"
123;"06";"전북";"미니";"Cooper";"소형";"가솔린";3340;150.58;51.55;100.0;77.29;"해당사항 없음";"해당사항 없음"
123;"05";"충남";"미니";"Cooper";"소형";"가솔린";3340;150.97;50.76;100.0;77.29;"해당사항 없음";"해당사항 없음"
123;"04";"충북";"미니";"Cooper";"소형";"가솔린";3340;151.06;50.7;100.0;77.29;"해당사항 없음";"해당사항 없음"
123;"08";"경북";"미니";"Cooper";"소형";"가솔린";3340;150.02;52.46;100.0;77.29;"해당사항 없음";"해당사항 없음"
123;"09";"경남";"미니";"Cooper";"소형";"가솔린";3340;150.04;52.38;100.0;77.29;"해당사항 없음";"해당사항 없음"
123;"20";"전남광주";"미니";"Cooper";"소형";"가솔린";3340;150.79;51.14;100.0;77.29;"해당사항 없음";"해당사항 없음"
133;"17";"대전";"현대";"아반떼 N";"준중형";"가솔린";3356;174.91;36.51;100.0;76.97;"해당사항 없음";"해당사항 없음"
133;"06";"전북";"현대";"아반떼 N";"준중형";"가솔린";3356;177.11;34.83;100.0;76.97;"해당사항 없음";"해당사항 없음"
133;"05";"충남";"현대";"아반떼 N";"준중형";"가솔린";3356;177.57;34.43;100.0;76.97;"해당사항 없음";"해당사항 없음"
133;"04";"충북";"현대";"아반떼 N";"준중형";"가솔린";3356;177.68;34.33;100.0;76.97;"해당사항 없음";"해당사항 없음"
133;"08";"경북";"현대";"아반떼 N";"준중형";"가솔린";3356;176.45;35.48;100.0;76.97;"해당사항 없음";"해당사항 없음"
133;"09";"경남";"현대";"아반떼 N";"준중형";"가솔린";3356;176.47;35.46;100.0;76.97;"해당사항 없음";"해당사항 없음"
133;"20";"전남광주";"현대";"아반떼 N";"준중형";"가솔린";3356;177.36;34.69;100.0;76.97;"해당사항 없음";"해당사항 없음"
133;"15";"인천";"현대";"아반떼 N";"준중형";"가솔린";3356;175.78;35.92;100.0;76.97;"해당사항 없음";"해당사항 없음"
133;"11";"제주";"현대";"아반떼 N";"준중형";"가솔린";3356;179.87;32.44;100.0;76.97;"해당사항 없음";"해당사항 없음"
133;"19";"세종";"현대";"아반떼 N";"준중형";"가솔린";3356;176.71;35.13;100.0;76.97;"해당사항 없음";"해당사항 없음"
133;"18";"울산";"현대";"아반떼 N";"준중형";"가솔린";3356;175.0;36.47;100.0;76.97;"해당사항 없음";"해당사항 없음"
133;"02";"경기";"현대";"아반떼 N";"준중형";"가솔린";3356;176.67;35.22;100.0;76.97;"해당사항 없음";"해당사항 없음"
133;"01";"서울";"현대";"아반떼 N";"준중형";"가솔린";3356;181.36;31.61;100.0;76.97;"해당사항 없음";"해당사항 없음"
133;"03";"강원";"현대";"아반떼 N";"준중형";"가솔린";3356;178.08;34.02;100.0;76.97;"해당사항 없음";"해당사항 없음"
133;"14";"대구";"현대";"아반떼 N";"준중형";"가솔린";3356;174.33;36.83;100.0;76.97;"해당사항 없음";"해당사항 없음"
133;"10";"부산";"현대";"아반떼 N";"준중형";"가솔린";3356;175.39;36.29;100.0;76.97;"해당사항 없음";"해당사항 없음"
167;"17";"대전";"렉서스";"UX";"중형SUV";"전기(배터리)";5283;74.47;88.04;55.58;76.64;"충전기당 전기차 수 : 1.45";"1900"
124;"17";"대전";"벤츠";"Electric CLA";"준중형";"전기(배터리)";5290;71.43;90.79;55.58;76.62;"충전기당 전기차 수 : 1.45";"1900"
86;"15";"인천";"기아";"타스만";"픽업/밴";"가솔린";3399;236.62;9.35;100.0;76.6;"해당사항 없음";"해당사항 없음"
86;"11";"제주";"기아";"타스만";"픽업/밴";"가솔린";3399;242.13;8.3;100.0;76.6;"해당사항 없음";"해당사항 없음"
86;"17";"대전";"기아";"타스만";"픽업/밴";"가솔린";3399;235.46;9.68;100.0;76.6;"해당사항 없음";"해당사항 없음"
86;"06";"전북";"기아";"타스만";"픽업/밴";"가솔린";3399;238.42;9.03;100.0;76.6;"해당사항 없음";"해당사항 없음"
86;"05";"충남";"기아";"타스만";"픽업/밴";"가솔린";3399;239.04;8.93;100.0;76.6;"해당사항 없음";"해당사항 없음"
86;"04";"충북";"기아";"타스만";"픽업/밴";"가솔린";3399;239.18;8.78;100.0;76.6;"해당사항 없음";"해당사항 없음"
86;"08";"경북";"기아";"타스만";"픽업/밴";"가솔린";3399;237.53;9.19;100.0;76.6;"해당사항 없음";"해당사항 없음"
86;"09";"경남";"기아";"타스만";"픽업/밴";"가솔린";3399;237.56;9.17;100.0;76.6;"해당사항 없음";"해당사항 없음"
86;"20";"전남광주";"기아";"타스만";"픽업/밴";"가솔린";3399;238.75;8.97;100.0;76.6;"해당사항 없음";"해당사항 없음"
86;"19";"세종";"기아";"타스만";"픽업/밴";"가솔린";3399;237.87;9.09;100.0;76.6;"해당사항 없음";"해당사항 없음"
86;"18";"울산";"기아";"타스만";"픽업/밴";"가솔린";3399;235.58;9.63;100.0;76.6;"해당사항 없음";"해당사항 없음"
86;"02";"경기";"기아";"타스만";"픽업/밴";"가솔린";3399;237.82;9.11;100.0;76.6;"해당사항 없음";"해당사항 없음"
86;"01";"서울";"기아";"타스만";"픽업/밴";"가솔린";3399;244.14;7.95;100.0;76.6;"해당사항 없음";"해당사항 없음"
86;"03";"강원";"기아";"타스만";"픽업/밴";"가솔린";3399;239.72;8.68;100.0;76.6;"해당사항 없음";"해당사항 없음"
86;"14";"대구";"기아";"타스만";"픽업/밴";"가솔린";3399;234.68;9.92;100.0;76.6;"해당사항 없음";"해당사항 없음"
86;"10";"부산";"기아";"타스만";"픽업/밴";"가솔린";3399;236.1;9.47;100.0;76.6;"해당사항 없음";"해당사항 없음"
196;"20";"전남광주";"미니";"Countryman Electric";"소형SUV";"전기(배터리)";5714;72.16;90.47;21.79;76.28;"충전기당 전기차 수 : 1.65";"2300"
167;"06";"전북";"렉서스";"UX";"중형SUV";"전기(배터리)";5283;74.47;88.04;49.95;76.26;"충전기당 전기차 수 : 1.46";"1800"
124;"06";"전북";"벤츠";"Electric CLA";"준중형";"전기(배터리)";5290;71.43;90.79;49.95;76.24;"충전기당 전기차 수 : 1.46";"1800"
72;"20";"전남광주";"현대";"스타리아 일렉트릭";"대형MPV";"전기(배터리)";5792;87.5;80.71;21.79;76.22;"충전기당 전기차 수 : 1.65";"2300"
196;"05";"충남";"미니";"Countryman Electric";"소형SUV";"전기(배터리)";5714;72.16;90.47;44.32;76.2;"충전기당 전기차 수 : 1.48";"2200"
196;"04";"충북";"미니";"Countryman Electric";"소형SUV";"전기(배터리)";5714;72.16;90.47;38.69;76.2;"충전기당 전기차 수 : 1.52";"2200"
29;"11";"제주";"기아";"K8";"준대형";"가솔린";3529;145.84;57.7;100.0;76.16;"해당사항 없음";"해당사항 없음"
30;"11";"제주";"기아";"K8";"준대형";"하이브리드";3529;145.84;57.7;100.0;76.16;"해당사항 없음";"해당사항 없음"
28;"11";"제주";"기아";"K8";"준대형";"LPG";3529;87.63;80.04;100.0;76.16;"해당사항 없음";"해당사항 없음"
28;"19";"세종";"기아";"K8";"준대형";"LPG";3529;85.01;81.97;100.0;76.16;"해당사항 없음";"해당사항 없음"
29;"19";"세종";"기아";"K8";"준대형";"가솔린";3529;143.27;59.2;100.0;76.16;"해당사항 없음";"해당사항 없음"
30;"19";"세종";"기아";"K8";"준대형";"하이브리드";3529;143.27;59.2;100.0;76.16;"해당사항 없음";"해당사항 없음"
29;"18";"울산";"기아";"K8";"준대형";"가솔린";3529;141.89;59.87;100.0;76.16;"해당사항 없음";"해당사항 없음"
30;"18";"울산";"기아";"K8";"준대형";"하이브리드";3529;141.89;59.87;100.0;76.16;"해당사항 없음";"해당사항 없음"
28;"18";"울산";"기아";"K8";"준대형";"LPG";3529;85.52;81.26;100.0;76.16;"해당사항 없음";"해당사항 없음"
28;"02";"경기";"기아";"K8";"준대형";"LPG";3529;84.79;82.03;100.0;76.16;"해당사항 없음";"해당사항 없음"
29;"02";"경기";"기아";"K8";"준대형";"가솔린";3529;143.24;59.24;100.0;76.16;"해당사항 없음";"해당사항 없음"
30;"02";"경기";"기아";"K8";"준대형";"하이브리드";3529;143.24;59.24;100.0;76.16;"해당사항 없음";"해당사항 없음"
28;"01";"서울";"기아";"K8";"준대형";"LPG";3529;89.28;79.56;100.0;76.16;"해당사항 없음";"해당사항 없음"
29;"01";"서울";"기아";"K8";"준대형";"가솔린";3529;147.05;56.53;100.0;76.16;"해당사항 없음";"해당사항 없음"
30;"01";"서울";"기아";"K8";"준대형";"하이브리드";3529;147.05;56.53;100.0;76.16;"해당사항 없음";"해당사항 없음"
29;"03";"강원";"기아";"K8";"준대형";"가솔린";3529;144.39;58.63;100.0;76.16;"해당사항 없음";"해당사항 없음"
30;"03";"강원";"기아";"K8";"준대형";"하이브리드";3529;144.39;58.63;100.0;76.16;"해당사항 없음";"해당사항 없음"
28;"03";"강원";"기아";"K8";"준대형";"LPG";3529;87.2;80.77;100.0;76.16;"해당사항 없음";"해당사항 없음"
28;"14";"대구";"기아";"K8";"준대형";"LPG";3529;86.26;81.18;100.0;76.16;"해당사항 없음";"해당사항 없음"
29;"14";"대구";"기아";"K8";"준대형";"가솔린";3529;141.35;59.99;100.0;76.16;"해당사항 없음";"해당사항 없음"
30;"14";"대구";"기아";"K8";"준대형";"하이브리드";3529;141.35;59.99;100.0;76.16;"해당사항 없음";"해당사항 없음"
28;"10";"부산";"기아";"K8";"준대형";"LPG";3529;83.92;82.15;100.0;76.16;"해당사항 없음";"해당사항 없음"
29;"10";"부산";"기아";"K8";"준대형";"가솔린";3529;142.21;59.62;100.0;76.16;"해당사항 없음";"해당사항 없음"
30;"10";"부산";"기아";"K8";"준대형";"하이브리드";3529;142.21;59.62;100.0;76.16;"해당사항 없음";"해당사항 없음"
29;"17";"대전";"기아";"K8";"준대형";"가솔린";3529;141.82;59.91;100.0;76.16;"해당사항 없음";"해당사항 없음"
30;"17";"대전";"기아";"K8";"준대형";"하이브리드";3529;141.82;59.91;100.0;76.16;"해당사항 없음";"해당사항 없음"
28;"17";"대전";"기아";"K8";"준대형";"LPG";3529;82.57;82.96;100.0;76.16;"해당사항 없음";"해당사항 없음"
28;"06";"전북";"기아";"K8";"준대형";"LPG";3529;81.97;82.98;100.0;76.16;"해당사항 없음";"해당사항 없음"
29;"06";"전북";"기아";"K8";"준대형";"가솔린";3529;143.61;59.02;100.0;76.16;"해당사항 없음";"해당사항 없음"
30;"06";"전북";"기아";"K8";"준대형";"하이브리드";3529;143.61;59.02;100.0;76.16;"해당사항 없음";"해당사항 없음"
28;"05";"충남";"기아";"K8";"준대형";"LPG";3529;85.34;81.93;100.0;76.16;"해당사항 없음";"해당사항 없음"
29;"05";"충남";"기아";"K8";"준대형";"가솔린";3529;143.98;58.89;100.0;76.16;"해당사항 없음";"해당사항 없음"
30;"05";"충남";"기아";"K8";"준대형";"하이브리드";3529;143.98;58.89;100.0;76.16;"해당사항 없음";"해당사항 없음"
29;"04";"충북";"기아";"K8";"준대형";"가솔린";3529;144.06;58.81;100.0;76.16;"해당사항 없음";"해당사항 없음"
30;"04";"충북";"기아";"K8";"준대형";"하이브리드";3529;144.06;58.81;100.0;76.16;"해당사항 없음";"해당사항 없음"
28;"04";"충북";"기아";"K8";"준대형";"LPG";3529;84.21;82.11;100.0;76.16;"해당사항 없음";"해당사항 없음"
28;"08";"경북";"기아";"K8";"준대형";"LPG";3529;83.9;82.17;100.0;76.16;"해당사항 없음";"해당사항 없음"
29;"08";"경북";"기아";"K8";"준대형";"가솔린";3529;143.07;59.34;100.0;76.16;"해당사항 없음";"해당사항 없음"
30;"08";"경북";"기아";"K8";"준대형";"하이브리드";3529;143.07;59.34;100.0;76.16;"해당사항 없음";"해당사항 없음"
28;"09";"경남";"기아";"K8";"준대형";"LPG";3529;83.37;82.23;100.0;76.16;"해당사항 없음";"해당사항 없음"
29;"09";"경남";"기아";"K8";"준대형";"가솔린";3529;143.08;59.3;100.0;76.16;"해당사항 없음";"해당사항 없음"
30;"09";"경남";"기아";"K8";"준대형";"하이브리드";3529;143.08;59.3;100.0;76.16;"해당사항 없음";"해당사항 없음"
29;"20";"전남광주";"기아";"K8";"준대형";"가솔린";3529;143.81;58.96;100.0;76.16;"해당사항 없음";"해당사항 없음"
30;"20";"전남광주";"기아";"K8";"준대형";"하이브리드";3529;143.81;58.96;100.0;76.16;"해당사항 없음";"해당사항 없음"
28;"20";"전남광주";"기아";"K8";"준대형";"LPG";3529;85.59;81.24;100.0;76.16;"해당사항 없음";"해당사항 없음"
28;"15";"인천";"기아";"K8";"준대형";"LPG";3529;84.54;82.07;100.0;76.16;"해당사항 없음";"해당사항 없음"
29;"15";"인천";"기아";"K8";"준대형";"가솔린";3529;142.52;59.54;100.0;76.16;"해당사항 없음";"해당사항 없음"
30;"15";"인천";"기아";"K8";"준대형";"하이브리드";3529;142.52;59.54;100.0;76.16;"해당사항 없음";"해당사항 없음"
57;"06";"전북";"르노코리아";"그랑 콜레오스";"중형SUV";"가솔린";3546;145.86;57.64;100.0;75.19;"해당사항 없음";"해당사항 없음"
58;"06";"전북";"르노코리아";"그랑 콜레오스";"중형SUV";"하이브리드";3546;145.86;57.64;100.0;75.19;"해당사항 없음";"해당사항 없음"
57;"05";"충남";"르노코리아";"그랑 콜레오스";"중형SUV";"가솔린";3546;146.24;57.3;100.0;75.19;"해당사항 없음";"해당사항 없음"
58;"05";"충남";"르노코리아";"그랑 콜레오스";"중형SUV";"하이브리드";3546;146.24;57.3;100.0;75.19;"해당사항 없음";"해당사항 없음"
57;"04";"충북";"르노코리아";"그랑 콜레오스";"중형SUV";"가솔린";3546;146.32;57.21;100.0;75.19;"해당사항 없음";"해당사항 없음"
58;"04";"충북";"르노코리아";"그랑 콜레오스";"중형SUV";"하이브리드";3546;146.32;57.21;100.0;75.19;"해당사항 없음";"해당사항 없음"
57;"08";"경북";"르노코리아";"그랑 콜레오스";"중형SUV";"가솔린";3546;145.31;58.09;100.0;75.19;"해당사항 없음";"해당사항 없음"
58;"08";"경북";"르노코리아";"그랑 콜레오스";"중형SUV";"하이브리드";3546;145.31;58.09;100.0;75.19;"해당사항 없음";"해당사항 없음"
57;"09";"경남";"르노코리아";"그랑 콜레오스";"중형SUV";"가솔린";3546;145.33;58.02;100.0;75.19;"해당사항 없음";"해당사항 없음"
58;"09";"경남";"르노코리아";"그랑 콜레오스";"중형SUV";"하이브리드";3546;145.33;58.02;100.0;75.19;"해당사항 없음";"해당사항 없음"
57;"20";"전남광주";"르노코리아";"그랑 콜레오스";"중형SUV";"가솔린";3546;146.06;57.42;100.0;75.19;"해당사항 없음";"해당사항 없음"
58;"20";"전남광주";"르노코리아";"그랑 콜레오스";"중형SUV";"하이브리드";3546;146.06;57.42;100.0;75.19;"해당사항 없음";"해당사항 없음"
57;"15";"인천";"르노코리아";"그랑 콜레오스";"중형SUV";"가솔린";3546;144.76;58.43;100.0;75.19;"해당사항 없음";"해당사항 없음"
58;"15";"인천";"르노코리아";"그랑 콜레오스";"중형SUV";"하이브리드";3546;144.76;58.43;100.0;75.19;"해당사항 없음";"해당사항 없음"
57;"11";"제주";"르노코리아";"그랑 콜레오스";"중형SUV";"가솔린";3546;148.13;55.47;100.0;75.19;"해당사항 없음";"해당사항 없음"
58;"11";"제주";"르노코리아";"그랑 콜레오스";"중형SUV";"하이브리드";3546;148.13;55.47;100.0;75.19;"해당사항 없음";"해당사항 없음"
57;"19";"세종";"르노코리아";"그랑 콜레오스";"중형SUV";"가솔린";3546;145.52;57.88;100.0;75.19;"해당사항 없음";"해당사항 없음"
58;"19";"세종";"르노코리아";"그랑 콜레오스";"중형SUV";"하이브리드";3546;145.52;57.88;100.0;75.19;"해당사항 없음";"해당사항 없음"
57;"18";"울산";"르노코리아";"그랑 콜레오스";"중형SUV";"가솔린";3546;144.12;58.75;100.0;75.19;"해당사항 없음";"해당사항 없음"
58;"18";"울산";"르노코리아";"그랑 콜레오스";"중형SUV";"하이브리드";3546;144.12;58.75;100.0;75.19;"해당사항 없음";"해당사항 없음"
57;"02";"경기";"르노코리아";"그랑 콜레오스";"중형SUV";"가솔린";3546;145.49;57.94;100.0;75.19;"해당사항 없음";"해당사항 없음"
58;"02";"경기";"르노코리아";"그랑 콜레오스";"중형SUV";"하이브리드";3546;145.49;57.94;100.0;75.19;"해당사항 없음";"해당사항 없음"
57;"01";"서울";"르노코리아";"그랑 콜레오스";"중형SUV";"가솔린";3546;149.36;53.69;100.0;75.19;"해당사항 없음";"해당사항 없음"
58;"01";"서울";"르노코리아";"그랑 콜레오스";"중형SUV";"하이브리드";3546;149.36;53.69;100.0;75.19;"해당사항 없음";"해당사항 없음"
57;"03";"강원";"르노코리아";"그랑 콜레오스";"중형SUV";"가솔린";3546;146.65;56.91;100.0;75.19;"해당사항 없음";"해당사항 없음"
58;"03";"강원";"르노코리아";"그랑 콜레오스";"중형SUV";"하이브리드";3546;146.65;56.91;100.0;75.19;"해당사항 없음";"해당사항 없음"
57;"14";"대구";"르노코리아";"그랑 콜레오스";"중형SUV";"가솔린";3546;143.57;59.06;100.0;75.19;"해당사항 없음";"해당사항 없음"
58;"14";"대구";"르노코리아";"그랑 콜레오스";"중형SUV";"하이브리드";3546;143.57;59.06;100.0;75.19;"해당사항 없음";"해당사항 없음"
57;"10";"부산";"르노코리아";"그랑 콜레오스";"중형SUV";"가솔린";3546;144.44;58.59;100.0;75.19;"해당사항 없음";"해당사항 없음"
58;"10";"부산";"르노코리아";"그랑 콜레오스";"중형SUV";"하이브리드";3546;144.44;58.59;100.0;75.19;"해당사항 없음";"해당사항 없음"
57;"17";"대전";"르노코리아";"그랑 콜레오스";"중형SUV";"가솔린";3546;144.04;58.85;100.0;75.19;"해당사항 없음";"해당사항 없음"
58;"17";"대전";"르노코리아";"그랑 콜레오스";"중형SUV";"하이브리드";3546;144.04;58.85;100.0;75.19;"해당사항 없음";"해당사항 없음"
109;"19";"세종";"KGM";"액티언";"중형SUV";"LPG+가솔린";3567;155.92;46.77;100.0;74.54;"해당사항 없음";"해당사항 없음"
110;"19";"세종";"KGM";"액티언";"중형SUV";"가솔린";3567;155.92;46.77;100.0;74.54;"해당사항 없음";"해당사항 없음"
111;"19";"세종";"KGM";"액티언";"중형SUV";"하이브리드";3567;155.92;46.77;100.0;74.54;"해당사항 없음";"해당사항 없음"
109;"18";"울산";"KGM";"액티언";"중형SUV";"LPG+가솔린";3567;154.42;47.74;100.0;74.54;"해당사항 없음";"해당사항 없음"
110;"18";"울산";"KGM";"액티언";"중형SUV";"가솔린";3567;154.42;47.74;100.0;74.54;"해당사항 없음";"해당사항 없음"
111;"18";"울산";"KGM";"액티언";"중형SUV";"하이브리드";3567;154.42;47.74;100.0;74.54;"해당사항 없음";"해당사항 없음"
109;"02";"경기";"KGM";"액티언";"중형SUV";"LPG+가솔린";3567;155.88;46.85;100.0;74.54;"해당사항 없음";"해당사항 없음"
110;"02";"경기";"KGM";"액티언";"중형SUV";"가솔린";3567;155.88;46.85;100.0;74.54;"해당사항 없음";"해당사항 없음"
111;"02";"경기";"KGM";"액티언";"중형SUV";"하이브리드";3567;155.88;46.85;100.0;74.54;"해당사항 없음";"해당사항 없음"
109;"01";"서울";"KGM";"액티언";"중형SUV";"LPG+가솔린";3567;160.03;44.4;100.0;74.54;"해당사항 없음";"해당사항 없음"
110;"01";"서울";"KGM";"액티언";"중형SUV";"가솔린";3567;160.03;44.4;100.0;74.54;"해당사항 없음";"해당사항 없음"
111;"01";"서울";"KGM";"액티언";"중형SUV";"하이브리드";3567;160.03;44.4;100.0;74.54;"해당사항 없음";"해당사항 없음"
109;"03";"강원";"KGM";"액티언";"중형SUV";"LPG+가솔린";3567;157.13;45.88;100.0;74.54;"해당사항 없음";"해당사항 없음"
110;"03";"강원";"KGM";"액티언";"중형SUV";"가솔린";3567;157.13;45.88;100.0;74.54;"해당사항 없음";"해당사항 없음"
111;"03";"강원";"KGM";"액티언";"중형SUV";"하이브리드";3567;157.13;45.88;100.0;74.54;"해당사항 없음";"해당사항 없음"
109;"14";"대구";"KGM";"액티언";"중형SUV";"LPG+가솔린";3567;153.82;48.15;100.0;74.54;"해당사항 없음";"해당사항 없음"
110;"14";"대구";"KGM";"액티언";"중형SUV";"가솔린";3567;153.82;48.15;100.0;74.54;"해당사항 없음";"해당사항 없음"
111;"14";"대구";"KGM";"액티언";"중형SUV";"하이브리드";3567;153.82;48.15;100.0;74.54;"해당사항 없음";"해당사항 없음"
109;"10";"부산";"KGM";"액티언";"중형SUV";"LPG+가솔린";3567;154.76;47.64;100.0;74.54;"해당사항 없음";"해당사항 없음"
110;"10";"부산";"KGM";"액티언";"중형SUV";"가솔린";3567;154.76;47.64;100.0;74.54;"해당사항 없음";"해당사항 없음"
111;"10";"부산";"KGM";"액티언";"중형SUV";"하이브리드";3567;154.76;47.64;100.0;74.54;"해당사항 없음";"해당사항 없음"
109;"17";"대전";"KGM";"액티언";"중형SUV";"LPG+가솔린";3567;154.33;47.84;100.0;74.54;"해당사항 없음";"해당사항 없음"
110;"17";"대전";"KGM";"액티언";"중형SUV";"가솔린";3567;154.33;47.84;100.0;74.54;"해당사항 없음";"해당사항 없음"
111;"17";"대전";"KGM";"액티언";"중형SUV";"하이브리드";3567;154.33;47.84;100.0;74.54;"해당사항 없음";"해당사항 없음"
109;"06";"전북";"KGM";"액티언";"중형SUV";"LPG+가솔린";3567;156.28;46.55;100.0;74.54;"해당사항 없음";"해당사항 없음"
110;"06";"전북";"KGM";"액티언";"중형SUV";"가솔린";3567;156.28;46.55;100.0;74.54;"해당사항 없음";"해당사항 없음"
111;"06";"전북";"KGM";"액티언";"중형SUV";"하이브리드";3567;156.28;46.55;100.0;74.54;"해당사항 없음";"해당사항 없음"
109;"05";"충남";"KGM";"액티언";"중형SUV";"LPG+가솔린";3567;156.68;46.23;100.0;74.54;"해당사항 없음";"해당사항 없음"
110;"05";"충남";"KGM";"액티언";"중형SUV";"가솔린";3567;156.68;46.23;100.0;74.54;"해당사항 없음";"해당사항 없음"
111;"05";"충남";"KGM";"액티언";"중형SUV";"하이브리드";3567;156.68;46.23;100.0;74.54;"해당사항 없음";"해당사항 없음"
109;"04";"충북";"KGM";"액티언";"중형SUV";"LPG+가솔린";3567;156.77;46.12;100.0;74.54;"해당사항 없음";"해당사항 없음"
110;"04";"충북";"KGM";"액티언";"중형SUV";"가솔린";3567;156.77;46.12;100.0;74.54;"해당사항 없음";"해당사항 없음"
111;"04";"충북";"KGM";"액티언";"중형SUV";"하이브리드";3567;156.77;46.12;100.0;74.54;"해당사항 없음";"해당사항 없음"
109;"08";"경북";"KGM";"액티언";"중형SUV";"LPG+가솔린";3567;155.69;47.08;100.0;74.54;"해당사항 없음";"해당사항 없음"
110;"08";"경북";"KGM";"액티언";"중형SUV";"가솔린";3567;155.69;47.08;100.0;74.54;"해당사항 없음";"해당사항 없음"
111;"08";"경북";"KGM";"액티언";"중형SUV";"하이브리드";3567;155.69;47.08;100.0;74.54;"해당사항 없음";"해당사항 없음"
109;"09";"경남";"KGM";"액티언";"중형SUV";"LPG+가솔린";3567;155.71;46.99;100.0;74.54;"해당사항 없음";"해당사항 없음"
110;"09";"경남";"KGM";"액티언";"중형SUV";"가솔린";3567;155.71;46.99;100.0;74.54;"해당사항 없음";"해당사항 없음"
111;"09";"경남";"KGM";"액티언";"중형SUV";"하이브리드";3567;155.71;46.99;100.0;74.54;"해당사항 없음";"해당사항 없음"
109;"20";"전남광주";"KGM";"액티언";"중형SUV";"LPG+가솔린";3567;156.49;46.39;100.0;74.54;"해당사항 없음";"해당사항 없음"
110;"20";"전남광주";"KGM";"액티언";"중형SUV";"가솔린";3567;156.49;46.39;100.0;74.54;"해당사항 없음";"해당사항 없음"
111;"20";"전남광주";"KGM";"액티언";"중형SUV";"하이브리드";3567;156.49;46.39;100.0;74.54;"해당사항 없음";"해당사항 없음"
109;"15";"인천";"KGM";"액티언";"중형SUV";"LPG+가솔린";3567;155.1;47.36;100.0;74.54;"해당사항 없음";"해당사항 없음"
110;"15";"인천";"KGM";"액티언";"중형SUV";"가솔린";3567;155.1;47.36;100.0;74.54;"해당사항 없음";"해당사항 없음"
111;"15";"인천";"KGM";"액티언";"중형SUV";"하이브리드";3567;155.1;47.36;100.0;74.54;"해당사항 없음";"해당사항 없음"
109;"11";"제주";"KGM";"액티언";"중형SUV";"LPG+가솔린";3567;158.71;45.13;100.0;74.54;"해당사항 없음";"해당사항 없음"
110;"11";"제주";"KGM";"액티언";"중형SUV";"가솔린";3567;158.71;45.13;100.0;74.54;"해당사항 없음";"해당사항 없음"
111;"11";"제주";"KGM";"액티언";"중형SUV";"하이브리드";3567;158.71;45.13;100.0;74.54;"해당사항 없음";"해당사항 없음"
167;"18";"울산";"렉서스";"UX";"중형SUV";"전기(배터리)";5283;74.47;88.04;89.37;73.57;"충전기당 전기차 수 : 0.96";"1700"
167;"02";"경기";"렉서스";"UX";"중형SUV";"전기(배터리)";5283;74.47;88.04;83.74;73.57;"충전기당 전기차 수 : 1.01";"1700"
124;"18";"울산";"벤츠";"Electric CLA";"준중형";"전기(배터리)";5290;71.43;90.79;89.37;73.53;"충전기당 전기차 수 : 0.96";"1700"
124;"02";"경기";"벤츠";"Electric CLA";"준중형";"전기(배터리)";5290;71.43;90.79;83.74;73.53;"충전기당 전기차 수 : 1.01";"1700"
72;"05";"충남";"현대";"스타리아 일렉트릭";"대형MPV";"전기(배터리)";5792;87.5;80.71;44.32;73.49;"충전기당 전기차 수 : 1.48";"2200"
72;"04";"충북";"현대";"스타리아 일렉트릭";"대형MPV";"전기(배터리)";5792;87.5;80.71;38.69;73.49;"충전기당 전기차 수 : 1.52";"2200"
196;"08";"경북";"미니";"Countryman Electric";"소형SUV";"전기(배터리)";5714;72.16;90.47;33.06;73.45;"충전기당 전기차 수 : 1.58";"2100"
196;"09";"경남";"미니";"Countryman Electric";"소형SUV";"전기(배터리)";5714;72.16;90.47;27.43;73.45;"충전기당 전기차 수 : 1.64";"2100"
152;"20";"전남광주";"BMW";"iX1";"소형SUV";"전기(배터리)";5920;75.27;87.63;21.79;73.41;"충전기당 전기차 수 : 1.65";"2300"
4;"11";"제주";"기아";"쏘렌토";"중형SUV";"디젤";3631;149.59;53.07;100.0;73.39;"해당사항 없음";"해당사항 없음"
2;"11";"제주";"기아";"쏘렌토";"중형SUV";"가솔린";3631;151.09;50.64;100.0;73.39;"해당사항 없음";"해당사항 없음"
3;"11";"제주";"기아";"쏘렌토";"중형SUV";"하이브리드";3631;151.09;50.64;100.0;73.39;"해당사항 없음";"해당사항 없음"
4;"19";"세종";"기아";"쏘렌토";"중형SUV";"디젤";3631;147.32;56.26;100.0;73.39;"해당사항 없음";"해당사항 없음"
2;"19";"세종";"기아";"쏘렌토";"중형SUV";"가솔린";3631;148.43;54.97;100.0;73.39;"해당사항 없음";"해당사항 없음"
3;"19";"세종";"기아";"쏘렌토";"중형SUV";"하이브리드";3631;148.43;54.97;100.0;73.39;"해당사항 없음";"해당사항 없음"
4;"18";"울산";"기아";"쏘렌토";"중형SUV";"디젤";3631;146.12;57.36;100.0;73.39;"해당사항 없음";"해당사항 없음"
2;"18";"울산";"기아";"쏘렌토";"중형SUV";"가솔린";3631;147.0;56.71;100.0;73.39;"해당사항 없음";"해당사항 없음"
3;"18";"울산";"기아";"쏘렌토";"중형SUV";"하이브리드";3631;147.0;56.71;100.0;73.39;"해당사항 없음";"해당사항 없음"
4;"02";"경기";"기아";"쏘렌토";"중형SUV";"디젤";3631;147.06;56.47;100.0;73.39;"해당사항 없음";"해당사항 없음"
2;"02";"경기";"기아";"쏘렌토";"중형SUV";"가솔린";3631;148.4;55.05;100.0;73.39;"해당사항 없음";"해당사항 없음"
3;"02";"경기";"기아";"쏘렌토";"중형SUV";"하이브리드";3631;148.4;55.05;100.0;73.39;"해당사항 없음";"해당사항 없음"
4;"01";"서울";"기아";"쏘렌토";"중형SUV";"디젤";3631;150.92;50.8;100.0;73.39;"해당사항 없음";"해당사항 없음"
2;"01";"서울";"기아";"쏘렌토";"중형SUV";"가솔린";3631;152.34;48.9;100.0;73.39;"해당사항 없음";"해당사항 없음"
3;"01";"서울";"기아";"쏘렌토";"중형SUV";"하이브리드";3631;152.34;48.9;100.0;73.39;"해당사항 없음";"해당사항 없음"
4;"03";"강원";"기아";"쏘렌토";"중형SUV";"디젤";3631;148.82;54.54;100.0;73.39;"해당사항 없음";"해당사항 없음"
2;"03";"강원";"기아";"쏘렌토";"중형SUV";"가솔린";3631;149.59;53.07;100.0;73.39;"해당사항 없음";"해당사항 없음"
3;"03";"강원";"기아";"쏘렌토";"중형SUV";"하이브리드";3631;149.59;53.07;100.0;73.39;"해당사항 없음";"해당사항 없음"
4;"14";"대구";"기아";"쏘렌토";"중형SUV";"디젤";3631;145.23;58.19;100.0;73.39;"해당사항 없음";"해당사항 없음"
2;"14";"대구";"기아";"쏘렌토";"중형SUV";"가솔린";3631;146.44;57.11;100.0;73.39;"해당사항 없음";"해당사항 없음"
3;"14";"대구";"기아";"쏘렌토";"중형SUV";"하이브리드";3631;146.44;57.11;100.0;73.39;"해당사항 없음";"해당사항 없음"
4;"10";"부산";"기아";"쏘렌토";"중형SUV";"디젤";3631;145.96;57.48;100.0;73.39;"해당사항 없음";"해당사항 없음"
2;"10";"부산";"기아";"쏘렌토";"중형SUV";"가솔린";3631;147.33;56.24;100.0;73.39;"해당사항 없음";"해당사항 없음"
3;"10";"부산";"기아";"쏘렌토";"중형SUV";"하이브리드";3631;147.33;56.24;100.0;73.39;"해당사항 없음";"해당사항 없음"
4;"17";"대전";"기아";"쏘렌토";"중형SUV";"디젤";3631;145.99;57.46;100.0;73.39;"해당사항 없음";"해당사항 없음"
2;"17";"대전";"기아";"쏘렌토";"중형SUV";"가솔린";3631;146.92;56.79;100.0;73.39;"해당사항 없음";"해당사항 없음"
3;"17";"대전";"기아";"쏘렌토";"중형SUV";"하이브리드";3631;146.92;56.79;100.0;73.39;"해당사항 없음";"해당사항 없음"
4;"06";"전북";"기아";"쏘렌토";"중형SUV";"디젤";3631;147.75;55.78;100.0;73.39;"해당사항 없음";"해당사항 없음"
2;"06";"전북";"기아";"쏘렌토";"중형SUV";"가솔린";3631;148.78;54.73;100.0;73.39;"해당사항 없음";"해당사항 없음"
3;"06";"전북";"기아";"쏘렌토";"중형SUV";"하이브리드";3631;148.78;54.73;100.0;73.39;"해당사항 없음";"해당사항 없음"
4;"05";"충남";"기아";"쏘렌토";"중형SUV";"디젤";3631;148.05;55.56;100.0;73.39;"해당사항 없음";"해당사항 없음"
2;"05";"충남";"기아";"쏘렌토";"중형SUV";"가솔린";3631;149.16;54.0;100.0;73.39;"해당사항 없음";"해당사항 없음"
3;"05";"충남";"기아";"쏘렌토";"중형SUV";"하이브리드";3631;149.16;54.0;100.0;73.39;"해당사항 없음";"해당사항 없음"
4;"04";"충북";"기아";"쏘렌토";"중형SUV";"디젤";3631;148.1;55.51;100.0;73.39;"해당사항 없음";"해당사항 없음"
2;"04";"충북";"기아";"쏘렌토";"중형SUV";"가솔린";3631;149.25;53.94;100.0;73.39;"해당사항 없음";"해당사항 없음"
3;"04";"충북";"기아";"쏘렌토";"중형SUV";"하이브리드";3631;149.25;53.94;100.0;73.39;"해당사항 없음";"해당사항 없음"
4;"08";"경북";"기아";"쏘렌토";"중형SUV";"디젤";3631;147.1;56.43;100.0;73.39;"해당사항 없음";"해당사항 없음"
2;"08";"경북";"기아";"쏘렌토";"중형SUV";"가솔린";3631;148.22;55.39;100.0;73.39;"해당사항 없음";"해당사항 없음"
3;"08";"경북";"기아";"쏘렌토";"중형SUV";"하이브리드";3631;148.22;55.39;100.0;73.39;"해당사항 없음";"해당사항 없음"
4;"09";"경남";"기아";"쏘렌토";"중형SUV";"디젤";3631;146.97;56.73;100.0;73.39;"해당사항 없음";"해당사항 없음"
2;"09";"경남";"기아";"쏘렌토";"중형SUV";"가솔린";3631;148.24;55.29;100.0;73.39;"해당사항 없음";"해당사항 없음"
3;"09";"경남";"기아";"쏘렌토";"중형SUV";"하이브리드";3631;148.24;55.29;100.0;73.39;"해당사항 없음";"해당사항 없음"
4;"20";"전남광주";"기아";"쏘렌토";"중형SUV";"디젤";3631;148.04;55.58;100.0;73.39;"해당사항 없음";"해당사항 없음"
2;"20";"전남광주";"기아";"쏘렌토";"중형SUV";"가솔린";3631;148.98;54.28;100.0;73.39;"해당사항 없음";"해당사항 없음"
3;"20";"전남광주";"기아";"쏘렌토";"중형SUV";"하이브리드";3631;148.98;54.28;100.0;73.39;"해당사항 없음";"해당사항 없음"
4;"15";"인천";"기아";"쏘렌토";"중형SUV";"디젤";3631;146.35;57.15;100.0;73.39;"해당사항 없음";"해당사항 없음"
2;"15";"인천";"기아";"쏘렌토";"중형SUV";"가솔린";3631;147.65;55.82;100.0;73.39;"해당사항 없음";"해당사항 없음"
3;"15";"인천";"기아";"쏘렌토";"중형SUV";"하이브리드";3631;147.65;55.82;100.0;73.39;"해당사항 없음";"해당사항 없음"
14;"17";"대전";"기아";"카니발";"대형MPV";"하이브리드";3636;163.25;42.54;100.0;72.41;"해당사항 없음";"해당사항 없음"
15;"06";"전북";"기아";"카니발";"대형MPV";"디젤";3636;164.17;41.89;100.0;72.41;"해당사항 없음";"해당사항 없음"
13;"06";"전북";"기아";"카니발";"대형MPV";"가솔린";3636;165.31;41.37;100.0;72.41;"해당사항 없음";"해당사항 없음"
14;"06";"전북";"기아";"카니발";"대형MPV";"하이브리드";3636;165.31;41.37;100.0;72.41;"해당사항 없음";"해당사항 없음"
15;"05";"충남";"기아";"카니발";"대형MPV";"디젤";3636;164.5;41.77;100.0;72.41;"해당사항 없음";"해당사항 없음"
13;"05";"충남";"기아";"카니발";"대형MPV";"가솔린";3636;165.73;40.92;100.0;72.41;"해당사항 없음";"해당사항 없음"
14;"05";"충남";"기아";"카니발";"대형MPV";"하이브리드";3636;165.73;40.92;100.0;72.41;"해당사항 없음";"해당사항 없음"
15;"04";"충북";"기아";"카니발";"대형MPV";"디젤";3636;164.56;41.75;100.0;72.41;"해당사항 없음";"해당사항 없음"
13;"04";"충북";"기아";"카니발";"대형MPV";"가솔린";3636;165.83;40.88;100.0;72.41;"해당사항 없음";"해당사항 없음"
14;"04";"충북";"기아";"카니발";"대형MPV";"하이브리드";3636;165.83;40.88;100.0;72.41;"해당사항 없음";"해당사항 없음"
15;"08";"경북";"기아";"카니발";"대형MPV";"디젤";3636;163.44;42.36;100.0;72.41;"해당사항 없음";"해당사항 없음"
13;"08";"경북";"기아";"카니발";"대형MPV";"가솔린";3636;164.69;41.73;100.0;72.41;"해당사항 없음";"해당사항 없음"
14;"08";"경북";"기아";"카니발";"대형MPV";"하이브리드";3636;164.69;41.73;100.0;72.41;"해당사항 없음";"해당사항 없음"
15;"09";"경남";"기아";"카니발";"대형MPV";"디젤";3636;163.3;42.5;100.0;72.41;"해당사항 없음";"해당사항 없음"
13;"09";"경남";"기아";"카니발";"대형MPV";"가솔린";3636;164.71;41.69;100.0;72.41;"해당사항 없음";"해당사항 없음"
14;"09";"경남";"기아";"카니발";"대형MPV";"하이브리드";3636;164.71;41.69;100.0;72.41;"해당사항 없음";"해당사항 없음"
15;"20";"전남광주";"기아";"카니발";"대형MPV";"디젤";3636;164.49;41.79;100.0;72.41;"해당사항 없음";"해당사항 없음"
13;"20";"전남광주";"기아";"카니발";"대형MPV";"가솔린";3636;165.54;41.17;100.0;72.41;"해당사항 없음";"해당사항 없음"
14;"20";"전남광주";"기아";"카니발";"대형MPV";"하이브리드";3636;165.54;41.17;100.0;72.41;"해당사항 없음";"해당사항 없음"
15;"15";"인천";"기아";"카니발";"대형MPV";"디젤";3636;162.61;42.85;100.0;72.41;"해당사항 없음";"해당사항 없음"
13;"15";"인천";"기아";"카니발";"대형MPV";"가솔린";3636;164.06;41.98;100.0;72.41;"해당사항 없음";"해당사항 없음"
14;"15";"인천";"기아";"카니발";"대형MPV";"하이브리드";3636;164.06;41.98;100.0;72.41;"해당사항 없음";"해당사항 없음"
15;"11";"제주";"기아";"카니발";"대형MPV";"디젤";3636;166.21;40.7;100.0;72.41;"해당사항 없음";"해당사항 없음"
13;"11";"제주";"기아";"카니발";"대형MPV";"가솔린";3636;167.88;39.63;100.0;72.41;"해당사항 없음";"해당사항 없음"
14;"11";"제주";"기아";"카니발";"대형MPV";"하이브리드";3636;167.88;39.63;100.0;72.41;"해당사항 없음";"해당사항 없음"
15;"19";"세종";"기아";"카니발";"대형MPV";"디젤";3636;163.69;42.16;100.0;72.41;"해당사항 없음";"해당사항 없음"
13;"19";"세종";"기아";"카니발";"대형MPV";"가솔린";3636;164.93;41.51;100.0;72.41;"해당사항 없음";"해당사항 없음"
14;"19";"세종";"기아";"카니발";"대형MPV";"하이브리드";3636;164.93;41.51;100.0;72.41;"해당사항 없음";"해당사항 없음"
15;"18";"울산";"기아";"카니발";"대형MPV";"디젤";3636;162.35;43.01;100.0;72.41;"해당사항 없음";"해당사항 없음"
13;"18";"울산";"기아";"카니발";"대형MPV";"가솔린";3636;163.34;42.46;100.0;72.41;"해당사항 없음";"해당사항 없음"
14;"18";"울산";"기아";"카니발";"대형MPV";"하이브리드";3636;163.34;42.46;100.0;72.41;"해당사항 없음";"해당사항 없음"
15;"02";"경기";"기아";"카니발";"대형MPV";"디젤";3636;163.4;42.38;100.0;72.41;"해당사항 없음";"해당사항 없음"
13;"02";"경기";"기아";"카니발";"대형MPV";"가솔린";3636;164.89;41.55;100.0;72.41;"해당사항 없음";"해당사항 없음"
14;"02";"경기";"기아";"카니발";"대형MPV";"하이브리드";3636;164.89;41.55;100.0;72.41;"해당사항 없음";"해당사항 없음"
15;"01";"서울";"기아";"카니발";"대형MPV";"디젤";3636;167.69;39.81;100.0;72.41;"해당사항 없음";"해당사항 없음"
13;"01";"서울";"기아";"카니발";"대형MPV";"가솔린";3636;169.27;38.96;100.0;72.41;"해당사항 없음";"해당사항 없음"
14;"01";"서울";"기아";"카니발";"대형MPV";"하이브리드";3636;169.27;38.96;100.0;72.41;"해당사항 없음";"해당사항 없음"
15;"03";"강원";"기아";"카니발";"대형MPV";"디젤";3636;165.35;41.33;100.0;72.41;"해당사항 없음";"해당사항 없음"
13;"03";"강원";"기아";"카니발";"대형MPV";"가솔린";3636;166.21;40.7;100.0;72.41;"해당사항 없음";"해당사항 없음"
14;"03";"강원";"기아";"카니발";"대형MPV";"하이브리드";3636;166.21;40.7;100.0;72.41;"해당사항 없음";"해당사항 없음"
15;"14";"대구";"기아";"카니발";"대형MPV";"디젤";3636;161.36;43.53;100.0;72.41;"해당사항 없음";"해당사항 없음"
13;"14";"대구";"기아";"카니발";"대형MPV";"가솔린";3636;162.71;42.81;100.0;72.41;"해당사항 없음";"해당사항 없음"
14;"14";"대구";"기아";"카니발";"대형MPV";"하이브리드";3636;162.71;42.81;100.0;72.41;"해당사항 없음";"해당사항 없음"
15;"10";"부산";"기아";"카니발";"대형MPV";"디젤";3636;162.17;43.13;100.0;72.41;"해당사항 없음";"해당사항 없음"
13;"10";"부산";"기아";"카니발";"대형MPV";"가솔린";3636;163.7;42.14;100.0;72.41;"해당사항 없음";"해당사항 없음"
14;"10";"부산";"기아";"카니발";"대형MPV";"하이브리드";3636;163.7;42.14;100.0;72.41;"해당사항 없음";"해당사항 없음"
15;"17";"대전";"기아";"카니발";"대형MPV";"디젤";3636;162.21;43.11;100.0;72.41;"해당사항 없음";"해당사항 없음"
13;"17";"대전";"기아";"카니발";"대형MPV";"가솔린";3636;163.25;42.54;100.0;72.41;"해당사항 없음";"해당사항 없음"
170;"05";"충남";"현대";"ST1";"소형트럭";"전기(배터리)";5655;98.59;76.54;44.32;71.44;"충전기당 전기차 수 : 1.48";"2000"
9;"15";"인천";"현대";"싼타페";"중형SUV";"하이브리드";3657;148.25;55.25;100.0;71.42;"해당사항 없음";"해당사항 없음"
8;"11";"제주";"현대";"싼타페";"중형SUV";"가솔린";3657;151.69;49.59;100.0;71.42;"해당사항 없음";"해당사항 없음"
9;"11";"제주";"현대";"싼타페";"중형SUV";"하이브리드";3657;151.69;49.59;100.0;71.42;"해당사항 없음";"해당사항 없음"
8;"06";"전북";"현대";"싼타페";"중형SUV";"가솔린";3657;149.37;53.61;100.0;71.42;"해당사항 없음";"해당사항 없음"
9;"06";"전북";"현대";"싼타페";"중형SUV";"하이브리드";3657;149.37;53.61;100.0;71.42;"해당사항 없음";"해당사항 없음"
8;"05";"충남";"현대";"싼타페";"중형SUV";"가솔린";3657;149.76;52.78;100.0;71.42;"해당사항 없음";"해당사항 없음"
9;"05";"충남";"현대";"싼타페";"중형SUV";"하이브리드";3657;149.76;52.78;100.0;71.42;"해당사항 없음";"해당사항 없음"
8;"04";"충북";"현대";"싼타페";"중형SUV";"가솔린";3657;149.85;52.7;100.0;71.42;"해당사항 없음";"해당사항 없음"
9;"04";"충북";"현대";"싼타페";"중형SUV";"하이브리드";3657;149.85;52.7;100.0;71.42;"해당사항 없음";"해당사항 없음"
8;"08";"경북";"현대";"싼타페";"중형SUV";"가솔린";3657;148.81;54.62;100.0;71.42;"해당사항 없음";"해당사항 없음"
9;"08";"경북";"현대";"싼타페";"중형SUV";"하이브리드";3657;148.81;54.62;100.0;71.42;"해당사항 없음";"해당사항 없음"
8;"09";"경남";"현대";"싼타페";"중형SUV";"가솔린";3657;148.83;54.4;100.0;71.42;"해당사항 없음";"해당사항 없음"
9;"09";"경남";"현대";"싼타페";"중형SUV";"하이브리드";3657;148.83;54.4;100.0;71.42;"해당사항 없음";"해당사항 없음"
8;"20";"전남광주";"현대";"싼타페";"중형SUV";"가솔린";3657;149.58;53.15;100.0;71.42;"해당사항 없음";"해당사항 없음"
9;"20";"전남광주";"현대";"싼타페";"중형SUV";"하이브리드";3657;149.58;53.15;100.0;71.42;"해당사항 없음";"해당사항 없음"
8;"15";"인천";"현대";"싼타페";"중형SUV";"가솔린";3657;148.25;55.25;100.0;71.42;"해당사항 없음";"해당사항 없음"
8;"19";"세종";"현대";"싼타페";"중형SUV";"가솔린";3657;149.03;54.16;100.0;71.42;"해당사항 없음";"해당사항 없음"
9;"19";"세종";"현대";"싼타페";"중형SUV";"하이브리드";3657;149.03;54.16;100.0;71.42;"해당사항 없음";"해당사항 없음"
8;"18";"울산";"현대";"싼타페";"중형SUV";"가솔린";3657;147.59;56.0;100.0;71.42;"해당사항 없음";"해당사항 없음"
9;"18";"울산";"현대";"싼타페";"중형SUV";"하이브리드";3657;147.59;56.0;100.0;71.42;"해당사항 없음";"해당사항 없음"
8;"02";"경기";"현대";"싼타페";"중형SUV";"가솔린";3657;149.0;54.24;100.0;71.42;"해당사항 없음";"해당사항 없음"
9;"02";"경기";"현대";"싼타페";"중형SUV";"하이브리드";3657;149.0;54.24;100.0;71.42;"해당사항 없음";"해당사항 없음"
8;"01";"서울";"현대";"싼타페";"중형SUV";"가솔린";3657;152.96;48.55;100.0;71.42;"해당사항 없음";"해당사항 없음"
9;"01";"서울";"현대";"싼타페";"중형SUV";"하이브리드";3657;152.96;48.55;100.0;71.42;"해당사항 없음";"해당사항 없음"
8;"03";"강원";"현대";"싼타페";"중형SUV";"가솔린";3657;150.19;52.09;100.0;71.42;"해당사항 없음";"해당사항 없음"
9;"03";"강원";"현대";"싼타페";"중형SUV";"하이브리드";3657;150.19;52.09;100.0;71.42;"해당사항 없음";"해당사항 없음"
8;"14";"대구";"현대";"싼타페";"중형SUV";"가솔린";3657;147.03;56.63;100.0;71.42;"해당사항 없음";"해당사항 없음"
9;"14";"대구";"현대";"싼타페";"중형SUV";"하이브리드";3657;147.03;56.63;100.0;71.42;"해당사항 없음";"해당사항 없음"
8;"10";"부산";"현대";"싼타페";"중형SUV";"가솔린";3657;147.92;55.68;100.0;71.42;"해당사항 없음";"해당사항 없음"
9;"10";"부산";"현대";"싼타페";"중형SUV";"하이브리드";3657;147.92;55.68;100.0;71.42;"해당사항 없음";"해당사항 없음"
8;"17";"대전";"현대";"싼타페";"중형SUV";"가솔린";3657;147.51;56.12;100.0;71.42;"해당사항 없음";"해당사항 없음"
9;"17";"대전";"현대";"싼타페";"중형SUV";"하이브리드";3657;147.51;56.12;100.0;71.42;"해당사항 없음";"해당사항 없음"
196;"03";"강원";"미니";"Countryman Electric";"소형SUV";"전기(배터리)";5714;72.16;90.47;72.48;70.77;"충전기당 전기차 수 : 1.22";"2040"
72;"08";"경북";"현대";"스타리아 일렉트릭";"대형MPV";"전기(배터리)";5792;87.5;80.71;33.06;70.75;"충전기당 전기차 수 : 1.58";"2100"
72;"09";"경남";"현대";"스타리아 일렉트릭";"대형MPV";"전기(배터리)";5792;87.5;80.71;27.43;70.75;"충전기당 전기차 수 : 1.64";"2100"
152;"05";"충남";"BMW";"iX1";"소형SUV";"전기(배터리)";5920;75.27;87.63;44.32;70.71;"충전기당 전기차 수 : 1.48";"2200"
152;"04";"충북";"BMW";"iX1";"소형SUV";"전기(배터리)";5920;75.27;87.63;38.69;70.71;"충전기당 전기차 수 : 1.52";"2200"
221;"20";"전남광주";"벤츠";"EQA";"소형SUV";"전기(배터리)";6020;70.0;91.11;21.79;70.71;"충전기당 전기차 수 : 1.65";"2300"
72;"03";"강원";"현대";"스타리아 일렉트릭";"대형MPV";"전기(배터리)";5792;87.5;80.71;72.48;70.65;"충전기당 전기차 수 : 1.22";"2040"
199;"20";"전남광주";"BMW";"iX2";"소형SUV";"전기(배터리)";6070;69.31;91.44;21.79;70.63;"충전기당 전기차 수 : 1.65";"2300"
159;"15";"인천";"아우디";"A3";"준중형";"가솔린";3780;173.3;37.34;100.0;70.61;"해당사항 없음";"해당사항 없음"
159;"11";"제주";"아우디";"A3";"준중형";"가솔린";3780;177.33;34.71;100.0;70.61;"해당사항 없음";"해당사항 없음"
159;"19";"세종";"아우디";"A3";"준중형";"가솔린";3780;174.22;36.9;100.0;70.61;"해당사항 없음";"해당사항 없음"
159;"18";"울산";"아우디";"A3";"준중형";"가솔린";3780;172.54;37.64;100.0;70.61;"해당사항 없음";"해당사항 없음"
159;"02";"경기";"아우디";"A3";"준중형";"가솔린";3780;174.18;36.92;100.0;70.61;"해당사항 없음";"해당사항 없음"
159;"01";"서울";"아우디";"A3";"준중형";"가솔린";3780;178.81;33.48;100.0;70.61;"해당사항 없음";"해당사항 없음"
159;"03";"강원";"아우디";"A3";"준중형";"가솔린";3780;175.57;36.11;100.0;70.61;"해당사항 없음";"해당사항 없음"
159;"14";"대구";"아우디";"A3";"준중형";"가솔린";3780;171.88;37.93;100.0;70.61;"해당사항 없음";"해당사항 없음"
159;"10";"부산";"아우디";"A3";"준중형";"가솔린";3780;172.92;37.54;100.0;70.61;"해당사항 없음";"해당사항 없음"
159;"17";"대전";"아우디";"A3";"준중형";"가솔린";3780;172.45;37.71;100.0;70.61;"해당사항 없음";"해당사항 없음"
159;"06";"전북";"아우디";"A3";"준중형";"가솔린";3780;174.62;36.71;100.0;70.61;"해당사항 없음";"해당사항 없음"
159;"05";"충남";"아우디";"A3";"준중형";"가솔린";3780;175.07;36.37;100.0;70.61;"해당사항 없음";"해당사항 없음"
159;"04";"충북";"아우디";"A3";"준중형";"가솔린";3780;175.18;36.31;100.0;70.61;"해당사항 없음";"해당사항 없음"
159;"08";"경북";"아우디";"A3";"준중형";"가솔린";3780;173.96;37.1;100.0;70.61;"해당사항 없음";"해당사항 없음"
159;"09";"경남";"아우디";"A3";"준중형";"가솔린";3780;173.98;37.08;100.0;70.61;"해당사항 없음";"해당사항 없음"
159;"20";"전남광주";"아우디";"A3";"준중형";"가솔린";3780;174.86;36.55;100.0;70.61;"해당사항 없음";"해당사항 없음"
196;"17";"대전";"미니";"Countryman Electric";"소형SUV";"전기(배터리)";5714;72.16;90.47;55.58;70.29;"충전기당 전기차 수 : 1.45";"1900"
221;"05";"충남";"벤츠";"EQA";"소형SUV";"전기(배터리)";6020;70.0;91.11;44.32;70.27;"충전기당 전기차 수 : 1.48";"2200"
221;"04";"충북";"벤츠";"EQA";"소형SUV";"전기(배터리)";6020;70.0;91.11;38.69;70.27;"충전기당 전기차 수 : 1.52";"2200"
152;"08";"경북";"BMW";"iX1";"소형SUV";"전기(배터리)";5920;75.27;87.63;33.06;70.27;"충전기당 전기차 수 : 1.58";"2100"
152;"09";"경남";"BMW";"iX1";"소형SUV";"전기(배터리)";5920;75.27;87.63;27.43;70.27;"충전기당 전기차 수 : 1.64";"2100"
170;"17";"대전";"현대";"ST1";"소형트럭";"전기(배터리)";5655;98.59;76.54;55.58;70.19;"충전기당 전기차 수 : 1.45";"1800"
170;"09";"경남";"현대";"ST1";"소형트럭";"전기(배터리)";5655;98.59;76.54;27.43;70.19;"충전기당 전기차 수 : 1.64";"1800"
199;"05";"충남";"BMW";"iX2";"소형SUV";"전기(배터리)";6070;69.31;91.44;44.32;70.15;"충전기당 전기차 수 : 1.48";"2200"
199;"04";"충북";"BMW";"iX2";"소형SUV";"전기(배터리)";6070;69.31;91.44;38.69;70.15;"충전기당 전기차 수 : 1.52";"2200"
152;"03";"강원";"BMW";"iX1";"소형SUV";"전기(배터리)";5920;75.27;87.63;72.48;70.11;"충전기당 전기차 수 : 1.22";"2040"
72;"17";"대전";"현대";"스타리아 일렉트릭";"대형MPV";"전기(배터리)";5792;87.5;80.71;55.58;70.09;"충전기당 전기차 수 : 1.45";"1900"
170;"20";"전남광주";"현대";"ST1";"소형트럭";"전기(배터리)";5655;98.59;76.54;21.79;70.07;"충전기당 전기차 수 : 1.65";"1760"
63;"20";"전남광주";"기아";"EV9";"대형SUV";"전기(배터리)";6197;89.74;79.52;21.79;70.05;"충전기당 전기차 수 : 1.65";"2300"
196;"06";"전북";"미니";"Countryman Electric";"소형SUV";"전기(배터리)";5714;72.16;90.47;49.95;70.03;"충전기당 전기차 수 : 1.46";"1800"
221;"08";"경북";"벤츠";"EQA";"소형SUV";"전기(배터리)";6020;70.0;91.11;33.06;70.01;"충전기당 전기차 수 : 1.58";"2100"
221;"09";"경남";"벤츠";"EQA";"소형SUV";"전기(배터리)";6020;70.0;91.11;27.43;70.01;"충전기당 전기차 수 : 1.64";"2100"
170;"08";"경북";"현대";"ST1";"소형트럭";"전기(배터리)";5655;98.59;76.54;33.06;69.97;"충전기당 전기차 수 : 1.58";"1700"
199;"08";"경북";"BMW";"iX2";"소형SUV";"전기(배터리)";6070;69.31;91.44;33.06;69.94;"충전기당 전기차 수 : 1.58";"2100"
199;"09";"경남";"BMW";"iX2";"소형SUV";"전기(배터리)";6070;69.31;91.44;27.43;69.94;"충전기당 전기차 수 : 1.64";"2100"
221;"03";"강원";"벤츠";"EQA";"소형SUV";"전기(배터리)";6020;70.0;91.11;72.48;69.9;"충전기당 전기차 수 : 1.22";"2040"
114;"19";"세종";"볼보";"EX30";"소형SUV";"전기(배터리)";3991;72.92;89.8;95.0;69.88;"충전기당 전기차 수 : 0.88";"현재 지자체의 예산이 소진되어 지원금을 받을 수 없습니다"
114;"01";"서울";"볼보";"EX30";"소형SUV";"전기(배터리)";3991;72.92;89.8;78.11;69.88;"충전기당 전기차 수 : 1.13";"현재 지자체의 예산이 소진되어 지원금을 받을 수 없습니다"
114;"14";"대구";"볼보";"EX30";"소형SUV";"전기(배터리)";3991;72.92;89.8;66.84;69.88;"충전기당 전기차 수 : 1.42";"현재 지자체의 예산이 소진되어 지원금을 받을 수 없습니다"
114;"10";"부산";"볼보";"EX30";"소형SUV";"전기(배터리)";3991;72.92;89.8;61.21;69.88;"충전기당 전기차 수 : 1.42";"현재 지자체의 예산이 소진되어 지원금을 받을 수 없습니다"
114;"15";"인천";"볼보";"EX30";"소형SUV";"전기(배터리)";3991;72.92;89.8;16.16;69.88;"충전기당 전기차 수 : 1.75";"현재 지자체의 예산이 소진되어 지원금을 받을 수 없습니다"
114;"11";"제주";"볼보";"EX30";"소형SUV";"전기(배터리)";3991;72.92;89.8;10.53;69.88;"충전기당 전기차 수 : 5.83";"현재 지자체의 예산이 소진되어 지원금을 받을 수 없습니다"
72;"06";"전북";"현대";"스타리아 일렉트릭";"대형MPV";"전기(배터리)";5792;87.5;80.71;49.95;69.76;"충전기당 전기차 수 : 1.46";"1800"
22;"19";"세종";"기아";"EV3";"소형SUV";"전기(배터리)";3995;72.16;90.47;95.0;69.74;"충전기당 전기차 수 : 0.88";"현재 지자체의 예산이 소진되어 지원금을 받을 수 없습니다"
22;"01";"서울";"기아";"EV3";"소형SUV";"전기(배터리)";3995;72.16;90.47;78.11;69.74;"충전기당 전기차 수 : 1.13";"현재 지자체의 예산이 소진되어 지원금을 받을 수 없습니다"
22;"14";"대구";"기아";"EV3";"소형SUV";"전기(배터리)";3995;72.16;90.47;66.84;69.74;"충전기당 전기차 수 : 1.42";"현재 지자체의 예산이 소진되어 지원금을 받을 수 없습니다"
22;"10";"부산";"기아";"EV3";"소형SUV";"전기(배터리)";3995;72.16;90.47;61.21;69.74;"충전기당 전기차 수 : 1.42";"현재 지자체의 예산이 소진되어 지원금을 받을 수 없습니다"
22;"15";"인천";"기아";"EV3";"소형SUV";"전기(배터리)";3995;72.16;90.47;16.16;69.74;"충전기당 전기차 수 : 1.75";"현재 지자체의 예산이 소진되어 지원금을 받을 수 없습니다"
22;"11";"제주";"기아";"EV3";"소형SUV";"전기(배터리)";3995;72.16;90.47;10.53;69.74;"충전기당 전기차 수 : 5.83";"현재 지자체의 예산이 소진되어 지원금을 받을 수 없습니다"
63;"05";"충남";"기아";"EV9";"대형SUV";"전기(배터리)";6197;89.74;79.52;44.32;69.62;"충전기당 전기차 수 : 1.48";"2200"
63;"04";"충북";"기아";"EV9";"대형SUV";"전기(배터리)";6197;89.74;79.52;38.69;69.62;"충전기당 전기차 수 : 1.52";"2200"
196;"18";"울산";"미니";"Countryman Electric";"소형SUV";"전기(배터리)";5714;72.16;90.47;89.37;69.58;"충전기당 전기차 수 : 0.96";"1700"
196;"02";"경기";"미니";"Countryman Electric";"소형SUV";"전기(배터리)";5714;72.16;90.47;83.74;69.58;"충전기당 전기차 수 : 1.01";"1700"
152;"17";"대전";"BMW";"iX1";"소형SUV";"전기(배터리)";5920;75.27;87.63;55.58;69.54;"충전기당 전기차 수 : 1.45";"1900"
199;"03";"강원";"BMW";"iX2";"소형SUV";"전기(배터리)";6070;69.31;91.44;72.48;69.52;"충전기당 전기차 수 : 1.22";"2040"
62;"19";"세종";"기아";"EV4";"준중형";"전기(배터리)";4042;67.96;93.06;95.0;69.5;"충전기당 전기차 수 : 0.88";"현재 지자체의 예산이 소진되어 지원금을 받을 수 없습니다"
62;"01";"서울";"기아";"EV4";"준중형";"전기(배터리)";4042;67.96;93.06;78.11;69.5;"충전기당 전기차 수 : 1.13";"현재 지자체의 예산이 소진되어 지원금을 받을 수 없습니다"
62;"14";"대구";"기아";"EV4";"준중형";"전기(배터리)";4042;67.96;93.06;66.84;69.5;"충전기당 전기차 수 : 1.42";"현재 지자체의 예산이 소진되어 지원금을 받을 수 없습니다"
62;"10";"부산";"기아";"EV4";"준중형";"전기(배터리)";4042;67.96;93.06;61.21;69.5;"충전기당 전기차 수 : 1.42";"현재 지자체의 예산이 소진되어 지원금을 받을 수 없습니다"
62;"15";"인천";"기아";"EV4";"준중형";"전기(배터리)";4042;67.96;93.06;16.16;69.5;"충전기당 전기차 수 : 1.75";"현재 지자체의 예산이 소진되어 지원금을 받을 수 없습니다"
62;"11";"제주";"기아";"EV4";"준중형";"전기(배터리)";4042;67.96;93.06;10.53;69.5;"충전기당 전기차 수 : 5.83";"현재 지자체의 예산이 소진되어 지원금을 받을 수 없습니다"
170;"18";"울산";"현대";"ST1";"소형트럭";"전기(배터리)";5655;98.59;76.54;89.37;69.38;"충전기당 전기차 수 : 0.96";"1600"
170;"02";"경기";"현대";"ST1";"소형트럭";"전기(배터리)";5655;98.59;76.54;83.74;69.38;"충전기당 전기차 수 : 1.01";"1600"
163;"15";"인천";"KGM";"렉스턴 뉴 아레나";"대형SUV";"디젤";4056;167.84;39.71;100.0;69.34;"해당사항 없음";"해당사항 없음"
163;"11";"제주";"KGM";"렉스턴 뉴 아레나";"대형SUV";"디젤";4056;171.55;38.15;100.0;69.34;"해당사항 없음";"해당사항 없음"
163;"17";"대전";"KGM";"렉스턴 뉴 아레나";"대형SUV";"디젤";4056;167.42;39.97;100.0;69.34;"해당사항 없음";"해당사항 없음"
163;"06";"전북";"KGM";"렉스턴 뉴 아레나";"대형SUV";"디젤";4056;169.44;38.84;100.0;69.34;"해당사항 없음";"해당사항 없음"
163;"05";"충남";"KGM";"렉스턴 뉴 아레나";"대형SUV";"디젤";4056;169.78;38.76;100.0;69.34;"해당사항 없음";"해당사항 없음"
163;"04";"충북";"KGM";"렉스턴 뉴 아레나";"대형SUV";"디젤";4056;169.84;38.74;100.0;69.34;"해당사항 없음";"해당사항 없음"
163;"08";"경북";"KGM";"렉스턴 뉴 아레나";"대형SUV";"디젤";4056;168.69;39.28;100.0;69.34;"해당사항 없음";"해당사항 없음"
163;"09";"경남";"KGM";"렉스턴 뉴 아레나";"대형SUV";"디젤";4056;168.54;39.36;100.0;69.34;"해당사항 없음";"해당사항 없음"
163;"20";"전남광주";"KGM";"렉스턴 뉴 아레나";"대형SUV";"디젤";4056;169.77;38.78;100.0;69.34;"해당사항 없음";"해당사항 없음"
163;"19";"세종";"KGM";"렉스턴 뉴 아레나";"대형SUV";"디젤";4056;168.94;39.1;100.0;69.34;"해당사항 없음";"해당사항 없음"
163;"18";"울산";"KGM";"렉스턴 뉴 아레나";"대형SUV";"디젤";4056;167.56;39.89;100.0;69.34;"해당사항 없음";"해당사항 없음"
163;"02";"경기";"KGM";"렉스턴 뉴 아레나";"대형SUV";"디젤";4056;168.65;39.3;100.0;69.34;"해당사항 없음";"해당사항 없음"
163;"01";"서울";"KGM";"렉스턴 뉴 아레나";"대형SUV";"디젤";4056;173.07;37.52;100.0;69.34;"해당사항 없음";"해당사항 없음"
163;"03";"강원";"KGM";"렉스턴 뉴 아레나";"대형SUV";"디젤";4056;170.66;38.51;100.0;69.34;"해당사항 없음";"해당사항 없음"
163;"14";"대구";"KGM";"렉스턴 뉴 아레나";"대형SUV";"디젤";4056;166.55;40.38;100.0;69.34;"해당사항 없음";"해당사항 없음"
163;"10";"부산";"KGM";"렉스턴 뉴 아레나";"대형SUV";"디젤";4056;167.38;39.99;100.0;69.34;"해당사항 없음";"해당사항 없음"
118;"19";"세종";"폭스바겐";"Golf";"준중형";"디젤";4084;131.07;66.16;100.0;69.01;"해당사항 없음";"해당사항 없음"
117;"19";"세종";"폭스바겐";"Golf";"준중형";"가솔린";4084;132.06;65.43;100.0;69.01;"해당사항 없음";"해당사항 없음"
172;"19";"세종";"BMW";"1 Series";"준중형";"가솔린";4084;166.4;40.46;100.0;69.01;"해당사항 없음";"해당사항 없음"
117;"18";"울산";"폭스바겐";"Golf";"준중형";"가솔린";4084;130.79;66.28;100.0;69.01;"해당사항 없음";"해당사항 없음"
172;"18";"울산";"BMW";"1 Series";"준중형";"가솔린";4084;164.8;41.59;100.0;69.01;"해당사항 없음";"해당사항 없음"
118;"18";"울산";"폭스바겐";"Golf";"준중형";"디젤";4084;130.0;66.69;100.0;69.01;"해당사항 없음";"해당사항 없음"
118;"02";"경기";"폭스바겐";"Golf";"준중형";"디젤";4084;130.84;66.26;100.0;69.01;"해당사항 없음";"해당사항 없음"
117;"02";"경기";"폭스바겐";"Golf";"준중형";"가솔린";4084;132.03;65.45;100.0;69.01;"해당사항 없음";"해당사항 없음"
172;"02";"경기";"BMW";"1 Series";"준중형";"가솔린";4084;166.37;40.48;100.0;69.01;"해당사항 없음";"해당사항 없음"
118;"01";"서울";"폭스바겐";"Golf";"준중형";"디젤";4084;134.27;64.24;100.0;69.01;"해당사항 없음";"해당사항 없음"
117;"01";"서울";"폭스바겐";"Golf";"준중형";"가솔린";4084;135.54;63.27;100.0;69.01;"해당사항 없음";"해당사항 없음"
172;"01";"서울";"BMW";"1 Series";"준중형";"가솔린";4084;170.79;38.43;100.0;69.01;"해당사항 없음";"해당사항 없음"
118;"03";"강원";"폭스바겐";"Golf";"준중형";"디젤";4084;132.4;65.13;100.0;69.01;"해당사항 없음";"해당사항 없음"
117;"03";"강원";"폭스바겐";"Golf";"준중형";"가솔린";4084;133.09;64.8;100.0;69.01;"해당사항 없음";"해당사항 없음"
172;"03";"강원";"BMW";"1 Series";"준중형";"가솔린";4084;167.7;39.73;100.0;69.01;"해당사항 없음";"해당사항 없음"
118;"14";"대구";"폭스바겐";"Golf";"준중형";"디젤";4084;129.21;67.09;100.0;69.01;"해당사항 없음";"해당사항 없음"
117;"14";"대구";"폭스바겐";"Golf";"준중형";"가솔린";4084;130.29;66.61;100.0;69.01;"해당사항 없음";"해당사항 없음"
172;"14";"대구";"BMW";"1 Series";"준중형";"가솔린";4084;164.17;41.89;100.0;69.01;"해당사항 없음";"해당사항 없음"
118;"10";"부산";"폭스바겐";"Golf";"준중형";"디젤";4084;129.85;66.83;100.0;69.01;"해당사항 없음";"해당사항 없음"
117;"10";"부산";"폭스바겐";"Golf";"준중형";"가솔린";4084;131.08;66.14;100.0;69.01;"해당사항 없음";"해당사항 없음"
172;"10";"부산";"BMW";"1 Series";"준중형";"가솔린";4084;165.17;41.41;100.0;69.01;"해당사항 없음";"해당사항 없음"
117;"17";"대전";"폭스바겐";"Golf";"준중형";"가솔린";4084;130.72;66.34;100.0;69.01;"해당사항 없음";"해당사항 없음"
172;"15";"인천";"BMW";"1 Series";"준중형";"가솔린";4084;165.53;41.19;100.0;69.01;"해당사항 없음";"해당사항 없음"
118;"11";"제주";"폭스바겐";"Golf";"준중형";"디젤";4084;133.09;64.8;100.0;69.01;"해당사항 없음";"해당사항 없음"
117;"11";"제주";"폭스바겐";"Golf";"준중형";"가솔린";4084;134.42;64.18;100.0;69.01;"해당사항 없음";"해당사항 없음"
172;"11";"제주";"BMW";"1 Series";"준중형";"가솔린";4084;169.38;38.88;100.0;69.01;"해당사항 없음";"해당사항 없음"
172;"17";"대전";"BMW";"1 Series";"준중형";"가솔린";4084;164.71;41.69;100.0;69.01;"해당사항 없음";"해당사항 없음"
118;"17";"대전";"폭스바겐";"Golf";"준중형";"디젤";4084;129.89;66.77;100.0;69.01;"해당사항 없음";"해당사항 없음"
118;"06";"전북";"폭스바겐";"Golf";"준중형";"디젤";4084;131.45;65.82;100.0;69.01;"해당사항 없음";"해당사항 없음"
117;"06";"전북";"폭스바겐";"Golf";"준중형";"가솔린";4084;132.36;65.15;100.0;69.01;"해당사항 없음";"해당사항 없음"
172;"06";"전북";"BMW";"1 Series";"준중형";"가솔린";4084;166.79;40.23;100.0;69.01;"해당사항 없음";"해당사항 없음"
118;"05";"충남";"폭스바겐";"Golf";"준중형";"디젤";4084;131.72;65.63;100.0;69.01;"해당사항 없음";"해당사항 없음"
117;"05";"충남";"폭스바겐";"Golf";"준중형";"가솔린";4084;132.7;64.97;100.0;69.01;"해당사항 없음";"해당사항 없음"
172;"05";"충남";"BMW";"1 Series";"준중형";"가솔린";4084;167.22;40.03;100.0;69.01;"해당사항 없음";"해당사항 없음"
118;"04";"충북";"폭스바겐";"Golf";"준중형";"디젤";4084;131.76;65.61;100.0;69.01;"해당사항 없음";"해당사항 없음"
117;"04";"충북";"폭스바겐";"Golf";"준중형";"가솔린";4084;132.78;64.95;100.0;69.01;"해당사항 없음";"해당사항 없음"
172;"04";"충북";"BMW";"1 Series";"준중형";"가솔린";4084;167.32;40.01;100.0;69.01;"해당사항 없음";"해당사항 없음"
118;"08";"경북";"폭스바겐";"Golf";"준중형";"디젤";4084;130.87;66.24;100.0;69.01;"해당사항 없음";"해당사항 없음"
117;"08";"경북";"폭스바겐";"Golf";"준중형";"가솔린";4084;131.87;65.55;100.0;69.01;"해당사항 없음";"해당사항 없음"
172;"08";"경북";"BMW";"1 Series";"준중형";"가솔린";4084;166.16;40.8;100.0;69.01;"해당사항 없음";"해당사항 없음"
118;"09";"경남";"폭스바겐";"Golf";"준중형";"디젤";4084;130.75;66.32;100.0;69.01;"해당사항 없음";"해당사항 없음"
117;"09";"경남";"폭스바겐";"Golf";"준중형";"가솔린";4084;131.88;65.53;100.0;69.01;"해당사항 없음";"해당사항 없음"
172;"09";"경남";"BMW";"1 Series";"준중형";"가솔린";4084;166.18;40.78;100.0;69.01;"해당사항 없음";"해당사항 없음"
118;"20";"전남광주";"폭스바겐";"Golf";"준중형";"디젤";4084;131.71;65.65;100.0;69.01;"해당사항 없음";"해당사항 없음"
117;"20";"전남광주";"폭스바겐";"Golf";"준중형";"가솔린";4084;132.55;65.05;100.0;69.01;"해당사항 없음";"해당사항 없음"
172;"20";"전남광주";"BMW";"1 Series";"준중형";"가솔린";4084;167.02;40.17;100.0;69.01;"해당사항 없음";"해당사항 없음"
118;"15";"인천";"폭스바겐";"Golf";"준중형";"디젤";4084;130.21;66.67;100.0;69.01;"해당사항 없음";"해당사항 없음"
117;"15";"인천";"폭스바겐";"Golf";"준중형";"가솔린";4084;131.36;65.94;100.0;69.01;"해당사항 없음";"해당사항 없음"
72;"18";"울산";"현대";"스타리아 일렉트릭";"대형MPV";"전기(배터리)";5792;87.5;80.71;89.37;68.04;"충전기당 전기차 수 : 0.96";"1700"
72;"02";"경기";"현대";"스타리아 일렉트릭";"대형MPV";"전기(배터리)";5792;87.5;80.71;83.74;68.04;"충전기당 전기차 수 : 1.01";"1700"
63;"08";"경북";"기아";"EV9";"대형SUV";"전기(배터리)";6197;89.74;79.52;33.06;68.0;"충전기당 전기차 수 : 1.58";"2100"
63;"09";"경남";"기아";"EV9";"대형SUV";"전기(배터리)";6197;89.74;79.52;27.43;68.0;"충전기당 전기차 수 : 1.64";"2100"
31;"19";"세종";"기아";"PV5";"중형MPV";"전기(배터리)";4100;78.65;85.35;95.0;67.96;"충전기당 전기차 수 : 0.88";"현재 지자체의 예산이 소진되어 지원금을 받을 수 없습니다"
31;"01";"서울";"기아";"PV5";"중형MPV";"전기(배터리)";4100;78.65;85.35;78.11;67.96;"충전기당 전기차 수 : 1.13";"현재 지자체의 예산이 소진되어 지원금을 받을 수 없습니다"
31;"14";"대구";"기아";"PV5";"중형MPV";"전기(배터리)";4100;78.65;85.35;66.84;67.96;"충전기당 전기차 수 : 1.42";"현재 지자체의 예산이 소진되어 지원금을 받을 수 없습니다"
31;"10";"부산";"기아";"PV5";"중형MPV";"전기(배터리)";4100;78.65;85.35;61.21;67.96;"충전기당 전기차 수 : 1.42";"현재 지자체의 예산이 소진되어 지원금을 받을 수 없습니다"
31;"15";"인천";"기아";"PV5";"중형MPV";"전기(배터리)";4100;78.65;85.35;16.16;67.96;"충전기당 전기차 수 : 1.75";"현재 지자체의 예산이 소진되어 지원금을 받을 수 없습니다"
31;"11";"제주";"기아";"PV5";"중형MPV";"전기(배터리)";4100;78.65;85.35;10.53;67.96;"충전기당 전기차 수 : 5.83";"현재 지자체의 예산이 소진되어 지원금을 받을 수 없습니다"
221;"17";"대전";"벤츠";"EQA";"소형SUV";"전기(배터리)";6020;70.0;91.11;55.58;67.84;"충전기당 전기차 수 : 1.45";"1900"
152;"06";"전북";"BMW";"iX1";"소형SUV";"전기(배터리)";5920;75.27;87.63;49.95;67.84;"충전기당 전기차 수 : 1.46";"1800"
119;"19";"세종";"현대";"코나 일렉트릭";"소형SUV";"전기(배터리)";4152;68.63;92.41;95.0;67.8;"충전기당 전기차 수 : 0.88";"현재 지자체의 예산이 소진되어 지원금을 받을 수 없습니다"
119;"01";"서울";"현대";"코나 일렉트릭";"소형SUV";"전기(배터리)";4152;68.63;92.41;78.11;67.8;"충전기당 전기차 수 : 1.13";"현재 지자체의 예산이 소진되어 지원금을 받을 수 없습니다"
119;"14";"대구";"현대";"코나 일렉트릭";"소형SUV";"전기(배터리)";4152;68.63;92.41;66.84;67.8;"충전기당 전기차 수 : 1.42";"현재 지자체의 예산이 소진되어 지원금을 받을 수 없습니다"
119;"10";"부산";"현대";"코나 일렉트릭";"소형SUV";"전기(배터리)";4152;68.63;92.41;61.21;67.8;"충전기당 전기차 수 : 1.42";"현재 지자체의 예산이 소진되어 지원금을 받을 수 없습니다"
119;"15";"인천";"현대";"코나 일렉트릭";"소형SUV";"전기(배터리)";4152;68.63;92.41;16.16;67.8;"충전기당 전기차 수 : 1.75";"현재 지자체의 예산이 소진되어 지원금을 받을 수 없습니다"
119;"11";"제주";"현대";"코나 일렉트릭";"소형SUV";"전기(배터리)";4152;68.63;92.41;10.53;67.8;"충전기당 전기차 수 : 5.83";"현재 지자체의 예산이 소진되어 지원금을 받을 수 없습니다"
16;"19";"세종";"기아";"EV5";"중형SUV";"전기(배터리)";4155;75.27;87.63;95.0;67.68;"충전기당 전기차 수 : 0.88";"현재 지자체의 예산이 소진되어 지원금을 받을 수 없습니다"
16;"01";"서울";"기아";"EV5";"중형SUV";"전기(배터리)";4155;75.27;87.63;78.11;67.68;"충전기당 전기차 수 : 1.13";"현재 지자체의 예산이 소진되어 지원금을 받을 수 없습니다"
16;"14";"대구";"기아";"EV5";"중형SUV";"전기(배터리)";4155;75.27;87.63;66.84;67.68;"충전기당 전기차 수 : 1.42";"현재 지자체의 예산이 소진되어 지원금을 받을 수 없습니다"
16;"10";"부산";"기아";"EV5";"중형SUV";"전기(배터리)";4155;75.27;87.63;61.21;67.68;"충전기당 전기차 수 : 1.42";"현재 지자체의 예산이 소진되어 지원금을 받을 수 없습니다"
16;"15";"인천";"기아";"EV5";"중형SUV";"전기(배터리)";4155;75.27;87.63;16.16;67.68;"충전기당 전기차 수 : 1.75";"현재 지자체의 예산이 소진되어 지원금을 받을 수 없습니다"
16;"11";"제주";"기아";"EV5";"중형SUV";"전기(배터리)";4155;75.27;87.63;10.53;67.68;"충전기당 전기차 수 : 5.83";"현재 지자체의 예산이 소진되어 지원금을 받을 수 없습니다"
63;"03";"강원";"기아";"EV9";"대형SUV";"전기(배터리)";6197;89.74;79.52;72.48;67.56;"충전기당 전기차 수 : 1.22";"2040"
183;"15";"인천";"BMW";"2 Series Gran Coupe";"준중형";"가솔린";4160;161.19;43.72;100.0;67.54;"해당사항 없음";"해당사항 없음"
183;"11";"제주";"BMW";"2 Series Gran Coupe";"준중형";"가솔린";4160;164.94;41.47;100.0;67.54;"해당사항 없음";"해당사항 없음"
183;"19";"세종";"BMW";"2 Series Gran Coupe";"준중형";"가솔린";4160;162.04;43.19;100.0;67.54;"해당사항 없음";"해당사항 없음"
183;"18";"울산";"BMW";"2 Series Gran Coupe";"준중형";"가솔린";4160;160.48;44.02;100.0;67.54;"해당사항 없음";"해당사항 없음"
183;"02";"경기";"BMW";"2 Series Gran Coupe";"준중형";"가솔린";4160;162.01;43.25;100.0;67.54;"해당사항 없음";"해당사항 없음"
183;"01";"서울";"BMW";"2 Series Gran Coupe";"준중형";"가솔린";4160;166.32;40.52;100.0;67.54;"해당사항 없음";"해당사항 없음"
183;"03";"강원";"BMW";"2 Series Gran Coupe";"준중형";"가솔린";4160;163.31;42.48;100.0;67.54;"해당사항 없음";"해당사항 없음"
183;"14";"대구";"BMW";"2 Series Gran Coupe";"준중형";"가솔린";4160;159.87;44.42;100.0;67.54;"해당사항 없음";"해당사항 없음"
183;"10";"부산";"BMW";"2 Series Gran Coupe";"준중형";"가솔린";4160;160.84;43.84;100.0;67.54;"해당사항 없음";"해당사항 없음"
183;"17";"대전";"BMW";"2 Series Gran Coupe";"준중형";"가솔린";4160;160.4;44.12;100.0;67.54;"해당사항 없음";"해당사항 없음"
183;"06";"전북";"BMW";"2 Series Gran Coupe";"준중형";"가솔린";4160;162.42;42.95;100.0;67.54;"해당사항 없음";"해당사항 없음"
183;"05";"충남";"BMW";"2 Series Gran Coupe";"준중형";"가솔린";4160;162.84;42.66;100.0;67.54;"해당사항 없음";"해당사항 없음"
183;"04";"충북";"BMW";"2 Series Gran Coupe";"준중형";"가솔린";4160;162.94;42.64;100.0;67.54;"해당사항 없음";"해당사항 없음"
183;"08";"경북";"BMW";"2 Series Gran Coupe";"준중형";"가솔린";4160;161.81;43.37;100.0;67.54;"해당사항 없음";"해당사항 없음"
183;"09";"경남";"BMW";"2 Series Gran Coupe";"준중형";"가솔린";4160;161.83;43.35;100.0;67.54;"해당사항 없음";"해당사항 없음"
183;"20";"전남광주";"BMW";"2 Series Gran Coupe";"준중형";"가솔린";4160;162.64;42.83;100.0;67.54;"해당사항 없음";"해당사항 없음"
199;"17";"대전";"BMW";"iX2";"소형SUV";"전기(배터리)";6070;69.31;91.44;55.58;67.21;"충전기당 전기차 수 : 1.45";"1900"
137;"20";"전남광주";"제네시스";"GV60";"중형SUV";"전기(배터리)";6490;76.92;86.42;21.79;67.19;"충전기당 전기차 수 : 1.65";"2300"
6;"11";"제주";"현대";"더 뉴 그랜저";"준대형";"가솔린";4217;144.72;58.49;100.0;67.17;"해당사항 없음";"해당사항 없음"
7;"11";"제주";"현대";"더 뉴 그랜저";"준대형";"하이브리드";4217;144.72;58.49;100.0;67.17;"해당사항 없음";"해당사항 없음"
5;"11";"제주";"현대";"더 뉴 그랜저";"준대형";"LPG";4217;86.96;80.79;100.0;67.17;"해당사항 없음";"해당사항 없음"
5;"17";"대전";"현대";"더 뉴 그랜저";"준대형";"LPG";4217;81.94;83.0;100.0;67.17;"해당사항 없음";"해당사항 없음"
5;"06";"전북";"현대";"더 뉴 그랜저";"준대형";"LPG";4217;81.34;83.34;100.0;67.17;"해당사항 없음";"해당사항 없음"
6;"06";"전북";"현대";"더 뉴 그랜저";"준대형";"가솔린";4217;142.51;59.58;100.0;67.17;"해당사항 없음";"해당사항 없음"
7;"06";"전북";"현대";"더 뉴 그랜저";"준대형";"하이브리드";4217;142.51;59.58;100.0;67.17;"해당사항 없음";"해당사항 없음"
5;"05";"충남";"현대";"더 뉴 그랜저";"준대형";"LPG";4217;84.68;82.05;100.0;67.17;"해당사항 없음";"해당사항 없음"
6;"05";"충남";"현대";"더 뉴 그랜저";"준대형";"가솔린";4217;142.87;59.44;100.0;67.17;"해당사항 없음";"해당사항 없음"
7;"05";"충남";"현대";"더 뉴 그랜저";"준대형";"하이브리드";4217;142.87;59.44;100.0;67.17;"해당사항 없음";"해당사항 없음"
6;"04";"충북";"현대";"더 뉴 그랜저";"준대형";"가솔린";4217;142.96;59.4;100.0;67.17;"해당사항 없음";"해당사항 없음"
7;"04";"충북";"현대";"더 뉴 그랜저";"준대형";"하이브리드";4217;142.96;59.4;100.0;67.17;"해당사항 없음";"해당사항 없음"
5;"04";"충북";"현대";"더 뉴 그랜저";"준대형";"LPG";4217;83.56;82.21;100.0;67.17;"해당사항 없음";"해당사항 없음"
5;"08";"경북";"현대";"더 뉴 그랜저";"준대형";"LPG";4217;83.26;82.92;100.0;67.17;"해당사항 없음";"해당사항 없음"
6;"08";"경북";"현대";"더 뉴 그랜저";"준대형";"가솔린";4217;141.97;59.83;100.0;67.17;"해당사항 없음";"해당사항 없음"
7;"08";"경북";"현대";"더 뉴 그랜저";"준대형";"하이브리드";4217;141.97;59.83;100.0;67.17;"해당사항 없음";"해당사항 없음"
5;"09";"경남";"현대";"더 뉴 그랜저";"준대형";"LPG";4217;82.73;82.94;100.0;67.17;"해당사항 없음";"해당사항 없음"
6;"09";"경남";"현대";"더 뉴 그랜저";"준대형";"가솔린";4217;141.99;59.79;100.0;67.17;"해당사항 없음";"해당사항 없음"
7;"09";"경남";"현대";"더 뉴 그랜저";"준대형";"하이브리드";4217;141.99;59.79;100.0;67.17;"해당사항 없음";"해당사항 없음"
6;"20";"전남광주";"현대";"더 뉴 그랜저";"준대형";"가솔린";4217;142.7;59.5;100.0;67.17;"해당사항 없음";"해당사항 없음"
7;"20";"전남광주";"현대";"더 뉴 그랜저";"준대형";"하이브리드";4217;142.7;59.5;100.0;67.17;"해당사항 없음";"해당사항 없음"
5;"20";"전남광주";"현대";"더 뉴 그랜저";"준대형";"LPG";4217;84.93;81.99;100.0;67.17;"해당사항 없음";"해당사항 없음"
5;"15";"인천";"현대";"더 뉴 그랜저";"준대형";"LPG";4217;83.89;82.19;100.0;67.17;"해당사항 없음";"해당사항 없음"
6;"15";"인천";"현대";"더 뉴 그랜저";"준대형";"가솔린";4217;141.43;59.95;100.0;67.17;"해당사항 없음";"해당사항 없음"
7;"15";"인천";"현대";"더 뉴 그랜저";"준대형";"하이브리드";4217;141.43;59.95;100.0;67.17;"해당사항 없음";"해당사항 없음"
5;"19";"세종";"현대";"더 뉴 그랜저";"준대형";"LPG";4217;84.36;82.09;100.0;67.17;"해당사항 없음";"해당사항 없음"
6;"19";"세종";"현대";"더 뉴 그랜저";"준대형";"가솔린";4217;142.18;59.66;100.0;67.17;"해당사항 없음";"해당사항 없음"
7;"19";"세종";"현대";"더 뉴 그랜저";"준대형";"하이브리드";4217;142.18;59.66;100.0;67.17;"해당사항 없음";"해당사항 없음"
6;"18";"울산";"현대";"더 뉴 그랜저";"준대형";"가솔린";4217;140.81;60.17;100.0;67.17;"해당사항 없음";"해당사항 없음"
7;"18";"울산";"현대";"더 뉴 그랜저";"준대형";"하이브리드";4217;140.81;60.17;100.0;67.17;"해당사항 없음";"해당사항 없음"
5;"18";"울산";"현대";"더 뉴 그랜저";"준대형";"LPG";4217;84.87;82.01;100.0;67.17;"해당사항 없음";"해당사항 없음"
5;"02";"경기";"현대";"더 뉴 그랜저";"준대형";"LPG";4217;84.14;82.13;100.0;67.17;"해당사항 없음";"해당사항 없음"
6;"02";"경기";"현대";"더 뉴 그랜저";"준대형";"가솔린";4217;142.14;59.7;100.0;67.17;"해당사항 없음";"해당사항 없음"
7;"02";"경기";"현대";"더 뉴 그랜저";"준대형";"하이브리드";4217;142.14;59.7;100.0;67.17;"해당사항 없음";"해당사항 없음"
5;"01";"서울";"현대";"더 뉴 그랜저";"준대형";"LPG";4217;88.59;79.96;100.0;67.17;"해당사항 없음";"해당사항 없음"
6;"01";"서울";"현대";"더 뉴 그랜저";"준대형";"가솔린";4217;145.92;57.54;100.0;67.17;"해당사항 없음";"해당사항 없음"
7;"01";"서울";"현대";"더 뉴 그랜저";"준대형";"하이브리드";4217;145.92;57.54;100.0;67.17;"해당사항 없음";"해당사항 없음"
6;"03";"강원";"현대";"더 뉴 그랜저";"준대형";"가솔린";4217;143.28;59.16;100.0;67.17;"해당사항 없음";"해당사항 없음"
7;"03";"강원";"현대";"더 뉴 그랜저";"준대형";"하이브리드";4217;143.28;59.16;100.0;67.17;"해당사항 없음";"해당사항 없음"
5;"03";"강원";"현대";"더 뉴 그랜저";"준대형";"LPG";4217;86.53;80.83;100.0;67.17;"해당사항 없음";"해당사항 없음"
5;"14";"대구";"현대";"더 뉴 그랜저";"준대형";"LPG";4217;85.6;81.22;100.0;67.17;"해당사항 없음";"해당사항 없음"
6;"14";"대구";"현대";"더 뉴 그랜저";"준대형";"가솔린";4217;140.27;60.33;100.0;67.17;"해당사항 없음";"해당사항 없음"
7;"14";"대구";"현대";"더 뉴 그랜저";"준대형";"하이브리드";4217;140.27;60.33;100.0;67.17;"해당사항 없음";"해당사항 없음"
5;"10";"부산";"현대";"더 뉴 그랜저";"준대형";"LPG";4217;83.28;82.9;100.0;67.17;"해당사항 없음";"해당사항 없음"
6;"10";"부산";"현대";"더 뉴 그랜저";"준대형";"가솔린";4217;141.12;60.03;100.0;67.17;"해당사항 없음";"해당사항 없음"
7;"10";"부산";"현대";"더 뉴 그랜저";"준대형";"하이브리드";4217;141.12;60.03;100.0;67.17;"해당사항 없음";"해당사항 없음"
6;"17";"대전";"현대";"더 뉴 그랜저";"준대형";"가솔린";4217;140.73;60.21;100.0;67.17;"해당사항 없음";"해당사항 없음"
7;"17";"대전";"현대";"더 뉴 그랜저";"준대형";"하이브리드";4217;140.73;60.21;100.0;67.17;"해당사항 없음";"해당사항 없음"
152;"18";"울산";"BMW";"iX1";"소형SUV";"전기(배터리)";5920;75.27;87.63;89.37;66.2;"충전기당 전기차 수 : 0.96";"1700"
152;"02";"경기";"BMW";"iX1";"소형SUV";"전기(배터리)";5920;75.27;87.63;83.74;66.2;"충전기당 전기차 수 : 1.01";"1700"
221;"06";"전북";"벤츠";"EQA";"소형SUV";"전기(배터리)";6020;70.0;91.11;49.95;66.2;"충전기당 전기차 수 : 1.46";"1800"
192;"15";"인천";"미니";"Countryman";"소형SUV";"가솔린";4251;174.95;36.49;100.0;66.14;"해당사항 없음";"해당사항 없음"
192;"11";"제주";"미니";"Countryman";"소형SUV";"가솔린";4251;179.01;33.23;100.0;66.14;"해당사항 없음";"해당사항 없음"
192;"19";"세종";"미니";"Countryman";"소형SUV";"가솔린";4251;175.87;35.84;100.0;66.14;"해당사항 없음";"해당사항 없음"
192;"18";"울산";"미니";"Countryman";"소형SUV";"가솔린";4251;174.17;36.94;100.0;66.14;"해당사항 없음";"해당사항 없음"
192;"02";"경기";"미니";"Countryman";"소형SUV";"가솔린";4251;175.83;35.9;100.0;66.14;"해당사항 없음";"해당사항 없음"
192;"01";"서울";"미니";"Countryman";"소형SUV";"가솔린";4251;180.5;32.08;100.0;66.14;"해당사항 없음";"해당사항 없음"
192;"03";"강원";"미니";"Countryman";"소형SUV";"가솔린";4251;177.24;34.81;100.0;66.14;"해당사항 없음";"해당사항 없음"
192;"14";"대구";"미니";"Countryman";"소형SUV";"가솔린";4251;173.51;37.2;100.0;66.14;"해당사항 없음";"해당사항 없음"
192;"10";"부산";"미니";"Countryman";"소형SUV";"가솔린";4251;174.56;36.73;100.0;66.14;"해당사항 없음";"해당사항 없음"
192;"17";"대전";"미니";"Countryman";"소형SUV";"가솔린";4251;174.08;37.0;100.0;66.14;"해당사항 없음";"해당사항 없음"
192;"06";"전북";"미니";"Countryman";"소형SUV";"가솔린";4251;176.27;35.6;100.0;66.14;"해당사항 없음";"해당사항 없음"
192;"05";"충남";"미니";"Countryman";"소형SUV";"가솔린";4251;176.73;35.11;100.0;66.14;"해당사항 없음";"해당사항 없음"
192;"04";"충북";"미니";"Countryman";"소형SUV";"가솔린";4251;176.84;34.99;100.0;66.14;"해당사항 없음";"해당사항 없음"
192;"08";"경북";"미니";"Countryman";"소형SUV";"가솔린";4251;175.61;36.09;100.0;66.14;"해당사항 없음";"해당사항 없음"
192;"09";"경남";"미니";"Countryman";"소형SUV";"가솔린";4251;175.63;36.03;100.0;66.14;"해당사항 없음";"해당사항 없음"
192;"20";"전남광주";"미니";"Countryman";"소형SUV";"가솔린";4251;176.52;35.38;100.0;66.14;"해당사항 없음";"해당사항 없음"
199;"06";"전북";"BMW";"iX2";"소형SUV";"전기(배터리)";6070;69.31;91.44;49.95;65.82;"충전기당 전기차 수 : 1.46";"1800"
137;"05";"충남";"제네시스";"GV60";"중형SUV";"전기(배터리)";6490;76.92;86.42;44.32;65.8;"충전기당 전기차 수 : 1.48";"2200"
137;"04";"충북";"제네시스";"GV60";"중형SUV";"전기(배터리)";6490;76.92;86.42;38.69;65.8;"충전기당 전기차 수 : 1.52";"2200"
63;"17";"대전";"기아";"EV9";"대형SUV";"전기(배터리)";6197;89.74;79.52;55.58;65.76;"충전기당 전기차 수 : 1.45";"1900"
221;"18";"울산";"벤츠";"EQA";"소형SUV";"전기(배터리)";6020;70.0;91.11;89.37;65.74;"충전기당 전기차 수 : 0.96";"1700"
221;"02";"경기";"벤츠";"EQA";"소형SUV";"전기(배터리)";6020;70.0;91.11;83.74;65.74;"충전기당 전기차 수 : 1.01";"1700"
171;"20";"전남광주";"아우디";"Q4 e-tron";"중형SUV";"전기(배터리)";6630;78.65;85.35;21.79;65.69;"충전기당 전기차 수 : 1.65";"2300"
146;"19";"세종";"기아";"봉고 3 EV";"소형트럭";"전기(배터리)";4345;120.69;71.64;95.0;65.67;"충전기당 전기차 수 : 0.88";"현재 지자체의 예산이 소진되어 지원금을 받을 수 없습니다"
146;"01";"서울";"기아";"봉고 3 EV";"소형트럭";"전기(배터리)";4345;120.69;71.64;78.11;65.67;"충전기당 전기차 수 : 1.13";"현재 지자체의 예산이 소진되어 지원금을 받을 수 없습니다"
146;"03";"강원";"기아";"봉고 3 EV";"소형트럭";"전기(배터리)";4345;120.69;71.64;72.48;65.67;"충전기당 전기차 수 : 1.22";"0"
146;"14";"대구";"기아";"봉고 3 EV";"소형트럭";"전기(배터리)";4345;120.69;71.64;66.84;65.67;"충전기당 전기차 수 : 1.42";"현재 지자체의 예산이 소진되어 지원금을 받을 수 없습니다"
146;"10";"부산";"기아";"봉고 3 EV";"소형트럭";"전기(배터리)";4345;120.69;71.64;61.21;65.67;"충전기당 전기차 수 : 1.42";"현재 지자체의 예산이 소진되어 지원금을 받을 수 없습니다"
146;"06";"전북";"기아";"봉고 3 EV";"소형트럭";"전기(배터리)";4345;120.69;71.64;49.95;65.67;"충전기당 전기차 수 : 1.46";"0"
146;"04";"충북";"기아";"봉고 3 EV";"소형트럭";"전기(배터리)";4345;120.69;71.64;38.69;65.67;"충전기당 전기차 수 : 1.52";"0"
146;"15";"인천";"기아";"봉고 3 EV";"소형트럭";"전기(배터리)";4345;120.69;71.64;16.16;65.67;"충전기당 전기차 수 : 1.75";"현재 지자체의 예산이 소진되어 지원금을 받을 수 없습니다"
146;"11";"제주";"기아";"봉고 3 EV";"소형트럭";"전기(배터리)";4345;120.69;71.64;10.53;65.67;"충전기당 전기차 수 : 5.83";"현재 지자체의 예산이 소진되어 지원금을 받을 수 없습니다"
113;"19";"세종";"현대";"포터2 일렉트릭";"소형트럭";"전기(배터리)";4350;120.69;71.64;95.0;65.49;"충전기당 전기차 수 : 0.88";"현재 지자체의 예산이 소진되어 지원금을 받을 수 없습니다"
113;"01";"서울";"현대";"포터2 일렉트릭";"소형트럭";"전기(배터리)";4350;120.69;71.64;78.11;65.49;"충전기당 전기차 수 : 1.13";"현재 지자체의 예산이 소진되어 지원금을 받을 수 없습니다"
113;"03";"강원";"현대";"포터2 일렉트릭";"소형트럭";"전기(배터리)";4350;120.69;71.64;72.48;65.49;"충전기당 전기차 수 : 1.22";"0"
113;"14";"대구";"현대";"포터2 일렉트릭";"소형트럭";"전기(배터리)";4350;120.69;71.64;66.84;65.49;"충전기당 전기차 수 : 1.42";"현재 지자체의 예산이 소진되어 지원금을 받을 수 없습니다"
113;"10";"부산";"현대";"포터2 일렉트릭";"소형트럭";"전기(배터리)";4350;120.69;71.64;61.21;65.49;"충전기당 전기차 수 : 1.42";"현재 지자체의 예산이 소진되어 지원금을 받을 수 없습니다"
113;"06";"전북";"현대";"포터2 일렉트릭";"소형트럭";"전기(배터리)";4350;120.69;71.64;49.95;65.49;"충전기당 전기차 수 : 1.46";"0"
113;"04";"충북";"현대";"포터2 일렉트릭";"소형트럭";"전기(배터리)";4350;120.69;71.64;38.69;65.49;"충전기당 전기차 수 : 1.52";"0"
113;"15";"인천";"현대";"포터2 일렉트릭";"소형트럭";"전기(배터리)";4350;120.69;71.64;16.16;65.49;"충전기당 전기차 수 : 1.75";"현재 지자체의 예산이 소진되어 지원금을 받을 수 없습니다"
113;"11";"제주";"현대";"포터2 일렉트릭";"소형트럭";"전기(배터리)";4350;120.69;71.64;10.53;65.49;"충전기당 전기차 수 : 5.83";"현재 지자체의 예산이 소진되어 지원금을 받을 수 없습니다"
220;"15";"인천";"토요타";"GR 86";"스포츠카";"가솔린";4360;194.28;25.81;100.0;65.31;"해당사항 없음";"해당사항 없음"
220;"11";"제주";"토요타";"GR 86";"스포츠카";"가솔린";4360;198.8;24.47;100.0;65.31;"해당사항 없음";"해당사항 없음"
66;"19";"세종";"기아";"EV6";"중형SUV";"전기(배터리)";4360;75.27;87.63;95.0;65.31;"충전기당 전기차 수 : 0.88";"현재 지자체의 예산이 소진되어 지원금을 받을 수 없습니다"
66;"01";"서울";"기아";"EV6";"중형SUV";"전기(배터리)";4360;75.27;87.63;78.11;65.31;"충전기당 전기차 수 : 1.13";"현재 지자체의 예산이 소진되어 지원금을 받을 수 없습니다"
66;"14";"대구";"기아";"EV6";"중형SUV";"전기(배터리)";4360;75.27;87.63;66.84;65.31;"충전기당 전기차 수 : 1.42";"현재 지자체의 예산이 소진되어 지원금을 받을 수 없습니다"
66;"10";"부산";"기아";"EV6";"중형SUV";"전기(배터리)";4360;75.27;87.63;61.21;65.31;"충전기당 전기차 수 : 1.42";"현재 지자체의 예산이 소진되어 지원금을 받을 수 없습니다"
66;"15";"인천";"기아";"EV6";"중형SUV";"전기(배터리)";4360;75.27;87.63;16.16;65.31;"충전기당 전기차 수 : 1.75";"현재 지자체의 예산이 소진되어 지원금을 받을 수 없습니다"
66;"11";"제주";"기아";"EV6";"중형SUV";"전기(배터리)";4360;75.27;87.63;10.53;65.31;"충전기당 전기차 수 : 5.83";"현재 지자체의 예산이 소진되어 지원금을 받을 수 없습니다"
220;"17";"대전";"토요타";"GR 86";"스포츠카";"가솔린";4360;193.32;26.31;100.0;65.31;"해당사항 없음";"해당사항 없음"
220;"06";"전북";"토요타";"GR 86";"스포츠카";"가솔린";4360;195.76;25.22;100.0;65.31;"해당사항 없음";"해당사항 없음"
220;"05";"충남";"토요타";"GR 86";"스포츠카";"가솔린";4360;196.26;25.1;100.0;65.31;"해당사항 없음";"해당사항 없음"
220;"04";"충북";"토요타";"GR 86";"스포츠카";"가솔린";4360;196.38;25.0;100.0;65.31;"해당사항 없음";"해당사항 없음"
220;"08";"경북";"토요타";"GR 86";"스포츠카";"가솔린";4360;195.02;25.48;100.0;65.31;"해당사항 없음";"해당사항 없음"
220;"09";"경남";"토요타";"GR 86";"스포츠카";"가솔린";4360;195.05;25.44;100.0;65.31;"해당사항 없음";"해당사항 없음"
220;"20";"전남광주";"토요타";"GR 86";"스포츠카";"가솔린";4360;196.03;25.14;100.0;65.31;"해당사항 없음";"해당사항 없음"
220;"19";"세종";"토요타";"GR 86";"스포츠카";"가솔린";4360;195.31;25.36;100.0;65.31;"해당사항 없음";"해당사항 없음"
220;"18";"울산";"토요타";"GR 86";"스포츠카";"가솔린";4360;193.43;26.21;100.0;65.31;"해당사항 없음";"해당사항 없음"
220;"02";"경기";"토요타";"GR 86";"스포츠카";"가솔린";4360;195.26;25.4;100.0;65.31;"해당사항 없음";"해당사항 없음"
220;"01";"서울";"토요타";"GR 86";"스포츠카";"가솔린";4360;200.45;24.23;100.0;65.31;"해당사항 없음";"해당사항 없음"
220;"03";"강원";"토요타";"GR 86";"스포츠카";"가솔린";4360;196.83;24.87;100.0;65.31;"해당사항 없음";"해당사항 없음"
220;"14";"대구";"토요타";"GR 86";"스포츠카";"가솔린";4360;192.69;26.76;100.0;65.31;"해당사항 없음";"해당사항 없음"
220;"10";"부산";"토요타";"GR 86";"스포츠카";"가솔린";4360;193.85;25.97;100.0;65.31;"해당사항 없음";"해당사항 없음"
199;"18";"울산";"BMW";"iX2";"소형SUV";"전기(배터리)";6070;69.31;91.44;89.37;64.87;"충전기당 전기차 수 : 0.96";"1700"
199;"02";"경기";"BMW";"iX2";"소형SUV";"전기(배터리)";6070;69.31;91.44;83.74;64.87;"충전기당 전기차 수 : 1.01";"1700"
26;"15";"인천";"현대";"디 올 뉴 팰리세이드";"대형SUV";"가솔린";4383;167.03;40.15;100.0;64.82;"해당사항 없음";"해당사항 없음"
27;"15";"인천";"현대";"디 올 뉴 팰리세이드";"대형SUV";"하이브리드";4383;167.03;40.15;100.0;64.82;"해당사항 없음";"해당사항 없음"
230;"15";"인천";"벤츠";"A-Class";"준중형";"가솔린";4383;170.9;38.41;100.0;64.82;"해당사항 없음";"해당사항 없음"
26;"11";"제주";"현대";"디 올 뉴 팰리세이드";"대형SUV";"가솔린";4383;170.91;38.39;100.0;64.82;"해당사항 없음";"해당사항 없음"
27;"11";"제주";"현대";"디 올 뉴 팰리세이드";"대형SUV";"하이브리드";4383;170.91;38.39;100.0;64.82;"해당사항 없음";"해당사항 없음"
230;"11";"제주";"벤츠";"A-Class";"준중형";"가솔린";4383;174.87;36.53;100.0;64.82;"해당사항 없음";"해당사항 없음"
26;"19";"세종";"현대";"디 올 뉴 팰리세이드";"대형SUV";"가솔린";4383;167.91;39.59;100.0;64.82;"해당사항 없음";"해당사항 없음"
27;"19";"세종";"현대";"디 올 뉴 팰리세이드";"대형SUV";"하이브리드";4383;167.91;39.59;100.0;64.82;"해당사항 없음";"해당사항 없음"
230;"19";"세종";"벤츠";"A-Class";"준중형";"가솔린";4383;171.8;37.97;100.0;64.82;"해당사항 없음";"해당사항 없음"
26;"18";"울산";"현대";"디 올 뉴 팰리세이드";"대형SUV";"가솔린";4383;166.29;40.58;100.0;64.82;"해당사항 없음";"해당사항 없음"
27;"18";"울산";"현대";"디 올 뉴 팰리세이드";"대형SUV";"하이브리드";4383;166.29;40.58;100.0;64.82;"해당사항 없음";"해당사항 없음"
230;"18";"울산";"벤츠";"A-Class";"준중형";"가솔린";4383;170.14;38.62;100.0;64.82;"해당사항 없음";"해당사항 없음"
26;"02";"경기";"현대";"디 올 뉴 팰리세이드";"대형SUV";"가솔린";4383;167.87;39.69;100.0;64.82;"해당사항 없음";"해당사항 없음"
27;"02";"경기";"현대";"디 올 뉴 팰리세이드";"대형SUV";"하이브리드";4383;167.87;39.69;100.0;64.82;"해당사항 없음";"해당사항 없음"
230;"02";"경기";"벤츠";"A-Class";"준중형";"가솔린";4383;171.76;37.99;100.0;64.82;"해당사항 없음";"해당사항 없음"
26;"01";"서울";"현대";"디 올 뉴 팰리세이드";"대형SUV";"가솔린";4383;172.34;37.81;100.0;64.82;"해당사항 없음";"해당사항 없음"
27;"01";"서울";"현대";"디 올 뉴 팰리세이드";"대형SUV";"하이브리드";4383;172.34;37.81;100.0;64.82;"해당사항 없음";"해당사항 없음"
230;"01";"서울";"벤츠";"A-Class";"준중형";"가솔린";4383;176.33;35.54;100.0;64.82;"해당사항 없음";"해당사항 없음"
26;"03";"강원";"현대";"디 올 뉴 팰리세이드";"대형SUV";"가솔린";4383;169.22;39.04;100.0;64.82;"해당사항 없음";"해당사항 없음"
27;"03";"강원";"현대";"디 올 뉴 팰리세이드";"대형SUV";"하이브리드";4383;169.22;39.04;100.0;64.82;"해당사항 없음";"해당사항 없음"
230;"03";"강원";"벤츠";"A-Class";"준중형";"가솔린";4383;173.13;37.5;100.0;64.82;"해당사항 없음";"해당사항 없음"
26;"14";"대구";"현대";"디 올 뉴 팰리세이드";"대형SUV";"가솔린";4383;165.66;41.06;100.0;64.82;"해당사항 없음";"해당사항 없음"
27;"14";"대구";"현대";"디 올 뉴 팰리세이드";"대형SUV";"하이브리드";4383;165.66;41.06;100.0;64.82;"해당사항 없음";"해당사항 없음"
230;"14";"대구";"벤츠";"A-Class";"준중형";"가솔린";4383;169.49;38.82;100.0;64.82;"해당사항 없음";"해당사항 없음"
26;"10";"부산";"현대";"디 올 뉴 팰리세이드";"대형SUV";"가솔린";4383;166.66;40.3;100.0;64.82;"해당사항 없음";"해당사항 없음"
27;"10";"부산";"현대";"디 올 뉴 팰리세이드";"대형SUV";"하이브리드";4383;166.66;40.3;100.0;64.82;"해당사항 없음";"해당사항 없음"
230;"10";"부산";"벤츠";"A-Class";"준중형";"가솔린";4383;170.52;38.53;100.0;64.82;"해당사항 없음";"해당사항 없음"
26;"17";"대전";"현대";"디 올 뉴 팰리세이드";"대형SUV";"가솔린";4383;166.2;40.76;100.0;64.82;"해당사항 없음";"해당사항 없음"
27;"17";"대전";"현대";"디 올 뉴 팰리세이드";"대형SUV";"하이브리드";4383;166.2;40.76;100.0;64.82;"해당사항 없음";"해당사항 없음"
230;"17";"대전";"벤츠";"A-Class";"준중형";"가솔린";4383;170.05;38.68;100.0;64.82;"해당사항 없음";"해당사항 없음"
26;"06";"전북";"현대";"디 올 뉴 팰리세이드";"대형SUV";"가솔린";4383;168.3;39.51;100.0;64.82;"해당사항 없음";"해당사항 없음"
27;"06";"전북";"현대";"디 올 뉴 팰리세이드";"대형SUV";"하이브리드";4383;168.3;39.51;100.0;64.82;"해당사항 없음";"해당사항 없음"
230;"06";"전북";"벤츠";"A-Class";"준중형";"가솔린";4383;172.19;37.85;100.0;64.82;"해당사항 없음";"해당사항 없음"
26;"05";"충남";"현대";"디 올 뉴 팰리세이드";"대형SUV";"가솔린";4383;168.73;39.24;100.0;64.82;"해당사항 없음";"해당사항 없음"
27;"05";"충남";"현대";"디 올 뉴 팰리세이드";"대형SUV";"하이브리드";4383;168.73;39.24;100.0;64.82;"해당사항 없음";"해당사항 없음"
230;"05";"충남";"벤츠";"A-Class";"준중형";"가솔린";4383;172.64;37.62;100.0;64.82;"해당사항 없음";"해당사항 없음"
26;"04";"충북";"현대";"디 올 뉴 팰리세이드";"대형SUV";"가솔린";4383;168.83;39.18;100.0;64.82;"해당사항 없음";"해당사항 없음"
27;"04";"충북";"현대";"디 올 뉴 팰리세이드";"대형SUV";"하이브리드";4383;168.83;39.18;100.0;64.82;"해당사항 없음";"해당사항 없음"
230;"04";"충북";"벤츠";"A-Class";"준중형";"가솔린";4383;172.74;37.56;100.0;64.82;"해당사항 없음";"해당사항 없음"
26;"08";"경북";"현대";"디 올 뉴 팰리세이드";"대형SUV";"가솔린";4383;167.67;39.87;100.0;64.82;"해당사항 없음";"해당사항 없음"
27;"08";"경북";"현대";"디 올 뉴 팰리세이드";"대형SUV";"하이브리드";4383;167.67;39.87;100.0;64.82;"해당사항 없음";"해당사항 없음"
230;"08";"경북";"벤츠";"A-Class";"준중형";"가솔린";4383;171.55;38.15;100.0;64.82;"해당사항 없음";"해당사항 없음"
26;"09";"경남";"현대";"디 올 뉴 팰리세이드";"대형SUV";"가솔린";4383;167.69;39.81;100.0;64.82;"해당사항 없음";"해당사항 없음"
27;"09";"경남";"현대";"디 올 뉴 팰리세이드";"대형SUV";"하이브리드";4383;167.69;39.81;100.0;64.82;"해당사항 없음";"해당사항 없음"
230;"09";"경남";"벤츠";"A-Class";"준중형";"가솔린";4383;171.57;38.11;100.0;64.82;"해당사항 없음";"해당사항 없음"
26;"20";"전남광주";"현대";"디 올 뉴 팰리세이드";"대형SUV";"가솔린";4383;168.53;39.43;100.0;64.82;"해당사항 없음";"해당사항 없음"
27;"20";"전남광주";"현대";"디 올 뉴 팰리세이드";"대형SUV";"하이브리드";4383;168.53;39.43;100.0;64.82;"해당사항 없음";"해당사항 없음"
230;"20";"전남광주";"벤츠";"A-Class";"준중형";"가솔린";4383;172.43;37.73;100.0;64.82;"해당사항 없음";"해당사항 없음"
137;"08";"경북";"제네시스";"GV60";"중형SUV";"전기(배터리)";6490;76.92;86.42;33.06;63.85;"충전기당 전기차 수 : 1.58";"2100"
137;"09";"경남";"제네시스";"GV60";"중형SUV";"전기(배터리)";6490;76.92;86.42;27.43;63.85;"충전기당 전기차 수 : 1.64";"2100"
87;"11";"제주";"르노코리아";"필랑트";"중형SUV";"하이브리드";4395;125.07;68.79;100.0;63.81;"해당사항 없음";"해당사항 없음"
87;"17";"대전";"르노코리아";"필랑트";"중형SUV";"하이브리드";4395;121.63;70.75;100.0;63.81;"해당사항 없음";"해당사항 없음"
87;"06";"전북";"르노코리아";"필랑트";"중형SUV";"하이브리드";4395;123.16;69.72;100.0;63.81;"해당사항 없음";"해당사항 없음"
87;"05";"충남";"르노코리아";"필랑트";"중형SUV";"하이브리드";4395;123.48;69.52;100.0;63.81;"해당사항 없음";"해당사항 없음"
87;"04";"충북";"르노코리아";"필랑트";"중형SUV";"하이브리드";4395;123.55;69.44;100.0;63.81;"해당사항 없음";"해당사항 없음"
87;"08";"경북";"르노코리아";"필랑트";"중형SUV";"하이브리드";4395;122.7;70.11;100.0;63.81;"해당사항 없음";"해당사항 없음"
87;"09";"경남";"르노코리아";"필랑트";"중형SUV";"하이브리드";4395;122.71;70.03;100.0;63.81;"해당사항 없음";"해당사항 없음"
87;"20";"전남광주";"르노코리아";"필랑트";"중형SUV";"하이브리드";4395;123.33;69.6;100.0;63.81;"해당사항 없음";"해당사항 없음"
87;"15";"인천";"르노코리아";"필랑트";"중형SUV";"하이브리드";4395;122.23;70.31;100.0;63.81;"해당사항 없음";"해당사항 없음"
87;"19";"세종";"르노코리아";"필랑트";"중형SUV";"하이브리드";4395;122.87;69.8;100.0;63.81;"해당사항 없음";"해당사항 없음"
87;"18";"울산";"르노코리아";"필랑트";"중형SUV";"하이브리드";4395;121.69;70.59;100.0;63.81;"해당사항 없음";"해당사항 없음"
87;"02";"경기";"르노코리아";"필랑트";"중형SUV";"하이브리드";4395;122.85;69.94;100.0;63.81;"해당사항 없음";"해당사항 없음"
87;"01";"서울";"르노코리아";"필랑트";"중형SUV";"하이브리드";4395;126.11;68.16;100.0;63.81;"해당사항 없음";"해당사항 없음"
87;"03";"강원";"르노코리아";"필랑트";"중형SUV";"하이브리드";4395;123.83;69.3;100.0;63.81;"해당사항 없음";"해당사항 없음"
87;"14";"대구";"르노코리아";"필랑트";"중형SUV";"하이브리드";4395;121.23;70.92;100.0;63.81;"해당사항 없음";"해당사항 없음"
87;"10";"부산";"르노코리아";"필랑트";"중형SUV";"하이브리드";4395;121.96;70.43;100.0;63.81;"해당사항 없음";"해당사항 없음"
63;"06";"전북";"기아";"EV9";"대형SUV";"전기(배터리)";6197;89.74;79.52;49.95;63.49;"충전기당 전기차 수 : 1.46";"1800"
191;"11";"제주";"토요타";"Prius";"준중형";"하이브리드";4413;93.73;77.57;100.0;63.47;"해당사항 없음";"해당사항 없음"
191;"19";"세종";"토요타";"Prius";"준중형";"하이브리드";4413;92.08;78.47;100.0;63.47;"해당사항 없음";"해당사항 없음"
191;"18";"울산";"토요타";"Prius";"준중형";"하이브리드";4413;91.19;78.71;100.0;63.47;"해당사항 없음";"해당사항 없음"
191;"02";"경기";"토요타";"Prius";"준중형";"하이브리드";4413;92.06;78.51;100.0;63.47;"해당사항 없음";"해당사항 없음"
191;"01";"서울";"토요타";"Prius";"준중형";"하이브리드";4413;94.51;77.53;100.0;63.47;"해당사항 없음";"해당사항 없음"
191;"03";"강원";"토요타";"Prius";"준중형";"하이브리드";4413;92.8;77.96;100.0;63.47;"해당사항 없음";"해당사항 없음"
191;"14";"대구";"토요타";"Prius";"준중형";"하이브리드";4413;90.84;79.15;100.0;63.47;"해당사항 없음";"해당사항 없음"
191;"10";"부산";"토요타";"Prius";"준중형";"하이브리드";4413;91.4;78.67;100.0;63.47;"해당사항 없음";"해당사항 없음"
191;"17";"대전";"토요타";"Prius";"준중형";"하이브리드";4413;91.14;78.77;100.0;63.47;"해당사항 없음";"해당사항 없음"
191;"06";"전북";"토요타";"Prius";"준중형";"하이브리드";4413;92.29;78.1;100.0;63.47;"해당사항 없음";"해당사항 없음"
191;"05";"충남";"토요타";"Prius";"준중형";"하이브리드";4413;92.53;78.02;100.0;63.47;"해당사항 없음";"해당사항 없음"
191;"04";"충북";"토요타";"Prius";"준중형";"하이브리드";4413;92.59;77.98;100.0;63.47;"해당사항 없음";"해당사항 없음"
191;"08";"경북";"토요타";"Prius";"준중형";"하이브리드";4413;91.95;78.55;100.0;63.47;"해당사항 없음";"해당사항 없음"
191;"09";"경남";"토요타";"Prius";"준중형";"하이브리드";4413;91.96;78.53;100.0;63.47;"해당사항 없음";"해당사항 없음"
191;"20";"전남광주";"토요타";"Prius";"준중형";"하이브리드";4413;92.42;78.04;100.0;63.47;"해당사항 없음";"해당사항 없음"
191;"15";"인천";"토요타";"Prius";"준중형";"하이브리드";4413;91.6;78.65;100.0;63.47;"해당사항 없음";"해당사항 없음"
246;"17";"대전";"토요타";"RAV4";"중형SUV";"하이브리드";4415;121.63;70.75;100.0;63.14;"해당사항 없음";"해당사항 없음"
246;"06";"전북";"토요타";"RAV4";"중형SUV";"하이브리드";4415;123.16;69.72;100.0;63.14;"해당사항 없음";"해당사항 없음"
246;"05";"충남";"토요타";"RAV4";"중형SUV";"하이브리드";4415;123.48;69.52;100.0;63.14;"해당사항 없음";"해당사항 없음"
246;"04";"충북";"토요타";"RAV4";"중형SUV";"하이브리드";4415;123.55;69.44;100.0;63.14;"해당사항 없음";"해당사항 없음"
246;"08";"경북";"토요타";"RAV4";"중형SUV";"하이브리드";4415;122.7;70.11;100.0;63.14;"해당사항 없음";"해당사항 없음"
246;"09";"경남";"토요타";"RAV4";"중형SUV";"하이브리드";4415;122.71;70.03;100.0;63.14;"해당사항 없음";"해당사항 없음"
246;"20";"전남광주";"토요타";"RAV4";"중형SUV";"하이브리드";4415;123.33;69.6;100.0;63.14;"해당사항 없음";"해당사항 없음"
246;"15";"인천";"토요타";"RAV4";"중형SUV";"하이브리드";4415;122.23;70.31;100.0;63.14;"해당사항 없음";"해당사항 없음"
246;"11";"제주";"토요타";"RAV4";"중형SUV";"하이브리드";4415;125.07;68.79;100.0;63.14;"해당사항 없음";"해당사항 없음"
246;"19";"세종";"토요타";"RAV4";"중형SUV";"하이브리드";4415;122.87;69.8;100.0;63.14;"해당사항 없음";"해당사항 없음"
246;"18";"울산";"토요타";"RAV4";"중형SUV";"하이브리드";4415;121.69;70.59;100.0;63.14;"해당사항 없음";"해당사항 없음"
246;"02";"경기";"토요타";"RAV4";"중형SUV";"하이브리드";4415;122.85;69.94;100.0;63.14;"해당사항 없음";"해당사항 없음"
246;"01";"서울";"토요타";"RAV4";"중형SUV";"하이브리드";4415;126.11;68.16;100.0;63.14;"해당사항 없음";"해당사항 없음"
246;"03";"강원";"토요타";"RAV4";"중형SUV";"하이브리드";4415;123.83;69.3;100.0;63.14;"해당사항 없음";"해당사항 없음"
246;"14";"대구";"토요타";"RAV4";"중형SUV";"하이브리드";4415;121.23;70.92;100.0;63.14;"해당사항 없음";"해당사항 없음"
246;"10";"부산";"토요타";"RAV4";"중형SUV";"하이브리드";4415;121.96;70.43;100.0;63.14;"해당사항 없음";"해당사항 없음"
171;"05";"충남";"아우디";"Q4 e-tron";"중형SUV";"전기(배터리)";6630;78.65;85.35;44.32;62.82;"충전기당 전기차 수 : 1.48";"2200"
171;"04";"충북";"아우디";"Q4 e-tron";"중형SUV";"전기(배터리)";6630;78.65;85.35;38.69;62.82;"충전기당 전기차 수 : 1.52";"2200"
137;"03";"강원";"제네시스";"GV60";"중형SUV";"전기(배터리)";6490;76.92;86.42;72.48;62.78;"충전기당 전기차 수 : 1.22";"2040"
134;"19";"세종";"폭스바겐";"ID.5";"중형SUV";"전기(배터리)";4452;68.63;92.41;95.0;62.76;"충전기당 전기차 수 : 0.88";"현재 지자체의 예산이 소진되어 지원금을 받을 수 없습니다"
140;"19";"세종";"폭스바겐";"ID.4";"중형SUV";"전기(배터리)";4452;72.92;89.8;95.0;62.76;"충전기당 전기차 수 : 0.88";"현재 지자체의 예산이 소진되어 지원금을 받을 수 없습니다"
134;"01";"서울";"폭스바겐";"ID.5";"중형SUV";"전기(배터리)";4452;68.63;92.41;78.11;62.76;"충전기당 전기차 수 : 1.13";"현재 지자체의 예산이 소진되어 지원금을 받을 수 없습니다"
140;"01";"서울";"폭스바겐";"ID.4";"중형SUV";"전기(배터리)";4452;72.92;89.8;78.11;62.76;"충전기당 전기차 수 : 1.13";"현재 지자체의 예산이 소진되어 지원금을 받을 수 없습니다"
134;"14";"대구";"폭스바겐";"ID.5";"중형SUV";"전기(배터리)";4452;68.63;92.41;66.84;62.76;"충전기당 전기차 수 : 1.42";"현재 지자체의 예산이 소진되어 지원금을 받을 수 없습니다"
140;"14";"대구";"폭스바겐";"ID.4";"중형SUV";"전기(배터리)";4452;72.92;89.8;66.84;62.76;"충전기당 전기차 수 : 1.42";"현재 지자체의 예산이 소진되어 지원금을 받을 수 없습니다"
134;"10";"부산";"폭스바겐";"ID.5";"중형SUV";"전기(배터리)";4452;68.63;92.41;61.21;62.76;"충전기당 전기차 수 : 1.42";"현재 지자체의 예산이 소진되어 지원금을 받을 수 없습니다"
140;"10";"부산";"폭스바겐";"ID.4";"중형SUV";"전기(배터리)";4452;72.92;89.8;61.21;62.76;"충전기당 전기차 수 : 1.42";"현재 지자체의 예산이 소진되어 지원금을 받을 수 없습니다"
134;"15";"인천";"폭스바겐";"ID.5";"중형SUV";"전기(배터리)";4452;68.63;92.41;16.16;62.76;"충전기당 전기차 수 : 1.75";"현재 지자체의 예산이 소진되어 지원금을 받을 수 없습니다"
140;"15";"인천";"폭스바겐";"ID.4";"중형SUV";"전기(배터리)";4452;72.92;89.8;16.16;62.76;"충전기당 전기차 수 : 1.75";"현재 지자체의 예산이 소진되어 지원금을 받을 수 없습니다"
134;"11";"제주";"폭스바겐";"ID.5";"중형SUV";"전기(배터리)";4452;68.63;92.41;10.53;62.76;"충전기당 전기차 수 : 5.83";"현재 지자체의 예산이 소진되어 지원금을 받을 수 없습니다"
140;"11";"제주";"폭스바겐";"ID.4";"중형SUV";"전기(배터리)";4452;72.92;89.8;10.53;62.76;"충전기당 전기차 수 : 5.83";"현재 지자체의 예산이 소진되어 지원금을 받을 수 없습니다"
23;"20";"전남광주";"현대";"아이오닉 9";"대형SUV";"전기(배터리)";6759;83.33;82.88;21.79;62.52;"충전기당 전기차 수 : 1.65";"2300"
141;"19";"세종";"KGM";"토레스 EVX";"중형SUV";"전기(배터리)";4470;72.92;89.8;95.0;62.5;"충전기당 전기차 수 : 0.88";"현재 지자체의 예산이 소진되어 지원금을 받을 수 없습니다"
141;"01";"서울";"KGM";"토레스 EVX";"중형SUV";"전기(배터리)";4470;72.92;89.8;78.11;62.5;"충전기당 전기차 수 : 1.13";"현재 지자체의 예산이 소진되어 지원금을 받을 수 없습니다"
141;"14";"대구";"KGM";"토레스 EVX";"중형SUV";"전기(배터리)";4470;72.92;89.8;66.84;62.5;"충전기당 전기차 수 : 1.42";"현재 지자체의 예산이 소진되어 지원금을 받을 수 없습니다"
141;"10";"부산";"KGM";"토레스 EVX";"중형SUV";"전기(배터리)";4470;72.92;89.8;61.21;62.5;"충전기당 전기차 수 : 1.42";"현재 지자체의 예산이 소진되어 지원금을 받을 수 없습니다"
141;"15";"인천";"KGM";"토레스 EVX";"중형SUV";"전기(배터리)";4470;72.92;89.8;16.16;62.5;"충전기당 전기차 수 : 1.75";"현재 지자체의 예산이 소진되어 지원금을 받을 수 없습니다"
141;"11";"제주";"KGM";"토레스 EVX";"중형SUV";"전기(배터리)";4470;72.92;89.8;10.53;62.5;"충전기당 전기차 수 : 5.83";"현재 지자체의 예산이 소진되어 지원금을 받을 수 없습니다"
63;"18";"울산";"기아";"EV9";"대형SUV";"전기(배터리)";6197;89.74;79.52;89.37;62.38;"충전기당 전기차 수 : 0.96";"1700"
63;"02";"경기";"기아";"EV9";"대형SUV";"전기(배터리)";6197;89.74;79.52;83.74;62.38;"충전기당 전기차 수 : 1.01";"1700"
94;"15";"인천";"제네시스";"G70";"중형";"디젤";4500;157.03;45.94;100.0;62.34;"해당사항 없음";"해당사항 없음"
93;"15";"인천";"제네시스";"G70";"중형";"가솔린";4500;158.43;45.25;100.0;62.34;"해당사항 없음";"해당사항 없음"
94;"11";"제주";"제네시스";"G70";"중형";"디젤";4500;160.51;43.96;100.0;62.34;"해당사항 없음";"해당사항 없음"
93;"11";"제주";"제네시스";"G70";"중형";"가솔린";4500;162.11;43.17;100.0;62.34;"해당사항 없음";"해당사항 없음"
94;"06";"전북";"제네시스";"G70";"중형";"디젤";4500;158.53;45.19;100.0;62.34;"해당사항 없음";"해당사항 없음"
93;"06";"전북";"제네시스";"G70";"중형";"가솔린";4500;159.63;44.59;100.0;62.34;"해당사항 없음";"해당사항 없음"
94;"05";"충남";"제네시스";"G70";"중형";"디젤";4500;158.85;45.03;100.0;62.34;"해당사항 없음";"해당사항 없음"
93;"05";"충남";"제네시스";"G70";"중형";"가솔린";4500;160.04;44.32;100.0;62.34;"해당사항 없음";"해당사항 없음"
94;"04";"충북";"제네시스";"G70";"중형";"디젤";4500;158.91;45.01;100.0;62.34;"해당사항 없음";"해당사항 없음"
93;"04";"충북";"제네시스";"G70";"중형";"가솔린";4500;160.14;44.2;100.0;62.34;"해당사항 없음";"해당사항 없음"
94;"08";"경북";"제네시스";"G70";"중형";"디젤";4500;157.83;45.46;100.0;62.34;"해당사항 없음";"해당사항 없음"
93;"08";"경북";"제네시스";"G70";"중형";"가솔린";4500;159.03;44.93;100.0;62.34;"해당사항 없음";"해당사항 없음"
94;"09";"경남";"제네시스";"G70";"중형";"디젤";4500;157.69;45.6;100.0;62.34;"해당사항 없음";"해당사항 없음"
93;"09";"경남";"제네시스";"G70";"중형";"가솔린";4500;159.05;44.89;100.0;62.34;"해당사항 없음";"해당사항 없음"
94;"20";"전남광주";"제네시스";"G70";"중형";"디젤";4500;158.84;45.05;100.0;62.34;"해당사항 없음";"해당사항 없음"
93;"20";"전남광주";"제네시스";"G70";"중형";"가솔린";4500;159.85;44.46;100.0;62.34;"해당사항 없음";"해당사항 없음"
94;"19";"세종";"제네시스";"G70";"중형";"디젤";4500;158.07;45.42;100.0;62.34;"해당사항 없음";"해당사항 없음"
93;"19";"세종";"제네시스";"G70";"중형";"가솔린";4500;159.26;44.71;100.0;62.34;"해당사항 없음";"해당사항 없음"
94;"18";"울산";"제네시스";"G70";"중형";"디젤";4500;156.78;46.04;100.0;62.34;"해당사항 없음";"해당사항 없음"
93;"18";"울산";"제네시스";"G70";"중형";"가솔린";4500;157.73;45.58;100.0;62.34;"해당사항 없음";"해당사항 없음"
94;"02";"경기";"제네시스";"G70";"중형";"디젤";4500;157.79;45.52;100.0;62.34;"해당사항 없음";"해당사항 없음"
93;"02";"경기";"제네시스";"G70";"중형";"가솔린";4500;159.23;44.79;100.0;62.34;"해당사항 없음";"해당사항 없음"
94;"01";"서울";"제네시스";"G70";"중형";"디젤";4500;161.93;43.27;100.0;62.34;"해당사항 없음";"해당사항 없음"
93;"01";"서울";"제네시스";"G70";"중형";"가솔린";4500;163.46;42.3;100.0;62.34;"해당사항 없음";"해당사항 없음"
94;"03";"강원";"제네시스";"G70";"중형";"디젤";4500;159.67;44.55;100.0;62.34;"해당사항 없음";"해당사항 없음"
93;"03";"강원";"제네시스";"G70";"중형";"가솔린";4500;160.5;44.0;100.0;62.34;"해당사항 없음";"해당사항 없음"
94;"14";"대구";"제네시스";"G70";"중형";"디젤";4500;155.82;46.89;100.0;62.34;"해당사항 없음";"해당사항 없음"
93;"14";"대구";"제네시스";"G70";"중형";"가솔린";4500;157.13;45.88;100.0;62.34;"해당사항 없음";"해당사항 없음"
94;"10";"부산";"제네시스";"G70";"중형";"디젤";4500;156.6;46.27;100.0;62.34;"해당사항 없음";"해당사항 없음"
93;"10";"부산";"제네시스";"G70";"중형";"가솔린";4500;158.08;45.4;100.0;62.34;"해당사항 없음";"해당사항 없음"
94;"17";"대전";"제네시스";"G70";"중형";"디젤";4500;156.64;46.25;100.0;62.34;"해당사항 없음";"해당사항 없음"
93;"17";"대전";"제네시스";"G70";"중형";"가솔린";4500;157.64;45.64;100.0;62.34;"해당사항 없음";"해당사항 없음"
171;"08";"경북";"아우디";"Q4 e-tron";"중형SUV";"전기(배터리)";6630;78.65;85.35;33.06;61.69;"충전기당 전기차 수 : 1.58";"2100"
171;"09";"경남";"아우디";"Q4 e-tron";"중형SUV";"전기(배터리)";6630;78.65;85.35;27.43;61.69;"충전기당 전기차 수 : 1.64";"2100"
23;"05";"충남";"현대";"아이오닉 9";"대형SUV";"전기(배터리)";6759;83.33;82.88;44.32;61.65;"충전기당 전기차 수 : 1.48";"2200"
23;"04";"충북";"현대";"아이오닉 9";"대형SUV";"전기(배터리)";6759;83.33;82.88;38.69;61.65;"충전기당 전기차 수 : 1.52";"2200"
245;"20";"전남광주";"벤츠";"EQB";"소형SUV";"전기(배터리)";6888;85.37;81.91;21.79;61.61;"충전기당 전기차 수 : 1.65";"2300"
175;"11";"제주";"BMW";"2 Series Active Tourer";"소형MPV";"디젤";4590;133.56;64.58;100.0;61.59;"해당사항 없음";"해당사항 없음"
174;"11";"제주";"BMW";"2 Series Active Tourer";"소형MPV";"가솔린";4590;134.9;63.89;100.0;61.59;"해당사항 없음";"해당사항 없음"
171;"03";"강원";"아우디";"Q4 e-tron";"중형SUV";"전기(배터리)";6630;78.65;85.35;72.48;61.59;"충전기당 전기차 수 : 1.22";"2040"
137;"17";"대전";"제네시스";"GV60";"중형SUV";"전기(배터리)";6490;76.92;86.42;55.58;61.59;"충전기당 전기차 수 : 1.45";"1900"
175;"19";"세종";"BMW";"2 Series Active Tourer";"소형MPV";"디젤";4590;131.53;65.8;100.0;61.59;"해당사항 없음";"해당사항 없음"
174;"19";"세종";"BMW";"2 Series Active Tourer";"소형MPV";"가솔린";4590;132.53;65.07;100.0;61.59;"해당사항 없음";"해당사항 없음"
174;"18";"울산";"BMW";"2 Series Active Tourer";"소형MPV";"가솔린";4590;131.25;66.02;100.0;61.59;"해당사항 없음";"해당사항 없음"
175;"18";"울산";"BMW";"2 Series Active Tourer";"소형MPV";"디젤";4590;130.46;66.5;100.0;61.59;"해당사항 없음";"해당사항 없음"
175;"02";"경기";"BMW";"2 Series Active Tourer";"소형MPV";"디젤";4590;131.3;66.0;100.0;61.59;"해당사항 없음";"해당사항 없음"
174;"02";"경기";"BMW";"2 Series Active Tourer";"소형MPV";"가솔린";4590;132.5;65.11;100.0;61.59;"해당사항 없음";"해당사항 없음"
175;"01";"서울";"BMW";"2 Series Active Tourer";"소형MPV";"디젤";4590;134.75;63.95;100.0;61.59;"해당사항 없음";"해당사항 없음"
174;"01";"서울";"BMW";"2 Series Active Tourer";"소형MPV";"가솔린";4590;136.02;62.98;100.0;61.59;"해당사항 없음";"해당사항 없음"
175;"03";"강원";"BMW";"2 Series Active Tourer";"소형MPV";"디젤";4590;132.87;64.89;100.0;61.59;"해당사항 없음";"해당사항 없음"
174;"03";"강원";"BMW";"2 Series Active Tourer";"소형MPV";"가솔린";4590;133.56;64.58;100.0;61.59;"해당사항 없음";"해당사항 없음"
175;"14";"대구";"BMW";"2 Series Active Tourer";"소형MPV";"디젤";4590;129.67;66.91;100.0;61.59;"해당사항 없음";"해당사항 없음"
174;"14";"대구";"BMW";"2 Series Active Tourer";"소형MPV";"가솔린";4590;130.75;66.32;100.0;61.59;"해당사항 없음";"해당사항 없음"
175;"10";"부산";"BMW";"2 Series Active Tourer";"소형MPV";"디젤";4590;130.32;66.59;100.0;61.59;"해당사항 없음";"해당사항 없음"
174;"10";"부산";"BMW";"2 Series Active Tourer";"소형MPV";"가솔린";4590;131.54;65.78;100.0;61.59;"해당사항 없음";"해당사항 없음"
174;"17";"대전";"BMW";"2 Series Active Tourer";"소형MPV";"가솔린";4590;131.18;66.06;100.0;61.59;"해당사항 없음";"해당사항 없음"
175;"17";"대전";"BMW";"2 Series Active Tourer";"소형MPV";"디젤";4590;130.35;66.52;100.0;61.59;"해당사항 없음";"해당사항 없음"
175;"06";"전북";"BMW";"2 Series Active Tourer";"소형MPV";"디젤";4590;131.92;65.47;100.0;61.59;"해당사항 없음";"해당사항 없음"
174;"06";"전북";"BMW";"2 Series Active Tourer";"소형MPV";"가솔린";4590;132.84;64.91;100.0;61.59;"해당사항 없음";"해당사항 없음"
175;"05";"충남";"BMW";"2 Series Active Tourer";"소형MPV";"디젤";4590;132.19;65.35;100.0;61.59;"해당사항 없음";"해당사항 없음"
174;"05";"충남";"BMW";"2 Series Active Tourer";"소형MPV";"가솔린";4590;133.18;64.72;100.0;61.59;"해당사항 없음";"해당사항 없음"
175;"04";"충북";"BMW";"2 Series Active Tourer";"소형MPV";"디젤";4590;132.23;65.33;100.0;61.59;"해당사항 없음";"해당사항 없음"
174;"04";"충북";"BMW";"2 Series Active Tourer";"소형MPV";"가솔린";4590;133.26;64.68;100.0;61.59;"해당사항 없음";"해당사항 없음"
175;"08";"경북";"BMW";"2 Series Active Tourer";"소형MPV";"디젤";4590;131.34;65.96;100.0;61.59;"해당사항 없음";"해당사항 없음"
174;"08";"경북";"BMW";"2 Series Active Tourer";"소형MPV";"가솔린";4590;132.34;65.19;100.0;61.59;"해당사항 없음";"해당사항 없음"
175;"09";"경남";"BMW";"2 Series Active Tourer";"소형MPV";"디젤";4590;131.22;66.04;100.0;61.59;"해당사항 없음";"해당사항 없음"
174;"09";"경남";"BMW";"2 Series Active Tourer";"소형MPV";"가솔린";4590;132.35;65.17;100.0;61.59;"해당사항 없음";"해당사항 없음"
175;"20";"전남광주";"BMW";"2 Series Active Tourer";"소형MPV";"디젤";4590;132.18;65.37;100.0;61.59;"해당사항 없음";"해당사항 없음"
174;"20";"전남광주";"BMW";"2 Series Active Tourer";"소형MPV";"가솔린";4590;133.02;64.84;100.0;61.59;"해당사항 없음";"해당사항 없음"
175;"15";"인천";"BMW";"2 Series Active Tourer";"소형MPV";"디젤";4590;130.67;66.36;100.0;61.59;"해당사항 없음";"해당사항 없음"
174;"15";"인천";"BMW";"2 Series Active Tourer";"소형MPV";"가솔린";4590;131.83;65.59;100.0;61.59;"해당사항 없음";"해당사항 없음"
240;"06";"전북";"미니";"Convertible";"소형";"가솔린";4646;156.28;46.55;100.0;60.9;"해당사항 없음";"해당사항 없음"
240;"05";"충남";"미니";"Convertible";"소형";"가솔린";4646;156.68;46.23;100.0;60.9;"해당사항 없음";"해당사항 없음"
240;"04";"충북";"미니";"Convertible";"소형";"가솔린";4646;156.77;46.12;100.0;60.9;"해당사항 없음";"해당사항 없음"
240;"08";"경북";"미니";"Convertible";"소형";"가솔린";4646;155.69;47.08;100.0;60.9;"해당사항 없음";"해당사항 없음"
240;"09";"경남";"미니";"Convertible";"소형";"가솔린";4646;155.71;46.99;100.0;60.9;"해당사항 없음";"해당사항 없음"
240;"20";"전남광주";"미니";"Convertible";"소형";"가솔린";4646;156.49;46.39;100.0;60.9;"해당사항 없음";"해당사항 없음"
240;"15";"인천";"미니";"Convertible";"소형";"가솔린";4646;155.1;47.36;100.0;60.9;"해당사항 없음";"해당사항 없음"
240;"11";"제주";"미니";"Convertible";"소형";"가솔린";4646;158.71;45.13;100.0;60.9;"해당사항 없음";"해당사항 없음"
240;"19";"세종";"미니";"Convertible";"소형";"가솔린";4646;155.92;46.77;100.0;60.9;"해당사항 없음";"해당사항 없음"
240;"18";"울산";"미니";"Convertible";"소형";"가솔린";4646;154.42;47.74;100.0;60.9;"해당사항 없음";"해당사항 없음"
240;"02";"경기";"미니";"Convertible";"소형";"가솔린";4646;155.88;46.85;100.0;60.9;"해당사항 없음";"해당사항 없음"
240;"01";"서울";"미니";"Convertible";"소형";"가솔린";4646;160.03;44.4;100.0;60.9;"해당사항 없음";"해당사항 없음"
240;"03";"강원";"미니";"Convertible";"소형";"가솔린";4646;157.13;45.88;100.0;60.9;"해당사항 없음";"해당사항 없음"
240;"14";"대구";"미니";"Convertible";"소형";"가솔린";4646;153.82;48.15;100.0;60.9;"해당사항 없음";"해당사항 없음"
240;"10";"부산";"미니";"Convertible";"소형";"가솔린";4646;154.76;47.64;100.0;60.9;"해당사항 없음";"해당사항 없음"
240;"17";"대전";"미니";"Convertible";"소형";"가솔린";4646;154.33;47.84;100.0;60.9;"해당사항 없음";"해당사항 없음"
23;"08";"경북";"현대";"아이오닉 9";"대형SUV";"전기(배터리)";6759;83.33;82.88;33.06;60.57;"충전기당 전기차 수 : 1.58";"2100"
23;"09";"경남";"현대";"아이오닉 9";"대형SUV";"전기(배터리)";6759;83.33;82.88;27.43;60.57;"충전기당 전기차 수 : 1.64";"2100"
160;"20";"전남광주";"BMW";"i4";"중형";"전기(배터리)";6960;79.55;84.33;21.79;60.53;"충전기당 전기차 수 : 1.65";"2300"
245;"05";"충남";"벤츠";"EQB";"소형SUV";"전기(배터리)";6888;85.37;81.91;44.32;60.51;"충전기당 전기차 수 : 1.48";"2200"
245;"04";"충북";"벤츠";"EQB";"소형SUV";"전기(배터리)";6888;85.37;81.91;38.69;60.51;"충전기당 전기차 수 : 1.52";"2200"
137;"06";"전북";"제네시스";"GV60";"중형SUV";"전기(배터리)";6490;76.92;86.42;49.95;60.47;"충전기당 전기차 수 : 1.46";"1800"
73;"19";"세종";"테슬라";"Model 3";"준중형";"전기(배터리)";4699;66.67;93.38;95.0;60.45;"충전기당 전기차 수 : 0.88";"현재 지자체의 예산이 소진되어 지원금을 받을 수 없습니다"
73;"01";"서울";"테슬라";"Model 3";"준중형";"전기(배터리)";4699;66.67;93.38;78.11;60.45;"충전기당 전기차 수 : 1.13";"현재 지자체의 예산이 소진되어 지원금을 받을 수 없습니다"
73;"14";"대구";"테슬라";"Model 3";"준중형";"전기(배터리)";4699;66.67;93.38;66.84;60.45;"충전기당 전기차 수 : 1.42";"현재 지자체의 예산이 소진되어 지원금을 받을 수 없습니다"
73;"10";"부산";"테슬라";"Model 3";"준중형";"전기(배터리)";4699;66.67;93.38;61.21;60.45;"충전기당 전기차 수 : 1.42";"현재 지자체의 예산이 소진되어 지원금을 받을 수 없습니다"
73;"15";"인천";"테슬라";"Model 3";"준중형";"전기(배터리)";4699;66.67;93.38;16.16;60.45;"충전기당 전기차 수 : 1.75";"현재 지자체의 예산이 소진되어 지원금을 받을 수 없습니다"
73;"11";"제주";"테슬라";"Model 3";"준중형";"전기(배터리)";4699;66.67;93.38;10.53;60.45;"충전기당 전기차 수 : 5.83";"현재 지자체의 예산이 소진되어 지원금을 받을 수 없습니다"
23;"03";"강원";"현대";"아이오닉 9";"대형SUV";"전기(배터리)";6759;83.33;82.88;72.48;60.33;"충전기당 전기차 수 : 1.22";"2040"
171;"17";"대전";"아우디";"Q4 e-tron";"중형SUV";"전기(배터리)";6630;78.65;85.35;55.58;60.31;"충전기당 전기차 수 : 1.45";"1900"
43;"19";"세종";"현대";"아이오닉 5";"중형SUV";"전기(배터리)";4735;72.92;89.8;95.0;60.29;"충전기당 전기차 수 : 0.88";"현재 지자체의 예산이 소진되어 지원금을 받을 수 없습니다"
43;"01";"서울";"현대";"아이오닉 5";"중형SUV";"전기(배터리)";4735;72.92;89.8;78.11;60.29;"충전기당 전기차 수 : 1.13";"현재 지자체의 예산이 소진되어 지원금을 받을 수 없습니다"
43;"14";"대구";"현대";"아이오닉 5";"중형SUV";"전기(배터리)";4735;72.92;89.8;66.84;60.29;"충전기당 전기차 수 : 1.42";"현재 지자체의 예산이 소진되어 지원금을 받을 수 없습니다"
43;"10";"부산";"현대";"아이오닉 5";"중형SUV";"전기(배터리)";4735;72.92;89.8;61.21;60.29;"충전기당 전기차 수 : 1.42";"현재 지자체의 예산이 소진되어 지원금을 받을 수 없습니다"
43;"15";"인천";"현대";"아이오닉 5";"중형SUV";"전기(배터리)";4735;72.92;89.8;16.16;60.29;"충전기당 전기차 수 : 1.75";"현재 지자체의 예산이 소진되어 지원금을 받을 수 없습니다"
43;"11";"제주";"현대";"아이오닉 5";"중형SUV";"전기(배터리)";4735;72.92;89.8;10.53;60.29;"충전기당 전기차 수 : 5.83";"현재 지자체의 예산이 소진되어 지원금을 받을 수 없습니다"
160;"05";"충남";"BMW";"i4";"중형";"전기(배터리)";6960;79.55;84.33;44.32;60.17;"충전기당 전기차 수 : 1.48";"2200"
160;"04";"충북";"BMW";"i4";"중형";"전기(배터리)";6960;79.55;84.33;38.69;60.17;"충전기당 전기차 수 : 1.52";"2200"
218;"19";"세종";"미니";"Aceman";"소형SUV";"전기(배터리)";4781;64.81;93.7;95.0;60.13;"충전기당 전기차 수 : 0.88";"현재 지자체의 예산이 소진되어 지원금을 받을 수 없습니다"
218;"01";"서울";"미니";"Aceman";"소형SUV";"전기(배터리)";4781;64.81;93.7;78.11;60.13;"충전기당 전기차 수 : 1.13";"현재 지자체의 예산이 소진되어 지원금을 받을 수 없습니다"
218;"14";"대구";"미니";"Aceman";"소형SUV";"전기(배터리)";4781;64.81;93.7;66.84;60.13;"충전기당 전기차 수 : 1.42";"현재 지자체의 예산이 소진되어 지원금을 받을 수 없습니다"
218;"10";"부산";"미니";"Aceman";"소형SUV";"전기(배터리)";4781;64.81;93.7;61.21;60.13;"충전기당 전기차 수 : 1.42";"현재 지자체의 예산이 소진되어 지원금을 받을 수 없습니다"
218;"15";"인천";"미니";"Aceman";"소형SUV";"전기(배터리)";4781;64.81;93.7;16.16;60.13;"충전기당 전기차 수 : 1.75";"현재 지자체의 예산이 소진되어 지원금을 받을 수 없습니다"
218;"11";"제주";"미니";"Aceman";"소형SUV";"전기(배터리)";4781;64.81;93.7;10.53;60.13;"충전기당 전기차 수 : 5.83";"현재 지자체의 예산이 소진되어 지원금을 받을 수 없습니다"
245;"08";"경북";"벤츠";"EQB";"소형SUV";"전기(배터리)";6888;85.37;81.91;33.06;60.01;"충전기당 전기차 수 : 1.58";"2100"
245;"09";"경남";"벤츠";"EQB";"소형SUV";"전기(배터리)";6888;85.37;81.91;27.43;60.01;"충전기당 전기차 수 : 1.64";"2100"
137;"18";"울산";"제네시스";"GV60";"중형SUV";"전기(배터리)";6490;76.92;86.42;89.37;59.97;"충전기당 전기차 수 : 0.96";"1700"
137;"02";"경기";"제네시스";"GV60";"중형SUV";"전기(배터리)";6490;76.92;86.42;83.74;59.97;"충전기당 전기차 수 : 1.01";"1700"
198;"19";"세종";"미니";"Mini Electric";"소형";"전기(배터리)";4791;67.96;93.06;95.0;59.93;"충전기당 전기차 수 : 0.88";"현재 지자체의 예산이 소진되어 지원금을 받을 수 없습니다"
198;"01";"서울";"미니";"Mini Electric";"소형";"전기(배터리)";4791;67.96;93.06;78.11;59.93;"충전기당 전기차 수 : 1.13";"현재 지자체의 예산이 소진되어 지원금을 받을 수 없습니다"
198;"14";"대구";"미니";"Mini Electric";"소형";"전기(배터리)";4791;67.96;93.06;66.84;59.93;"충전기당 전기차 수 : 1.42";"현재 지자체의 예산이 소진되어 지원금을 받을 수 없습니다"
198;"10";"부산";"미니";"Mini Electric";"소형";"전기(배터리)";4791;67.96;93.06;61.21;59.93;"충전기당 전기차 수 : 1.42";"현재 지자체의 예산이 소진되어 지원금을 받을 수 없습니다"
198;"15";"인천";"미니";"Mini Electric";"소형";"전기(배터리)";4791;67.96;93.06;16.16;59.93;"충전기당 전기차 수 : 1.75";"현재 지자체의 예산이 소진되어 지원금을 받을 수 없습니다"
198;"11";"제주";"미니";"Mini Electric";"소형";"전기(배터리)";4791;67.96;93.06;10.53;59.93;"충전기당 전기차 수 : 5.83";"현재 지자체의 예산이 소진되어 지원금을 받을 수 없습니다"
132;"19";"세종";"KGM";"무쏘 EV";"픽업/밴";"전기(배터리)";4800;92.11;78.45;95.0;59.81;"충전기당 전기차 수 : 0.88";"현재 지자체의 예산이 소진되어 지원금을 받을 수 없습니다"
132;"01";"서울";"KGM";"무쏘 EV";"픽업/밴";"전기(배터리)";4800;92.11;78.45;78.11;59.81;"충전기당 전기차 수 : 1.13";"현재 지자체의 예산이 소진되어 지원금을 받을 수 없습니다"
132;"03";"강원";"KGM";"무쏘 EV";"픽업/밴";"전기(배터리)";4800;92.11;78.45;72.48;59.81;"충전기당 전기차 수 : 1.22";"0"
132;"14";"대구";"KGM";"무쏘 EV";"픽업/밴";"전기(배터리)";4800;92.11;78.45;66.84;59.81;"충전기당 전기차 수 : 1.42";"현재 지자체의 예산이 소진되어 지원금을 받을 수 없습니다"
132;"10";"부산";"KGM";"무쏘 EV";"픽업/밴";"전기(배터리)";4800;92.11;78.45;61.21;59.81;"충전기당 전기차 수 : 1.42";"현재 지자체의 예산이 소진되어 지원금을 받을 수 없습니다"
132;"06";"전북";"KGM";"무쏘 EV";"픽업/밴";"전기(배터리)";4800;92.11;78.45;49.95;59.81;"충전기당 전기차 수 : 1.46";"0"
132;"04";"충북";"KGM";"무쏘 EV";"픽업/밴";"전기(배터리)";4800;92.11;78.45;38.69;59.81;"충전기당 전기차 수 : 1.52";"0"
132;"15";"인천";"KGM";"무쏘 EV";"픽업/밴";"전기(배터리)";4800;92.11;78.45;16.16;59.81;"충전기당 전기차 수 : 1.75";"현재 지자체의 예산이 소진되어 지원금을 받을 수 없습니다"
132;"11";"제주";"KGM";"무쏘 EV";"픽업/밴";"전기(배터리)";4800;92.11;78.45;10.53;59.81;"충전기당 전기차 수 : 5.83";"현재 지자체의 예산이 소진되어 지원금을 받을 수 없습니다"
217;"19";"세종";"볼보";"EX30 CC";"소형SUV";"전기(배터리)";4812;79.55;84.33;95.0;59.62;"충전기당 전기차 수 : 0.88";"현재 지자체의 예산이 소진되어 지원금을 받을 수 없습니다"
217;"01";"서울";"볼보";"EX30 CC";"소형SUV";"전기(배터리)";4812;79.55;84.33;78.11;59.62;"충전기당 전기차 수 : 1.13";"현재 지자체의 예산이 소진되어 지원금을 받을 수 없습니다"
217;"14";"대구";"볼보";"EX30 CC";"소형SUV";"전기(배터리)";4812;79.55;84.33;66.84;59.62;"충전기당 전기차 수 : 1.42";"현재 지자체의 예산이 소진되어 지원금을 받을 수 없습니다"
217;"10";"부산";"볼보";"EX30 CC";"소형SUV";"전기(배터리)";4812;79.55;84.33;61.21;59.62;"충전기당 전기차 수 : 1.42";"현재 지자체의 예산이 소진되어 지원금을 받을 수 없습니다"
217;"15";"인천";"볼보";"EX30 CC";"소형SUV";"전기(배터리)";4812;79.55;84.33;16.16;59.62;"충전기당 전기차 수 : 1.75";"현재 지자체의 예산이 소진되어 지원금을 받을 수 없습니다"
217;"11";"제주";"볼보";"EX30 CC";"소형SUV";"전기(배터리)";4812;79.55;84.33;10.53;59.62;"충전기당 전기차 수 : 5.83";"현재 지자체의 예산이 소진되어 지원금을 받을 수 없습니다"
171;"06";"전북";"아우디";"Q4 e-tron";"중형SUV";"전기(배터리)";6630;78.65;85.35;49.95;59.5;"충전기당 전기차 수 : 1.46";"1800"
144;"11";"제주";"토요타";"Camry";"중형";"하이브리드";4843;110.44;73.71;100.0;59.48;"해당사항 없음";"해당사항 없음"
144;"17";"대전";"토요타";"Camry";"중형";"하이브리드";4843;107.4;74.58;100.0;59.48;"해당사항 없음";"해당사항 없음"
144;"06";"전북";"토요타";"Camry";"중형";"하이브리드";4843;108.75;74.11;100.0;59.48;"해당사항 없음";"해당사항 없음"
144;"05";"충남";"토요타";"Camry";"중형";"하이브리드";4843;109.04;73.99;100.0;59.48;"해당사항 없음";"해당사항 없음"
144;"04";"충북";"토요타";"Camry";"중형";"하이브리드";4843;109.1;73.97;100.0;59.48;"해당사항 없음";"해당사항 없음"
144;"08";"경북";"토요타";"Camry";"중형";"하이브리드";4843;108.35;74.28;100.0;59.48;"해당사항 없음";"해당사항 없음"
144;"09";"경남";"토요타";"Camry";"중형";"하이브리드";4843;108.36;74.26;100.0;59.48;"해당사항 없음";"해당사항 없음"
144;"20";"전남광주";"토요타";"Camry";"중형";"하이브리드";4843;108.91;74.07;100.0;59.48;"해당사항 없음";"해당사항 없음"
144;"15";"인천";"토요타";"Camry";"중형";"하이브리드";4843;107.93;74.48;100.0;59.48;"해당사항 없음";"해당사항 없음"
144;"19";"세종";"토요타";"Camry";"중형";"하이브리드";4843;108.5;74.19;100.0;59.48;"해당사항 없음";"해당사항 없음"
144;"18";"울산";"토요타";"Camry";"중형";"하이브리드";4843;107.46;74.56;100.0;59.48;"해당사항 없음";"해당사항 없음"
144;"02";"경기";"토요타";"Camry";"중형";"하이브리드";4843;108.48;74.22;100.0;59.48;"해당사항 없음";"해당사항 없음"
144;"01";"서울";"토요타";"Camry";"중형";"하이브리드";4843;111.36;73.59;100.0;59.48;"해당사항 없음";"해당사항 없음"
144;"03";"강원";"토요타";"Camry";"중형";"하이브리드";4843;109.35;73.87;100.0;59.48;"해당사항 없음";"해당사항 없음"
144;"14";"대구";"토요타";"Camry";"중형";"하이브리드";4843;107.05;74.7;100.0;59.48;"해당사항 없음";"해당사항 없음"
144;"10";"부산";"토요타";"Camry";"중형";"하이브리드";4843;107.7;74.5;100.0;59.48;"해당사항 없음";"해당사항 없음"
136;"19";"세종";"아우디";"The new A5";"중형";"디젤";4844;155.4;47.2;100.0;59.16;"해당사항 없음";"해당사항 없음"
135;"19";"세종";"아우디";"The new A5";"중형";"가솔린";4844;156.57;46.29;100.0;59.16;"해당사항 없음";"해당사항 없음"
136;"18";"울산";"아우디";"The new A5";"중형";"디젤";4844;154.13;47.99;100.0;59.16;"해당사항 없음";"해당사항 없음"
135;"18";"울산";"아우디";"The new A5";"중형";"가솔린";4844;155.07;47.38;100.0;59.16;"해당사항 없음";"해당사항 없음"
136;"02";"경기";"아우디";"The new A5";"중형";"디젤";4844;155.13;47.28;100.0;59.16;"해당사항 없음";"해당사항 없음"
135;"02";"경기";"아우디";"The new A5";"중형";"가솔린";4844;156.54;46.31;100.0;59.16;"해당사항 없음";"해당사항 없음"
136;"01";"서울";"아우디";"The new A5";"중형";"디젤";4844;159.19;44.81;100.0;59.16;"해당사항 없음";"해당사항 없음"
135;"01";"서울";"아우디";"The new A5";"중형";"가솔린";4844;160.7;43.86;100.0;59.16;"해당사항 없음";"해당사항 없음"
136;"03";"강원";"아우디";"The new A5";"중형";"디젤";4844;156.98;45.98;100.0;59.16;"해당사항 없음";"해당사항 없음"
135;"03";"강원";"아우디";"The new A5";"중형";"가솔린";4844;157.79;45.52;100.0;59.16;"해당사항 없음";"해당사항 없음"
136;"14";"대구";"아우디";"The new A5";"중형";"디젤";4844;153.19;48.43;100.0;59.16;"해당사항 없음";"해당사항 없음"
135;"14";"대구";"아우디";"The new A5";"중형";"가솔린";4844;154.47;47.66;100.0;59.16;"해당사항 없음";"해당사항 없음"
136;"10";"부산";"아우디";"The new A5";"중형";"디젤";4844;153.96;48.03;100.0;59.16;"해당사항 없음";"해당사항 없음"
135;"10";"부산";"아우디";"The new A5";"중형";"가솔린";4844;155.41;47.18;100.0;59.16;"해당사항 없음";"해당사항 없음"
136;"17";"대전";"아우디";"The new A5";"중형";"디젤";4844;154.0;48.01;100.0;59.16;"해당사항 없음";"해당사항 없음"
135;"17";"대전";"아우디";"The new A5";"중형";"가솔린";4844;154.98;47.42;100.0;59.16;"해당사항 없음";"해당사항 없음"
136;"15";"인천";"아우디";"The new A5";"중형";"디젤";4844;154.38;47.76;100.0;59.16;"해당사항 없음";"해당사항 없음"
135;"15";"인천";"아우디";"The new A5";"중형";"가솔린";4844;155.75;46.91;100.0;59.16;"해당사항 없음";"해당사항 없음"
136;"11";"제주";"아우디";"The new A5";"중형";"디젤";4844;157.8;45.48;100.0;59.16;"해당사항 없음";"해당사항 없음"
135;"11";"제주";"아우디";"The new A5";"중형";"가솔린";4844;159.38;44.65;100.0;59.16;"해당사항 없음";"해당사항 없음"
136;"06";"전북";"아우디";"The new A5";"중형";"디젤";4844;155.86;46.87;100.0;59.16;"해당사항 없음";"해당사항 없음"
135;"06";"전북";"아우디";"The new A5";"중형";"가솔린";4844;156.94;46.02;100.0;59.16;"해당사항 없음";"해당사항 없음"
136;"05";"충남";"아우디";"The new A5";"중형";"디젤";4844;156.17;46.59;100.0;59.16;"해당사항 없음";"해당사항 없음"
135;"05";"충남";"아우디";"The new A5";"중형";"가솔린";4844;157.34;45.72;100.0;59.16;"해당사항 없음";"해당사항 없음"
136;"04";"충북";"아우디";"The new A5";"중형";"디젤";4844;156.22;46.57;100.0;59.16;"해당사항 없음";"해당사항 없음"
135;"04";"충북";"아우디";"The new A5";"중형";"가솔린";4844;157.44;45.66;100.0;59.16;"해당사항 없음";"해당사항 없음"
136;"08";"경북";"아우디";"The new A5";"중형";"디젤";4844;155.16;47.26;100.0;59.16;"해당사항 없음";"해당사항 없음"
135;"08";"경북";"아우디";"The new A5";"중형";"가솔린";4844;156.35;46.47;100.0;59.16;"해당사항 없음";"해당사항 없음"
136;"09";"경남";"아우디";"The new A5";"중형";"디젤";4844;155.03;47.4;100.0;59.16;"해당사항 없음";"해당사항 없음"
135;"09";"경남";"아우디";"The new A5";"중형";"가솔린";4844;156.37;46.43;100.0;59.16;"해당사항 없음";"해당사항 없음"
136;"20";"전남광주";"아우디";"The new A5";"중형";"디젤";4844;156.16;46.61;100.0;59.16;"해당사항 없음";"해당사항 없음"
135;"20";"전남광주";"아우디";"The new A5";"중형";"가솔린";4844;157.15;45.76;100.0;59.16;"해당사항 없음";"해당사항 없음"
245;"03";"강원";"벤츠";"EQB";"소형SUV";"전기(배터리)";6888;85.37;81.91;72.48;58.51;"충전기당 전기차 수 : 1.22";"2040"
71;"19";"세종";"현대";"더 뉴 아이오닉 6";"중형";"전기(배터리)";4856;64.22;94.35;95.0;58.49;"충전기당 전기차 수 : 0.88";"현재 지자체의 예산이 소진되어 지원금을 받을 수 없습니다"
71;"01";"서울";"현대";"더 뉴 아이오닉 6";"중형";"전기(배터리)";4856;64.22;94.35;78.11;58.49;"충전기당 전기차 수 : 1.13";"현재 지자체의 예산이 소진되어 지원금을 받을 수 없습니다"
71;"14";"대구";"현대";"더 뉴 아이오닉 6";"중형";"전기(배터리)";4856;64.22;94.35;66.84;58.49;"충전기당 전기차 수 : 1.42";"현재 지자체의 예산이 소진되어 지원금을 받을 수 없습니다"
71;"10";"부산";"현대";"더 뉴 아이오닉 6";"중형";"전기(배터리)";4856;64.22;94.35;61.21;58.49;"충전기당 전기차 수 : 1.42";"현재 지자체의 예산이 소진되어 지원금을 받을 수 없습니다"
71;"15";"인천";"현대";"더 뉴 아이오닉 6";"중형";"전기(배터리)";4856;64.22;94.35;16.16;58.49;"충전기당 전기차 수 : 1.75";"현재 지자체의 예산이 소진되어 지원금을 받을 수 없습니다"
71;"11";"제주";"현대";"더 뉴 아이오닉 6";"중형";"전기(배터리)";4856;64.22;94.35;10.53;58.49;"충전기당 전기차 수 : 5.83";"현재 지자체의 예산이 소진되어 지원금을 받을 수 없습니다"
23;"17";"대전";"현대";"아이오닉 9";"대형SUV";"전기(배터리)";6759;83.33;82.88;55.58;58.37;"충전기당 전기차 수 : 1.45";"1900"
160;"08";"경북";"BMW";"i4";"중형";"전기(배터리)";6960;79.55;84.33;33.06;58.35;"충전기당 전기차 수 : 1.58";"2100"
160;"09";"경남";"BMW";"i4";"중형";"전기(배터리)";6960;79.55;84.33;27.43;58.35;"충전기당 전기차 수 : 1.64";"2100"
128;"20";"전남광주";"렉서스";"All New ES Electric";"준대형";"전기(배터리)";7160;63.06;95.0;21.79;58.35;"충전기당 전기차 수 : 1.65";"2300"
160;"03";"강원";"BMW";"i4";"중형";"전기(배터리)";6960;79.55;84.33;72.48;58.29;"충전기당 전기차 수 : 1.22";"2040"
171;"18";"울산";"아우디";"Q4 e-tron";"중형SUV";"전기(배터리)";6630;78.65;85.35;89.37;58.27;"충전기당 전기차 수 : 0.96";"1700"
171;"02";"경기";"아우디";"Q4 e-tron";"중형SUV";"전기(배터리)";6630;78.65;85.35;83.74;58.27;"충전기당 전기차 수 : 1.01";"1700"
23;"06";"전북";"현대";"아이오닉 9";"대형SUV";"전기(배터리)";6759;83.33;82.88;49.95;58.23;"충전기당 전기차 수 : 1.46";"1800"
128;"05";"충남";"렉서스";"All New ES Electric";"준대형";"전기(배터리)";7160;63.06;95.0;44.32;58.21;"충전기당 전기차 수 : 1.48";"2200"
128;"04";"충북";"렉서스";"All New ES Electric";"준대형";"전기(배터리)";7160;63.06;95.0;38.69;58.21;"충전기당 전기차 수 : 1.52";"2200"
245;"17";"대전";"벤츠";"EQB";"소형SUV";"전기(배터리)";6888;85.37;81.91;55.58;58.17;"충전기당 전기차 수 : 1.45";"1900"
88;"11";"제주";"토요타";"All New RAV4";"중형SUV";"하이브리드";4990;110.12;73.73;100.0;58.15;"해당사항 없음";"해당사항 없음"
88;"19";"세종";"토요타";"All New RAV4";"중형SUV";"하이브리드";4990;108.19;74.36;100.0;58.15;"해당사항 없음";"해당사항 없음"
88;"18";"울산";"토요타";"All New RAV4";"중형SUV";"하이브리드";4990;107.15;74.66;100.0;58.15;"해당사항 없음";"해당사항 없음"
88;"02";"경기";"토요타";"All New RAV4";"중형SUV";"하이브리드";4990;108.16;74.38;100.0;58.15;"해당사항 없음";"해당사항 없음"
88;"01";"서울";"토요타";"All New RAV4";"중형SUV";"하이브리드";4990;111.04;73.65;100.0;58.15;"해당사항 없음";"해당사항 없음"
88;"03";"강원";"토요타";"All New RAV4";"중형SUV";"하이브리드";4990;109.03;74.01;100.0;58.15;"해당사항 없음";"해당사항 없음"
88;"14";"대구";"토요타";"All New RAV4";"중형SUV";"하이브리드";4990;106.74;74.8;100.0;58.15;"해당사항 없음";"해당사항 없음"
88;"10";"부산";"토요타";"All New RAV4";"중형SUV";"하이브리드";4990;107.38;74.6;100.0;58.15;"해당사항 없음";"해당사항 없음"
88;"17";"대전";"토요타";"All New RAV4";"중형SUV";"하이브리드";4990;107.09;74.68;100.0;58.15;"해당사항 없음";"해당사항 없음"
88;"06";"전북";"토요타";"All New RAV4";"중형SUV";"하이브리드";4990;108.44;74.24;100.0;58.15;"해당사항 없음";"해당사항 없음"
88;"05";"충남";"토요타";"All New RAV4";"중형SUV";"하이브리드";4990;108.72;74.13;100.0;58.15;"해당사항 없음";"해당사항 없음"
88;"04";"충북";"토요타";"All New RAV4";"중형SUV";"하이브리드";4990;108.78;74.09;100.0;58.15;"해당사항 없음";"해당사항 없음"
88;"08";"경북";"토요타";"All New RAV4";"중형SUV";"하이브리드";4990;108.03;74.46;100.0;58.15;"해당사항 없음";"해당사항 없음"
88;"09";"경남";"토요타";"All New RAV4";"중형SUV";"하이브리드";4990;108.04;74.42;100.0;58.15;"해당사항 없음";"해당사항 없음"
88;"20";"전남광주";"토요타";"All New RAV4";"중형SUV";"하이브리드";4990;108.59;74.15;100.0;58.15;"해당사항 없음";"해당사항 없음"
88;"15";"인천";"토요타";"All New RAV4";"중형SUV";"하이브리드";4990;107.62;74.54;100.0;58.15;"해당사항 없음";"해당사항 없음"
120;"20";"전남광주";"볼보";"ES90";"준대형";"전기(배터리)";7294;78.65;85.35;21.79;57.82;"충전기당 전기차 수 : 1.65";"2300"
1;"19";"세종";"테슬라";"Model Y";"중형SUV";"전기(배터리)";4999;63.64;94.68;95.0;57.8;"충전기당 전기차 수 : 0.88";"현재 지자체의 예산이 소진되어 지원금을 받을 수 없습니다"
1;"01";"서울";"테슬라";"Model Y";"중형SUV";"전기(배터리)";4999;63.64;94.68;78.11;57.8;"충전기당 전기차 수 : 1.13";"현재 지자체의 예산이 소진되어 지원금을 받을 수 없습니다"
1;"14";"대구";"테슬라";"Model Y";"중형SUV";"전기(배터리)";4999;63.64;94.68;66.84;57.8;"충전기당 전기차 수 : 1.42";"현재 지자체의 예산이 소진되어 지원금을 받을 수 없습니다"
1;"10";"부산";"테슬라";"Model Y";"중형SUV";"전기(배터리)";4999;63.64;94.68;61.21;57.8;"충전기당 전기차 수 : 1.42";"현재 지자체의 예산이 소진되어 지원금을 받을 수 없습니다"
1;"15";"인천";"테슬라";"Model Y";"중형SUV";"전기(배터리)";4999;63.64;94.68;16.16;57.8;"충전기당 전기차 수 : 1.75";"현재 지자체의 예산이 소진되어 지원금을 받을 수 없습니다"
1;"11";"제주";"테슬라";"Model Y";"중형SUV";"전기(배터리)";4999;63.64;94.68;10.53;57.8;"충전기당 전기차 수 : 5.83";"현재 지자체의 예산이 소진되어 지원금을 받을 수 없습니다"
23;"18";"울산";"현대";"아이오닉 9";"대형SUV";"전기(배터리)";6759;83.33;82.88;89.37;57.68;"충전기당 전기차 수 : 0.96";"1700"
23;"02";"경기";"현대";"아이오닉 9";"대형SUV";"전기(배터리)";6759;83.33;82.88;83.74;57.68;"충전기당 전기차 수 : 1.01";"1700"
160;"17";"대전";"BMW";"i4";"중형";"전기(배터리)";6960;79.55;84.33;55.58;57.64;"충전기당 전기차 수 : 1.45";"1900"
128;"08";"경북";"렉서스";"All New ES Electric";"준대형";"전기(배터리)";7160;63.06;95.0;33.06;57.64;"충전기당 전기차 수 : 1.58";"2100"
128;"09";"경남";"렉서스";"All New ES Electric";"준대형";"전기(배터리)";7160;63.06;95.0;27.43;57.64;"충전기당 전기차 수 : 1.64";"2100"
245;"06";"전북";"벤츠";"EQB";"소형SUV";"전기(배터리)";6888;85.37;81.91;49.95;57.58;"충전기당 전기차 수 : 1.46";"1800"
120;"05";"충남";"볼보";"ES90";"준대형";"전기(배터리)";7294;78.65;85.35;44.32;57.56;"충전기당 전기차 수 : 1.48";"2200"
120;"04";"충북";"볼보";"ES90";"준대형";"전기(배터리)";7294;78.65;85.35;38.69;57.56;"충전기당 전기차 수 : 1.52";"2200"
128;"03";"강원";"렉서스";"All New ES Electric";"준대형";"전기(배터리)";7160;63.06;95.0;72.48;57.52;"충전기당 전기차 수 : 1.22";"2040"
157;"15";"인천";"BMW";"X1";"소형SUV";"가솔린";5140;148.84;54.32;100.0;57.5;"해당사항 없음";"해당사항 없음"
158;"11";"제주";"BMW";"X1";"소형SUV";"디젤";5140;150.8;51.06;100.0;57.5;"해당사항 없음";"해당사항 없음"
157;"11";"제주";"BMW";"X1";"소형SUV";"가솔린";5140;152.31;48.94;100.0;57.5;"해당사항 없음";"해당사항 없음"
158;"06";"전북";"BMW";"X1";"소형SUV";"디젤";5140;148.94;54.3;100.0;57.5;"해당사항 없음";"해당사항 없음"
157;"06";"전북";"BMW";"X1";"소형SUV";"가솔린";5140;149.98;52.54;100.0;57.5;"해당사항 없음";"해당사항 없음"
158;"05";"충남";"BMW";"X1";"소형SUV";"디젤";5140;149.25;53.94;100.0;57.5;"해당사항 없음";"해당사항 없음"
157;"05";"충남";"BMW";"X1";"소형SUV";"가솔린";5140;150.36;51.79;100.0;57.5;"해당사항 없음";"해당사항 없음"
158;"04";"충북";"BMW";"X1";"소형SUV";"디젤";5140;149.29;53.88;100.0;57.5;"해당사항 없음";"해당사항 없음"
157;"04";"충북";"BMW";"X1";"소형SUV";"가솔린";5140;150.45;51.73;100.0;57.5;"해당사항 없음";"해당사항 없음"
158;"08";"경북";"BMW";"X1";"소형SUV";"디젤";5140;148.28;55.15;100.0;57.5;"해당사항 없음";"해당사항 없음"
157;"08";"경북";"BMW";"X1";"소형SUV";"가솔린";5140;149.41;53.41;100.0;57.5;"해당사항 없음";"해당사항 없음"
158;"09";"경남";"BMW";"X1";"소형SUV";"디젤";5140;148.15;55.43;100.0;57.5;"해당사항 없음";"해당사항 없음"
157;"09";"경남";"BMW";"X1";"소형SUV";"가솔린";5140;149.43;53.37;100.0;57.5;"해당사항 없음";"해당사항 없음"
158;"20";"전남광주";"BMW";"X1";"소형SUV";"디젤";5140;149.23;53.96;100.0;57.5;"해당사항 없음";"해당사항 없음"
157;"20";"전남광주";"BMW";"X1";"소형SUV";"가솔린";5140;150.18;52.11;100.0;57.5;"해당사항 없음";"해당사항 없음"
158;"15";"인천";"BMW";"X1";"소형SUV";"디젤";5140;147.53;56.04;100.0;57.5;"해당사항 없음";"해당사항 없음"
158;"19";"세종";"BMW";"X1";"소형SUV";"디젤";5140;148.51;54.89;100.0;57.5;"해당사항 없음";"해당사항 없음"
157;"19";"세종";"BMW";"X1";"소형SUV";"가솔린";5140;149.63;52.99;100.0;57.5;"해당사항 없음";"해당사항 없음"
158;"18";"울산";"BMW";"X1";"소형SUV";"디젤";5140;147.29;56.28;100.0;57.5;"해당사항 없음";"해당사항 없음"
157;"18";"울산";"BMW";"X1";"소형SUV";"가솔린";5140;148.19;55.41;100.0;57.5;"해당사항 없음";"해당사항 없음"
158;"02";"경기";"BMW";"X1";"소형SUV";"디젤";5140;148.25;55.25;100.0;57.5;"해당사항 없음";"해당사항 없음"
157;"02";"경기";"BMW";"X1";"소형SUV";"가솔린";5140;149.6;53.01;100.0;57.5;"해당사항 없음";"해당사항 없음"
158;"01";"서울";"BMW";"X1";"소형SUV";"디젤";5140;152.13;49.1;100.0;57.5;"해당사항 없음";"해당사항 없음"
157;"01";"서울";"BMW";"X1";"소형SUV";"가솔린";5140;153.57;48.17;100.0;57.5;"해당사항 없음";"해당사항 없음"
158;"03";"강원";"BMW";"X1";"소형SUV";"디젤";5140;150.02;52.46;100.0;57.5;"해당사항 없음";"해당사항 없음"
157;"03";"강원";"BMW";"X1";"소형SUV";"가솔린";5140;150.79;51.14;100.0;57.5;"해당사항 없음";"해당사항 없음"
158;"14";"대구";"BMW";"X1";"소형SUV";"디젤";5140;146.4;57.13;100.0;57.5;"해당사항 없음";"해당사항 없음"
157;"14";"대구";"BMW";"X1";"소형SUV";"가솔린";5140;147.62;55.86;100.0;57.5;"해당사항 없음";"해당사항 없음"
158;"10";"부산";"BMW";"X1";"소형SUV";"디젤";5140;147.13;56.41;100.0;57.5;"해당사항 없음";"해당사항 없음"
157;"10";"부산";"BMW";"X1";"소형SUV";"가솔린";5140;148.52;54.87;100.0;57.5;"해당사항 없음";"해당사항 없음"
158;"17";"대전";"BMW";"X1";"소형SUV";"디젤";5140;147.17;56.39;100.0;57.5;"해당사항 없음";"해당사항 없음"
157;"17";"대전";"BMW";"X1";"소형SUV";"가솔린";5140;148.11;55.49;100.0;57.5;"해당사항 없음";"해당사항 없음"
160;"06";"전북";"BMW";"i4";"중형";"전기(배터리)";6960;79.55;84.33;49.95;56.85;"충전기당 전기차 수 : 1.46";"1800"
68;"11";"제주";"BMW";"3 Series";"중형";"디젤";5180;148.4;55.05;100.0;56.83;"해당사항 없음";"해당사항 없음"
67;"11";"제주";"BMW";"3 Series";"중형";"가솔린";5180;149.89;52.62;100.0;56.83;"해당사항 없음";"해당사항 없음"
68;"19";"세종";"BMW";"3 Series";"중형";"디젤";5180;146.15;57.34;100.0;56.83;"해당사항 없음";"해당사항 없음"
67;"19";"세종";"BMW";"3 Series";"중형";"가솔린";5180;147.25;56.3;100.0;56.83;"해당사항 없음";"해당사항 없음"
68;"18";"울산";"BMW";"3 Series";"중형";"디젤";5180;144.96;58.29;100.0;56.83;"해당사항 없음";"해당사항 없음"
67;"18";"울산";"BMW";"3 Series";"중형";"가솔린";5180;145.84;57.7;100.0;56.83;"해당사항 없음";"해당사항 없음"
68;"02";"경기";"BMW";"3 Series";"중형";"디젤";5180;145.89;57.6;100.0;56.83;"해당사항 없음";"해당사항 없음"
67;"02";"경기";"BMW";"3 Series";"중형";"가솔린";5180;147.22;56.36;100.0;56.83;"해당사항 없음";"해당사항 없음"
68;"01";"서울";"BMW";"3 Series";"중형";"디젤";5180;149.72;52.92;100.0;56.83;"해당사항 없음";"해당사항 없음"
67;"01";"서울";"BMW";"3 Series";"중형";"가솔린";5180;151.14;50.6;100.0;56.83;"해당사항 없음";"해당사항 없음"
68;"03";"강원";"BMW";"3 Series";"중형";"디젤";5180;147.63;55.84;100.0;56.83;"해당사항 없음";"해당사항 없음"
67;"03";"강원";"BMW";"3 Series";"중형";"가솔린";5180;148.4;55.05;100.0;56.83;"해당사항 없음";"해당사항 없음"
68;"14";"대구";"BMW";"3 Series";"중형";"디젤";5180;144.08;58.77;100.0;56.83;"해당사항 없음";"해당사항 없음"
67;"14";"대구";"BMW";"3 Series";"중형";"가솔린";5180;145.28;58.13;100.0;56.83;"해당사항 없음";"해당사항 없음"
68;"10";"부산";"BMW";"3 Series";"중형";"디젤";5180;144.8;58.37;100.0;56.83;"해당사항 없음";"해당사항 없음"
67;"10";"부산";"BMW";"3 Series";"중형";"가솔린";5180;146.16;57.32;100.0;56.83;"해당사항 없음";"해당사항 없음"
68;"17";"대전";"BMW";"3 Series";"중형";"디젤";5180;144.83;58.35;100.0;56.83;"해당사항 없음";"해당사항 없음"
67;"17";"대전";"BMW";"3 Series";"중형";"가솔린";5180;145.76;57.74;100.0;56.83;"해당사항 없음";"해당사항 없음"
68;"06";"전북";"BMW";"3 Series";"중형";"디젤";5180;146.58;56.97;100.0;56.83;"해당사항 없음";"해당사항 없음"
67;"06";"전북";"BMW";"3 Series";"중형";"가솔린";5180;147.6;55.88;100.0;56.83;"해당사항 없음";"해당사항 없음"
68;"05";"충남";"BMW";"3 Series";"중형";"디젤";5180;146.88;56.81;100.0;56.83;"해당사항 없음";"해당사항 없음"
67;"05";"충남";"BMW";"3 Series";"중형";"가솔린";5180;147.98;55.6;100.0;56.83;"해당사항 없음";"해당사항 없음"
68;"04";"충북";"BMW";"3 Series";"중형";"디젤";5180;146.92;56.79;100.0;56.83;"해당사항 없음";"해당사항 없음"
67;"04";"충북";"BMW";"3 Series";"중형";"가솔린";5180;148.07;55.54;100.0;56.83;"해당사항 없음";"해당사항 없음"
68;"08";"경북";"BMW";"3 Series";"중형";"디젤";5180;145.93;57.5;100.0;56.83;"해당사항 없음";"해당사항 없음"
67;"08";"경북";"BMW";"3 Series";"중형";"가솔린";5180;147.04;56.55;100.0;56.83;"해당사항 없음";"해당사항 없음"
68;"09";"경남";"BMW";"3 Series";"중형";"디젤";5180;145.8;57.72;100.0;56.83;"해당사항 없음";"해당사항 없음"
67;"09";"경남";"BMW";"3 Series";"중형";"가솔린";5180;147.06;56.47;100.0;56.83;"해당사항 없음";"해당사항 없음"
68;"20";"전남광주";"BMW";"3 Series";"중형";"디젤";5180;146.86;56.83;100.0;56.83;"해당사항 없음";"해당사항 없음"
67;"20";"전남광주";"BMW";"3 Series";"중형";"가솔린";5180;147.8;55.76;100.0;56.83;"해당사항 없음";"해당사항 없음"
68;"15";"인천";"BMW";"3 Series";"중형";"디젤";5180;145.19;58.23;100.0;56.83;"해당사항 없음";"해당사항 없음"
67;"15";"인천";"BMW";"3 Series";"중형";"가솔린";5180;146.48;57.03;100.0;56.83;"해당사항 없음";"해당사항 없음"
245;"18";"울산";"벤츠";"EQB";"소형SUV";"전기(배터리)";6888;85.37;81.91;89.37;56.18;"충전기당 전기차 수 : 0.96";"1700"
245;"02";"경기";"벤츠";"EQB";"소형SUV";"전기(배터리)";6888;85.37;81.91;83.74;56.18;"충전기당 전기차 수 : 1.01";"1700"
120;"08";"경북";"볼보";"ES90";"준대형";"전기(배터리)";7294;78.65;85.35;33.06;56.14;"충전기당 전기차 수 : 1.58";"2100"
120;"09";"경남";"볼보";"ES90";"준대형";"전기(배터리)";7294;78.65;85.35;27.43;56.14;"충전기당 전기차 수 : 1.64";"2100"
176;"15";"인천";"볼보";"XC40";"중형SUV";"가솔린";5230;180.95;31.8;100.0;56.1;"해당사항 없음";"해당사항 없음"
176;"11";"제주";"볼보";"XC40";"중형SUV";"가솔린";5230;185.16;29.97;100.0;56.1;"해당사항 없음";"해당사항 없음"
176;"17";"대전";"볼보";"XC40";"중형SUV";"가솔린";5230;180.05;32.38;100.0;56.1;"해당사항 없음";"해당사항 없음"
176;"06";"전북";"볼보";"XC40";"중형SUV";"가솔린";5230;182.32;30.93;100.0;56.1;"해당사항 없음";"해당사항 없음"
176;"05";"충남";"볼보";"XC40";"중형SUV";"가솔린";5230;182.79;30.66;100.0;56.1;"해당사항 없음";"해당사항 없음"
176;"04";"충북";"볼보";"XC40";"중형SUV";"가솔린";5230;182.9;30.6;100.0;56.1;"해당사항 없음";"해당사항 없음"
176;"08";"경북";"볼보";"XC40";"중형SUV";"가솔린";5230;181.64;31.39;100.0;56.1;"해당사항 없음";"해당사항 없음"
176;"09";"경남";"볼보";"XC40";"중형SUV";"가솔린";5230;181.66;31.33;100.0;56.1;"해당사항 없음";"해당사항 없음"
176;"20";"전남광주";"볼보";"XC40";"중형SUV";"가솔린";5230;182.58;30.74;100.0;56.1;"해당사항 없음";"해당사항 없음"
176;"19";"세종";"볼보";"XC40";"중형SUV";"가솔린";5230;181.9;31.15;100.0;56.1;"해당사항 없음";"해당사항 없음"
176;"18";"울산";"볼보";"XC40";"중형SUV";"가솔린";5230;180.15;32.22;100.0;56.1;"해당사항 없음";"해당사항 없음"
176;"02";"경기";"볼보";"XC40";"중형SUV";"가솔린";5230;181.86;31.21;100.0;56.1;"해당사항 없음";"해당사항 없음"
176;"01";"서울";"볼보";"XC40";"중형SUV";"가솔린";5230;186.7;29.43;100.0;56.1;"해당사항 없음";"해당사항 없음"
176;"03";"강원";"볼보";"XC40";"중형SUV";"가솔린";5230;183.32;30.46;100.0;56.1;"해당사항 없음";"해당사항 없음"
176;"14";"대구";"볼보";"XC40";"중형SUV";"가솔린";5230;179.46;32.75;100.0;56.1;"해당사항 없음";"해당사항 없음"
176;"10";"부산";"볼보";"XC40";"중형SUV";"가솔린";5230;180.55;32.04;100.0;56.1;"해당사항 없음";"해당사항 없음"
120;"03";"강원";"볼보";"ES90";"준대형";"전기(배터리)";7294;78.65;85.35;72.48;55.78;"충전기당 전기차 수 : 1.22";"2040"
160;"18";"울산";"BMW";"i4";"중형";"전기(배터리)";6960;79.55;84.33;89.37;55.76;"충전기당 전기차 수 : 0.96";"1700"
160;"02";"경기";"BMW";"i4";"중형";"전기(배터리)";6960;79.55;84.33;83.74;55.76;"충전기당 전기차 수 : 1.01";"1700"
128;"17";"대전";"렉서스";"All New ES Electric";"준대형";"전기(배터리)";7160;63.06;95.0;55.58;55.76;"충전기당 전기차 수 : 1.45";"1900"
92;"15";"인천";"아우디";"The new Q5";"중형SUV";"디젤";5273;165.56;41.13;100.0;55.7;"해당사항 없음";"해당사항 없음"
91;"15";"인천";"아우디";"The new Q5";"중형SUV";"가솔린";5273;167.03;40.15;100.0;55.7;"해당사항 없음";"해당사항 없음"
92;"11";"제주";"아우디";"The new Q5";"중형SUV";"디젤";5273;169.22;39.04;100.0;55.7;"해당사항 없음";"해당사항 없음"
91;"11";"제주";"아우디";"The new Q5";"중형SUV";"가솔린";5273;170.91;38.39;100.0;55.7;"해당사항 없음";"해당사항 없음"
92;"19";"세종";"아우디";"The new Q5";"중형SUV";"디젤";5273;166.65;40.32;100.0;55.7;"해당사항 없음";"해당사항 없음"
91;"19";"세종";"아우디";"The new Q5";"중형SUV";"가솔린";5273;167.91;39.59;100.0;55.7;"해당사항 없음";"해당사항 없음"
92;"18";"울산";"아우디";"The new Q5";"중형SUV";"디젤";5273;165.29;41.39;100.0;55.7;"해당사항 없음";"해당사항 없음"
91;"18";"울산";"아우디";"The new Q5";"중형SUV";"가솔린";5273;166.29;40.58;100.0;55.7;"해당사항 없음";"해당사항 없음"
92;"02";"경기";"아우디";"The new Q5";"중형SUV";"디젤";5273;166.36;40.5;100.0;55.7;"해당사항 없음";"해당사항 없음"
91;"02";"경기";"아우디";"The new Q5";"중형SUV";"가솔린";5273;167.87;39.69;100.0;55.7;"해당사항 없음";"해당사항 없음"
92;"01";"서울";"아우디";"The new Q5";"중형SUV";"디젤";5273;170.72;38.49;100.0;55.7;"해당사항 없음";"해당사항 없음"
91;"01";"서울";"아우디";"The new Q5";"중형SUV";"가솔린";5273;172.34;37.81;100.0;55.7;"해당사항 없음";"해당사항 없음"
92;"03";"강원";"아우디";"The new Q5";"중형SUV";"디젤";5273;168.34;39.45;100.0;55.7;"해당사항 없음";"해당사항 없음"
91;"03";"강원";"아우디";"The new Q5";"중형SUV";"가솔린";5273;169.22;39.04;100.0;55.7;"해당사항 없음";"해당사항 없음"
92;"14";"대구";"아우디";"The new Q5";"중형SUV";"디젤";5273;164.29;41.85;100.0;55.7;"해당사항 없음";"해당사항 없음"
91;"14";"대구";"아우디";"The new Q5";"중형SUV";"가솔린";5273;165.66;41.06;100.0;55.7;"해당사항 없음";"해당사항 없음"
92;"10";"부산";"아우디";"The new Q5";"중형SUV";"디젤";5273;165.11;41.45;100.0;55.7;"해당사항 없음";"해당사항 없음"
91;"10";"부산";"아우디";"The new Q5";"중형SUV";"가솔린";5273;166.66;40.3;100.0;55.7;"해당사항 없음";"해당사항 없음"
92;"17";"대전";"아우디";"The new Q5";"중형SUV";"디젤";5273;165.15;41.43;100.0;55.7;"해당사항 없음";"해당사항 없음"
91;"17";"대전";"아우디";"The new Q5";"중형SUV";"가솔린";5273;166.2;40.76;100.0;55.7;"해당사항 없음";"해당사항 없음"
92;"06";"전북";"아우디";"The new Q5";"중형SUV";"디젤";5273;167.14;40.05;100.0;55.7;"해당사항 없음";"해당사항 없음"
91;"06";"전북";"아우디";"The new Q5";"중형SUV";"가솔린";5273;168.3;39.51;100.0;55.7;"해당사항 없음";"해당사항 없음"
92;"05";"충남";"아우디";"The new Q5";"중형SUV";"디젤";5273;167.48;39.93;100.0;55.7;"해당사항 없음";"해당사항 없음"
91;"05";"충남";"아우디";"The new Q5";"중형SUV";"가솔린";5273;168.73;39.24;100.0;55.7;"해당사항 없음";"해당사항 없음"
92;"04";"충북";"아우디";"The new Q5";"중형SUV";"디젤";5273;167.53;39.91;100.0;55.7;"해당사항 없음";"해당사항 없음"
91;"04";"충북";"아우디";"The new Q5";"중형SUV";"가솔린";5273;168.83;39.18;100.0;55.7;"해당사항 없음";"해당사항 없음"
92;"08";"경북";"아우디";"The new Q5";"중형SUV";"디젤";5273;166.4;40.46;100.0;55.7;"해당사항 없음";"해당사항 없음"
91;"08";"경북";"아우디";"The new Q5";"중형SUV";"가솔린";5273;167.67;39.87;100.0;55.7;"해당사항 없음";"해당사항 없음"
92;"09";"경남";"아우디";"The new Q5";"중형SUV";"디젤";5273;166.25;40.64;100.0;55.7;"해당사항 없음";"해당사항 없음"
91;"09";"경남";"아우디";"The new Q5";"중형SUV";"가솔린";5273;167.69;39.81;100.0;55.7;"해당사항 없음";"해당사항 없음"
92;"20";"전남광주";"아우디";"The new Q5";"중형SUV";"디젤";5273;167.46;39.95;100.0;55.7;"해당사항 없음";"해당사항 없음"
91;"20";"전남광주";"아우디";"The new Q5";"중형SUV";"가솔린";5273;168.53;39.43;100.0;55.7;"해당사항 없음";"해당사항 없음"
148;"20";"전남광주";"제네시스";"Electrified GV70";"중형SUV";"전기(배터리)";7580;77.78;86.01;21.79;55.05;"충전기당 전기차 수 : 1.65";"2300"
166;"11";"제주";"렉서스";"UX";"중형SUV";"하이브리드";5283;114.46;73.02;100.0;55.03;"해당사항 없음";"해당사항 없음"
167;"19";"세종";"렉서스";"UX";"중형SUV";"전기(배터리)";5283;74.47;88.04;95.0;55.03;"충전기당 전기차 수 : 0.88";"현재 지자체의 예산이 소진되어 지원금을 받을 수 없습니다"
167;"01";"서울";"렉서스";"UX";"중형SUV";"전기(배터리)";5283;74.47;88.04;78.11;55.03;"충전기당 전기차 수 : 1.13";"현재 지자체의 예산이 소진되어 지원금을 받을 수 없습니다"
167;"14";"대구";"렉서스";"UX";"중형SUV";"전기(배터리)";5283;74.47;88.04;66.84;55.03;"충전기당 전기차 수 : 1.42";"현재 지자체의 예산이 소진되어 지원금을 받을 수 없습니다"
167;"10";"부산";"렉서스";"UX";"중형SUV";"전기(배터리)";5283;74.47;88.04;61.21;55.03;"충전기당 전기차 수 : 1.42";"현재 지자체의 예산이 소진되어 지원금을 받을 수 없습니다"
167;"15";"인천";"렉서스";"UX";"중형SUV";"전기(배터리)";5283;74.47;88.04;16.16;55.03;"충전기당 전기차 수 : 1.75";"현재 지자체의 예산이 소진되어 지원금을 받을 수 없습니다"
167;"11";"제주";"렉서스";"UX";"중형SUV";"전기(배터리)";5283;74.47;88.04;10.53;55.03;"충전기당 전기차 수 : 5.83";"현재 지자체의 예산이 소진되어 지원금을 받을 수 없습니다"
166;"17";"대전";"렉서스";"UX";"중형SUV";"하이브리드";5283;111.31;73.61;100.0;55.03;"해당사항 없음";"해당사항 없음"
166;"06";"전북";"렉서스";"UX";"중형SUV";"하이브리드";5283;112.71;73.34;100.0;55.03;"해당사항 없음";"해당사항 없음"
166;"05";"충남";"렉서스";"UX";"중형SUV";"하이브리드";5283;113.0;73.28;100.0;55.03;"해당사항 없음";"해당사항 없음"
166;"04";"충북";"렉서스";"UX";"중형SUV";"하이브리드";5283;113.07;73.24;100.0;55.03;"해당사항 없음";"해당사항 없음"
166;"08";"경북";"렉서스";"UX";"중형SUV";"하이브리드";5283;112.29;73.47;100.0;55.03;"해당사항 없음";"해당사항 없음"
166;"09";"경남";"렉서스";"UX";"중형SUV";"하이브리드";5283;112.3;73.45;100.0;55.03;"해당사항 없음";"해당사항 없음"
166;"20";"전남광주";"렉서스";"UX";"중형SUV";"하이브리드";5283;112.87;73.32;100.0;55.03;"해당사항 없음";"해당사항 없음"
166;"15";"인천";"렉서스";"UX";"중형SUV";"하이브리드";5283;111.86;73.53;100.0;55.03;"해당사항 없음";"해당사항 없음"
166;"19";"세종";"렉서스";"UX";"중형SUV";"하이브리드";5283;112.45;73.41;100.0;55.03;"해당사항 없음";"해당사항 없음"
166;"18";"울산";"렉서스";"UX";"중형SUV";"하이브리드";5283;111.37;73.57;100.0;55.03;"해당사항 없음";"해당사항 없음"
166;"02";"경기";"렉서스";"UX";"중형SUV";"하이브리드";5283;112.42;73.43;100.0;55.03;"해당사항 없음";"해당사항 없음"
166;"01";"서울";"렉서스";"UX";"중형SUV";"하이브리드";5283;115.41;72.82;100.0;55.03;"해당사항 없음";"해당사항 없음"
166;"03";"강원";"렉서스";"UX";"중형SUV";"하이브리드";5283;113.32;73.22;100.0;55.03;"해당사항 없음";"해당사항 없음"
166;"14";"대구";"렉서스";"UX";"중형SUV";"하이브리드";5283;110.94;73.67;100.0;55.03;"해당사항 없음";"해당사항 없음"
166;"10";"부산";"렉서스";"UX";"중형SUV";"하이브리드";5283;111.61;73.55;100.0;55.03;"해당사항 없음";"해당사항 없음"
124;"19";"세종";"벤츠";"Electric CLA";"준중형";"전기(배터리)";5290;71.43;90.79;95.0;54.58;"충전기당 전기차 수 : 0.88";"현재 지자체의 예산이 소진되어 지원금을 받을 수 없습니다"
124;"01";"서울";"벤츠";"Electric CLA";"준중형";"전기(배터리)";5290;71.43;90.79;78.11;54.58;"충전기당 전기차 수 : 1.13";"현재 지자체의 예산이 소진되어 지원금을 받을 수 없습니다"
124;"14";"대구";"벤츠";"Electric CLA";"준중형";"전기(배터리)";5290;71.43;90.79;66.84;54.58;"충전기당 전기차 수 : 1.42";"현재 지자체의 예산이 소진되어 지원금을 받을 수 없습니다"
124;"10";"부산";"벤츠";"Electric CLA";"준중형";"전기(배터리)";5290;71.43;90.79;61.21;54.58;"충전기당 전기차 수 : 1.42";"현재 지자체의 예산이 소진되어 지원금을 받을 수 없습니다"
124;"15";"인천";"벤츠";"Electric CLA";"준중형";"전기(배터리)";5290;71.43;90.79;16.16;54.58;"충전기당 전기차 수 : 1.75";"현재 지자체의 예산이 소진되어 지원금을 받을 수 없습니다"
124;"11";"제주";"벤츠";"Electric CLA";"준중형";"전기(배터리)";5290;71.43;90.79;10.53;54.58;"충전기당 전기차 수 : 5.83";"현재 지자체의 예산이 소진되어 지원금을 받을 수 없습니다"
219;"15";"인천";"아우디";"The new Q3";"중형SUV";"가솔린";5310;192.26;26.96;100.0;54.46;"해당사항 없음";"해당사항 없음"
219;"11";"제주";"아우디";"The new Q3";"중형SUV";"가솔린";5310;196.73;24.93;100.0;54.46;"해당사항 없음";"해당사항 없음"
219;"19";"세종";"아우디";"The new Q3";"중형SUV";"가솔린";5310;193.27;26.37;100.0;54.46;"해당사항 없음";"해당사항 없음"
219;"18";"울산";"아우디";"The new Q3";"중형SUV";"가솔린";5310;191.41;27.44;100.0;54.46;"해당사항 없음";"해당사항 없음"
219;"02";"경기";"아우디";"The new Q3";"중형SUV";"가솔린";5310;193.23;26.43;100.0;54.46;"해당사항 없음";"해당사항 없음"
219;"01";"서울";"아우디";"The new Q3";"중형SUV";"가솔린";5310;198.37;24.63;100.0;54.46;"해당사항 없음";"해당사항 없음"
219;"03";"강원";"아우디";"The new Q3";"중형SUV";"가솔린";5310;194.78;25.62;100.0;54.46;"해당사항 없음";"해당사항 없음"
219;"14";"대구";"아우디";"The new Q3";"중형SUV";"가솔린";5310;190.68;27.99;100.0;54.46;"해당사항 없음";"해당사항 없음"
219;"10";"부산";"아우디";"The new Q3";"중형SUV";"가솔린";5310;191.83;27.2;100.0;54.46;"해당사항 없음";"해당사항 없음"
219;"17";"대전";"아우디";"The new Q3";"중형SUV";"가솔린";5310;191.31;27.57;100.0;54.46;"해당사항 없음";"해당사항 없음"
219;"06";"전북";"아우디";"The new Q3";"중형SUV";"가솔린";5310;193.72;26.09;100.0;54.46;"해당사항 없음";"해당사항 없음"
219;"05";"충남";"아우디";"The new Q3";"중형SUV";"가솔린";5310;194.22;25.87;100.0;54.46;"해당사항 없음";"해당사항 없음"
219;"04";"충북";"아우디";"The new Q3";"중형SUV";"가솔린";5310;194.34;25.76;100.0;54.46;"해당사항 없음";"해당사항 없음"
219;"08";"경북";"아우디";"The new Q3";"중형SUV";"가솔린";5310;192.99;26.57;100.0;54.46;"해당사항 없음";"해당사항 없음"
219;"09";"경남";"아우디";"The new Q3";"중형SUV";"가솔린";5310;193.01;26.51;100.0;54.46;"해당사항 없음";"해당사항 없음"
219;"20";"전남광주";"아우디";"The new Q3";"중형SUV";"가솔린";5310;193.99;25.93;100.0;54.46;"해당사항 없음";"해당사항 없음"
44;"17";"대전";"제네시스";"GV70";"중형SUV";"가솔린";5318;198.55;24.53;100.0;54.14;"해당사항 없음";"해당사항 없음"
44;"06";"전북";"제네시스";"GV70";"중형SUV";"가솔린";5318;201.05;24.02;100.0;54.14;"해당사항 없음";"해당사항 없음"
44;"05";"충남";"제네시스";"GV70";"중형SUV";"가솔린";5318;201.57;23.94;100.0;54.14;"해당사항 없음";"해당사항 없음"
44;"04";"충북";"제네시스";"GV70";"중형SUV";"가솔린";5318;201.69;23.92;100.0;54.14;"해당사항 없음";"해당사항 없음"
44;"08";"경북";"제네시스";"GV70";"중형SUV";"가솔린";5318;200.29;24.27;100.0;54.14;"해당사항 없음";"해당사항 없음"
44;"09";"경남";"제네시스";"GV70";"중형SUV";"가솔린";5318;200.32;24.25;100.0;54.14;"해당사항 없음";"해당사항 없음"
44;"20";"전남광주";"제네시스";"GV70";"중형SUV";"가솔린";5318;201.33;23.96;100.0;54.14;"해당사항 없음";"해당사항 없음"
44;"15";"인천";"제네시스";"GV70";"중형SUV";"가솔린";5318;199.53;24.35;100.0;54.14;"해당사항 없음";"해당사항 없음"
44;"11";"제주";"제네시스";"GV70";"중형SUV";"가솔린";5318;204.17;23.52;100.0;54.14;"해당사항 없음";"해당사항 없음"
44;"19";"세종";"제네시스";"GV70";"중형SUV";"가솔린";5318;200.58;24.17;100.0;54.14;"해당사항 없음";"해당사항 없음"
44;"18";"울산";"제네시스";"GV70";"중형SUV";"가솔린";5318;198.65;24.49;100.0;54.14;"해당사항 없음";"해당사항 없음"
44;"02";"경기";"제네시스";"GV70";"중형SUV";"가솔린";5318;200.54;24.19;100.0;54.14;"해당사항 없음";"해당사항 없음"
44;"01";"서울";"제네시스";"GV70";"중형SUV";"가솔린";5318;205.87;23.26;100.0;54.14;"해당사항 없음";"해당사항 없음"
44;"03";"강원";"제네시스";"GV70";"중형SUV";"가솔린";5318;202.15;23.86;100.0;54.14;"해당사항 없음";"해당사항 없음"
44;"14";"대구";"제네시스";"GV70";"중형SUV";"가솔린";5318;197.89;24.69;100.0;54.14;"해당사항 없음";"해당사항 없음"
44;"10";"부산";"제네시스";"GV70";"중형SUV";"가솔린";5318;199.09;24.41;100.0;54.14;"해당사항 없음";"해당사항 없음"
128;"06";"전북";"렉서스";"All New ES Electric";"준대형";"전기(배터리)";7160;63.06;95.0;49.95;53.81;"충전기당 전기차 수 : 1.46";"1800"
148;"05";"충남";"제네시스";"Electrified GV70";"중형SUV";"전기(배터리)";7580;77.78;86.01;44.32;53.79;"충전기당 전기차 수 : 1.48";"2200"
148;"04";"충북";"제네시스";"Electrified GV70";"중형SUV";"전기(배터리)";7580;77.78;86.01;38.69;53.79;"충전기당 전기차 수 : 1.52";"2200"
120;"17";"대전";"볼보";"ES90";"준대형";"전기(배터리)";7294;78.65;85.35;55.58;53.75;"충전기당 전기차 수 : 1.45";"1900"
128;"18";"울산";"렉서스";"All New ES Electric";"준대형";"전기(배터리)";7160;63.06;95.0;89.37;53.73;"충전기당 전기차 수 : 0.96";"1700"
128;"02";"경기";"렉서스";"All New ES Electric";"준대형";"전기(배터리)";7160;63.06;95.0;83.74;53.73;"충전기당 전기차 수 : 1.01";"1700"
148;"08";"경북";"제네시스";"Electrified GV70";"중형SUV";"전기(배터리)";7580;77.78;86.01;33.06;53.69;"충전기당 전기차 수 : 1.58";"2100"
148;"09";"경남";"제네시스";"Electrified GV70";"중형SUV";"전기(배터리)";7580;77.78;86.01;27.43;53.69;"충전기당 전기차 수 : 1.64";"2100"
203;"11";"제주";"혼다";"CR-V";"중형SUV";"가솔린";5490;138.87;60.76;100.0;53.65;"해당사항 없음";"해당사항 없음"
204;"11";"제주";"혼다";"CR-V";"중형SUV";"하이브리드";5490;138.87;60.76;100.0;53.65;"해당사항 없음";"해당사항 없음"
203;"06";"전북";"혼다";"CR-V";"중형SUV";"가솔린";5490;136.74;62.19;100.0;53.65;"해당사항 없음";"해당사항 없음"
204;"06";"전북";"혼다";"CR-V";"중형SUV";"하이브리드";5490;136.74;62.19;100.0;53.65;"해당사항 없음";"해당사항 없음"
203;"05";"충남";"혼다";"CR-V";"중형SUV";"가솔린";5490;137.1;62.01;100.0;53.65;"해당사항 없음";"해당사항 없음"
204;"05";"충남";"혼다";"CR-V";"중형SUV";"하이브리드";5490;137.1;62.01;100.0;53.65;"해당사항 없음";"해당사항 없음"
203;"04";"충북";"혼다";"CR-V";"중형SUV";"가솔린";5490;137.18;61.93;100.0;53.65;"해당사항 없음";"해당사항 없음"
204;"04";"충북";"혼다";"CR-V";"중형SUV";"하이브리드";5490;137.18;61.93;100.0;53.65;"해당사항 없음";"해당사항 없음"
203;"08";"경북";"혼다";"CR-V";"중형SUV";"가솔린";5490;136.23;62.66;100.0;53.65;"해당사항 없음";"해당사항 없음"
204;"08";"경북";"혼다";"CR-V";"중형SUV";"하이브리드";5490;136.23;62.66;100.0;53.65;"해당사항 없음";"해당사항 없음"
203;"09";"경남";"혼다";"CR-V";"중형SUV";"가솔린";5490;136.25;62.62;100.0;53.65;"해당사항 없음";"해당사항 없음"
204;"09";"경남";"혼다";"CR-V";"중형SUV";"하이브리드";5490;136.25;62.62;100.0;53.65;"해당사항 없음";"해당사항 없음"
203;"20";"전남광주";"혼다";"CR-V";"중형SUV";"가솔린";5490;136.93;62.09;100.0;53.65;"해당사항 없음";"해당사항 없음"
204;"20";"전남광주";"혼다";"CR-V";"중형SUV";"하이브리드";5490;136.93;62.09;100.0;53.65;"해당사항 없음";"해당사항 없음"
203;"15";"인천";"혼다";"CR-V";"중형SUV";"가솔린";5490;135.71;63.17;100.0;53.65;"해당사항 없음";"해당사항 없음"
204;"15";"인천";"혼다";"CR-V";"중형SUV";"하이브리드";5490;135.71;63.17;100.0;53.65;"해당사항 없음";"해당사항 없음"
203;"19";"세종";"혼다";"CR-V";"중형SUV";"가솔린";5490;136.43;62.42;100.0;53.65;"해당사항 없음";"해당사항 없음"
204;"19";"세종";"혼다";"CR-V";"중형SUV";"하이브리드";5490;136.43;62.42;100.0;53.65;"해당사항 없음";"해당사항 없음"
203;"18";"울산";"혼다";"CR-V";"중형SUV";"가솔린";5490;135.11;63.69;100.0;53.65;"해당사항 없음";"해당사항 없음"
204;"18";"울산";"혼다";"CR-V";"중형SUV";"하이브리드";5490;135.11;63.69;100.0;53.65;"해당사항 없음";"해당사항 없음"
203;"02";"경기";"혼다";"CR-V";"중형SUV";"가솔린";5490;136.4;62.58;100.0;53.65;"해당사항 없음";"해당사항 없음"
204;"02";"경기";"혼다";"CR-V";"중형SUV";"하이브리드";5490;136.4;62.58;100.0;53.65;"해당사항 없음";"해당사항 없음"
203;"01";"서울";"혼다";"CR-V";"중형SUV";"가솔린";5490;140.02;60.41;100.0;53.65;"해당사항 없음";"해당사항 없음"
204;"01";"서울";"혼다";"CR-V";"중형SUV";"하이브리드";5490;140.02;60.41;100.0;53.65;"해당사항 없음";"해당사항 없음"
203;"03";"강원";"혼다";"CR-V";"중형SUV";"가솔린";5490;137.49;61.55;100.0;53.65;"해당사항 없음";"해당사항 없음"
204;"03";"강원";"혼다";"CR-V";"중형SUV";"하이브리드";5490;137.49;61.55;100.0;53.65;"해당사항 없음";"해당사항 없음"
203;"14";"대구";"혼다";"CR-V";"중형SUV";"가솔린";5490;134.6;64.04;100.0;53.65;"해당사항 없음";"해당사항 없음"
204;"14";"대구";"혼다";"CR-V";"중형SUV";"하이브리드";5490;134.6;64.04;100.0;53.65;"해당사항 없음";"해당사항 없음"
203;"10";"부산";"혼다";"CR-V";"중형SUV";"가솔린";5490;135.41;63.41;100.0;53.65;"해당사항 없음";"해당사항 없음"
204;"10";"부산";"혼다";"CR-V";"중형SUV";"하이브리드";5490;135.41;63.41;100.0;53.65;"해당사항 없음";"해당사항 없음"
203;"17";"대전";"혼다";"CR-V";"중형SUV";"가솔린";5490;135.04;63.81;100.0;53.65;"해당사항 없음";"해당사항 없음"
204;"17";"대전";"혼다";"CR-V";"중형SUV";"하이브리드";5490;135.04;63.81;100.0;53.65;"해당사항 없음";"해당사항 없음"
120;"06";"전북";"볼보";"ES90";"준대형";"전기(배터리)";7294;78.65;85.35;49.95;53.01;"충전기당 전기차 수 : 1.46";"1800"
148;"03";"강원";"제네시스";"Electrified GV70";"중형SUV";"전기(배터리)";7580;77.78;86.01;72.48;52.99;"충전기당 전기차 수 : 1.22";"2040"
223;"20";"전남광주";"현대";"아이오닉 5 N";"중형SUV";"전기(배터리)";7879;94.59;77.51;21.79;52.96;"충전기당 전기차 수 : 1.65";"2300"
226;"11";"제주";"혼다";"Accord";"중형";"가솔린";5590;127.61;67.62;100.0;52.94;"해당사항 없음";"해당사항 없음"
227;"11";"제주";"혼다";"Accord";"중형";"하이브리드";5590;127.61;67.62;100.0;52.94;"해당사항 없음";"해당사항 없음"
226;"19";"세종";"혼다";"Accord";"중형";"가솔린";5590;125.37;68.51;100.0;52.94;"해당사항 없음";"해당사항 없음"
227;"19";"세종";"혼다";"Accord";"중형";"하이브리드";5590;125.37;68.51;100.0;52.94;"해당사항 없음";"해당사항 없음"
226;"18";"울산";"혼다";"Accord";"중형";"가솔린";5590;124.16;69.12;100.0;52.94;"해당사항 없음";"해당사항 없음"
227;"18";"울산";"혼다";"Accord";"중형";"하이브리드";5590;124.16;69.12;100.0;52.94;"해당사항 없음";"해당사항 없음"
226;"02";"경기";"혼다";"Accord";"중형";"가솔린";5590;125.34;68.59;100.0;52.94;"해당사항 없음";"해당사항 없음"
227;"02";"경기";"혼다";"Accord";"중형";"하이브리드";5590;125.34;68.59;100.0;52.94;"해당사항 없음";"해당사항 없음"
226;"01";"서울";"혼다";"Accord";"중형";"가솔린";5590;128.67;67.35;100.0;52.94;"해당사항 없음";"해당사항 없음"
227;"01";"서울";"혼다";"Accord";"중형";"하이브리드";5590;128.67;67.35;100.0;52.94;"해당사항 없음";"해당사항 없음"
226;"03";"강원";"혼다";"Accord";"중형";"가솔린";5590;126.34;68.08;100.0;52.94;"해당사항 없음";"해당사항 없음"
227;"03";"강원";"혼다";"Accord";"중형";"하이브리드";5590;126.34;68.08;100.0;52.94;"해당사항 없음";"해당사항 없음"
226;"14";"대구";"혼다";"Accord";"중형";"가솔린";5590;123.68;69.34;100.0;52.94;"해당사항 없음";"해당사항 없음"
227;"14";"대구";"혼다";"Accord";"중형";"하이브리드";5590;123.68;69.34;100.0;52.94;"해당사항 없음";"해당사항 없음"
226;"10";"부산";"혼다";"Accord";"중형";"가솔린";5590;124.43;69.03;100.0;52.94;"해당사항 없음";"해당사항 없음"
227;"10";"부산";"혼다";"Accord";"중형";"하이브리드";5590;124.43;69.03;100.0;52.94;"해당사항 없음";"해당사항 없음"
226;"17";"대전";"혼다";"Accord";"중형";"가솔린";5590;124.09;69.16;100.0;52.94;"해당사항 없음";"해당사항 없음"
227;"17";"대전";"혼다";"Accord";"중형";"하이브리드";5590;124.09;69.16;100.0;52.94;"해당사항 없음";"해당사항 없음"
226;"06";"전북";"혼다";"Accord";"중형";"가솔린";5590;125.66;68.41;100.0;52.94;"해당사항 없음";"해당사항 없음"
227;"06";"전북";"혼다";"Accord";"중형";"하이브리드";5590;125.66;68.41;100.0;52.94;"해당사항 없음";"해당사항 없음"
226;"05";"충남";"혼다";"Accord";"중형";"가솔린";5590;125.98;68.29;100.0;52.94;"해당사항 없음";"해당사항 없음"
227;"05";"충남";"혼다";"Accord";"중형";"하이브리드";5590;125.98;68.29;100.0;52.94;"해당사항 없음";"해당사항 없음"
226;"04";"충북";"혼다";"Accord";"중형";"가솔린";5590;126.06;68.2;100.0;52.94;"해당사항 없음";"해당사항 없음"
227;"04";"충북";"혼다";"Accord";"중형";"하이브리드";5590;126.06;68.2;100.0;52.94;"해당사항 없음";"해당사항 없음"
226;"08";"경북";"혼다";"Accord";"중형";"가솔린";5590;125.18;68.69;100.0;52.94;"해당사항 없음";"해당사항 없음"
227;"08";"경북";"혼다";"Accord";"중형";"하이브리드";5590;125.18;68.69;100.0;52.94;"해당사항 없음";"해당사항 없음"
226;"09";"경남";"혼다";"Accord";"중형";"가솔린";5590;125.2;68.65;100.0;52.94;"해당사항 없음";"해당사항 없음"
227;"09";"경남";"혼다";"Accord";"중형";"하이브리드";5590;125.2;68.65;100.0;52.94;"해당사항 없음";"해당사항 없음"
226;"20";"전남광주";"혼다";"Accord";"중형";"가솔린";5590;125.83;68.33;100.0;52.94;"해당사항 없음";"해당사항 없음"
227;"20";"전남광주";"혼다";"Accord";"중형";"하이브리드";5590;125.83;68.33;100.0;52.94;"해당사항 없음";"해당사항 없음"
226;"15";"인천";"혼다";"Accord";"중형";"가솔린";5590;124.71;68.95;100.0;52.94;"해당사항 없음";"해당사항 없음"
227;"15";"인천";"혼다";"Accord";"중형";"하이브리드";5590;124.71;68.95;100.0;52.94;"해당사항 없음";"해당사항 없음"
120;"18";"울산";"볼보";"ES90";"준대형";"전기(배터리)";7294;78.65;85.35;89.37;52.3;"충전기당 전기차 수 : 0.96";"1700"
120;"02";"경기";"볼보";"ES90";"준대형";"전기(배터리)";7294;78.65;85.35;83.74;52.3;"충전기당 전기차 수 : 1.01";"1700"
142;"15";"인천";"벤츠";"C-Class";"중형";"가솔린";5599;159.8;44.53;100.0;52.26;"해당사항 없음";"해당사항 없음"
142;"11";"제주";"벤츠";"C-Class";"중형";"가솔린";5599;163.52;42.26;100.0;52.26;"해당사항 없음";"해당사항 없음"
142;"06";"전북";"벤츠";"C-Class";"중형";"가솔린";5599;161.01;43.82;100.0;52.26;"해당사항 없음";"해당사항 없음"
142;"05";"충남";"벤츠";"C-Class";"중형";"가솔린";5599;161.43;43.49;100.0;52.26;"해당사항 없음";"해당사항 없음"
142;"04";"충북";"벤츠";"C-Class";"중형";"가솔린";5599;161.53;43.47;100.0;52.26;"해당사항 없음";"해당사항 없음"
142;"08";"경북";"벤츠";"C-Class";"중형";"가솔린";5599;160.41;44.1;100.0;52.26;"해당사항 없음";"해당사항 없음"
142;"09";"경남";"벤츠";"C-Class";"중형";"가솔린";5599;160.43;44.08;100.0;52.26;"해당사항 없음";"해당사항 없음"
142;"20";"전남광주";"벤츠";"C-Class";"중형";"가솔린";5599;161.24;43.66;100.0;52.26;"해당사항 없음";"해당사항 없음"
142;"19";"세종";"벤츠";"C-Class";"중형";"가솔린";5599;160.64;43.88;100.0;52.26;"해당사항 없음";"해당사항 없음"
142;"18";"울산";"벤츠";"C-Class";"중형";"가솔린";5599;159.09;44.85;100.0;52.26;"해당사항 없음";"해당사항 없음"
142;"02";"경기";"벤츠";"C-Class";"중형";"가솔린";5599;160.61;43.9;100.0;52.26;"해당사항 없음";"해당사항 없음"
142;"01";"서울";"벤츠";"C-Class";"중형";"가솔린";5599;164.88;41.57;100.0;52.26;"해당사항 없음";"해당사항 없음"
142;"03";"강원";"벤츠";"C-Class";"중형";"가솔린";5599;161.89;43.33;100.0;52.26;"해당사항 없음";"해당사항 없음"
142;"14";"대구";"벤츠";"C-Class";"중형";"가솔린";5599;158.49;45.21;100.0;52.26;"해당사항 없음";"해당사항 없음"
142;"10";"부산";"벤츠";"C-Class";"중형";"가솔린";5599;159.45;44.63;100.0;52.26;"해당사항 없음";"해당사항 없음"
142;"17";"대전";"벤츠";"C-Class";"중형";"가솔린";5599;159.01;44.95;100.0;52.26;"해당사항 없음";"해당사항 없음"
170;"19";"세종";"현대";"ST1";"소형트럭";"전기(배터리)";5655;98.59;76.54;95.0;51.93;"충전기당 전기차 수 : 0.88";"현재 지자체의 예산이 소진되어 지원금을 받을 수 없습니다"
170;"01";"서울";"현대";"ST1";"소형트럭";"전기(배터리)";5655;98.59;76.54;78.11;51.93;"충전기당 전기차 수 : 1.13";"현재 지자체의 예산이 소진되어 지원금을 받을 수 없습니다"
170;"03";"강원";"현대";"ST1";"소형트럭";"전기(배터리)";5655;98.59;76.54;72.48;51.93;"충전기당 전기차 수 : 1.22";"0"
170;"14";"대구";"현대";"ST1";"소형트럭";"전기(배터리)";5655;98.59;76.54;66.84;51.93;"충전기당 전기차 수 : 1.42";"현재 지자체의 예산이 소진되어 지원금을 받을 수 없습니다"
170;"10";"부산";"현대";"ST1";"소형트럭";"전기(배터리)";5655;98.59;76.54;61.21;51.93;"충전기당 전기차 수 : 1.42";"현재 지자체의 예산이 소진되어 지원금을 받을 수 없습니다"
170;"06";"전북";"현대";"ST1";"소형트럭";"전기(배터리)";5655;98.59;76.54;49.95;51.93;"충전기당 전기차 수 : 1.46";"0"
170;"04";"충북";"현대";"ST1";"소형트럭";"전기(배터리)";5655;98.59;76.54;38.69;51.93;"충전기당 전기차 수 : 1.52";"0"
170;"15";"인천";"현대";"ST1";"소형트럭";"전기(배터리)";5655;98.59;76.54;16.16;51.93;"충전기당 전기차 수 : 1.75";"현재 지자체의 예산이 소진되어 지원금을 받을 수 없습니다"
170;"11";"제주";"현대";"ST1";"소형트럭";"전기(배터리)";5655;98.59;76.54;10.53;51.93;"충전기당 전기차 수 : 5.83";"현재 지자체의 예산이 소진되어 지원금을 받을 수 없습니다"
223;"05";"충남";"현대";"아이오닉 5 N";"중형SUV";"전기(배터리)";7879;94.59;77.51;44.32;51.75;"충전기당 전기차 수 : 1.48";"2200"
223;"04";"충북";"현대";"아이오닉 5 N";"중형SUV";"전기(배터리)";7879;94.59;77.51;38.69;51.75;"충전기당 전기차 수 : 1.52";"2200"
148;"17";"대전";"제네시스";"Electrified GV70";"중형SUV";"전기(배터리)";7580;77.78;86.01;55.58;51.71;"충전기당 전기차 수 : 1.45";"1900"
100;"20";"전남광주";"BMW";"iX3";"중형SUV";"전기(배터리)";7990;72.92;89.8;21.79;51.69;"충전기당 전기차 수 : 1.65";"2300"
228;"20";"전남광주";"현대";"아이오닉 6 N";"중형";"전기(배터리)";7990;83.33;82.88;21.79;51.69;"충전기당 전기차 수 : 1.65";"2300"
196;"19";"세종";"미니";"Countryman Electric";"소형SUV";"전기(배터리)";5714;72.16;90.47;95.0;51.65;"충전기당 전기차 수 : 0.88";"현재 지자체의 예산이 소진되어 지원금을 받을 수 없습니다"
196;"01";"서울";"미니";"Countryman Electric";"소형SUV";"전기(배터리)";5714;72.16;90.47;78.11;51.65;"충전기당 전기차 수 : 1.13";"현재 지자체의 예산이 소진되어 지원금을 받을 수 없습니다"
196;"14";"대구";"미니";"Countryman Electric";"소형SUV";"전기(배터리)";5714;72.16;90.47;66.84;51.65;"충전기당 전기차 수 : 1.42";"현재 지자체의 예산이 소진되어 지원금을 받을 수 없습니다"
196;"10";"부산";"미니";"Countryman Electric";"소형SUV";"전기(배터리)";5714;72.16;90.47;61.21;51.65;"충전기당 전기차 수 : 1.42";"현재 지자체의 예산이 소진되어 지원금을 받을 수 없습니다"
196;"15";"인천";"미니";"Countryman Electric";"소형SUV";"전기(배터리)";5714;72.16;90.47;16.16;51.65;"충전기당 전기차 수 : 1.75";"현재 지자체의 예산이 소진되어 지원금을 받을 수 없습니다"
196;"11";"제주";"미니";"Countryman Electric";"소형SUV";"전기(배터리)";5714;72.16;90.47;10.53;51.65;"충전기당 전기차 수 : 5.83";"현재 지자체의 예산이 소진되어 지원금을 받을 수 없습니다"
223;"08";"경북";"현대";"아이오닉 5 N";"중형SUV";"전기(배터리)";7879;94.59;77.51;33.06;51.53;"충전기당 전기차 수 : 1.58";"2100"
223;"09";"경남";"현대";"아이오닉 5 N";"중형SUV";"전기(배터리)";7879;94.59;77.51;27.43;51.53;"충전기당 전기차 수 : 1.64";"2100"
148;"06";"전북";"제네시스";"Electrified GV70";"중형SUV";"전기(배터리)";7580;77.78;86.01;49.95;51.49;"충전기당 전기차 수 : 1.46";"1800"
100;"05";"충남";"BMW";"iX3";"중형SUV";"전기(배터리)";7990;72.92;89.8;44.32;51.47;"충전기당 전기차 수 : 1.48";"2200"
228;"05";"충남";"현대";"아이오닉 6 N";"중형";"전기(배터리)";7990;83.33;82.88;44.32;51.47;"충전기당 전기차 수 : 1.48";"2200"
100;"04";"충북";"BMW";"iX3";"중형SUV";"전기(배터리)";7990;72.92;89.8;38.69;51.47;"충전기당 전기차 수 : 1.52";"2200"
228;"04";"충북";"현대";"아이오닉 6 N";"중형";"전기(배터리)";7990;83.33;82.88;38.69;51.47;"충전기당 전기차 수 : 1.52";"2200"
72;"19";"세종";"현대";"스타리아 일렉트릭";"대형MPV";"전기(배터리)";5792;87.5;80.71;95.0;51.39;"충전기당 전기차 수 : 0.88";"현재 지자체의 예산이 소진되어 지원금을 받을 수 없습니다"
72;"01";"서울";"현대";"스타리아 일렉트릭";"대형MPV";"전기(배터리)";5792;87.5;80.71;78.11;51.39;"충전기당 전기차 수 : 1.13";"현재 지자체의 예산이 소진되어 지원금을 받을 수 없습니다"
72;"14";"대구";"현대";"스타리아 일렉트릭";"대형MPV";"전기(배터리)";5792;87.5;80.71;66.84;51.39;"충전기당 전기차 수 : 1.42";"현재 지자체의 예산이 소진되어 지원금을 받을 수 없습니다"
72;"10";"부산";"현대";"스타리아 일렉트릭";"대형MPV";"전기(배터리)";5792;87.5;80.71;61.21;51.39;"충전기당 전기차 수 : 1.42";"현재 지자체의 예산이 소진되어 지원금을 받을 수 없습니다"
72;"15";"인천";"현대";"스타리아 일렉트릭";"대형MPV";"전기(배터리)";5792;87.5;80.71;16.16;51.39;"충전기당 전기차 수 : 1.75";"현재 지자체의 예산이 소진되어 지원금을 받을 수 없습니다"
72;"11";"제주";"현대";"스타리아 일렉트릭";"대형MPV";"전기(배터리)";5792;87.5;80.71;10.53;51.39;"충전기당 전기차 수 : 5.83";"현재 지자체의 예산이 소진되어 지원금을 받을 수 없습니다"
206;"15";"인천";"포드";"Mustang";"스포츠카";"가솔린";5810;219.72;16.19;100.0;51.26;"해당사항 없음";"해당사항 없음"
206;"11";"제주";"포드";"Mustang";"스포츠카";"가솔린";5810;224.83;13.16;100.0;51.26;"해당사항 없음";"해당사항 없음"
206;"19";"세종";"포드";"Mustang";"스포츠카";"가솔린";5810;220.88;15.32;100.0;51.26;"해당사항 없음";"해당사항 없음"
206;"18";"울산";"포드";"Mustang";"스포츠카";"가솔린";5810;218.75;17.08;100.0;51.26;"해당사항 없음";"해당사항 없음"
206;"02";"경기";"포드";"Mustang";"스포츠카";"가솔린";5810;220.83;15.36;100.0;51.26;"해당사항 없음";"해당사항 없음"
206;"01";"서울";"포드";"Mustang";"스포츠카";"가솔린";5810;226.7;12.59;100.0;51.26;"해당사항 없음";"해당사항 없음"
206;"03";"강원";"포드";"Mustang";"스포츠카";"가솔린";5810;222.6;14.37;100.0;51.26;"해당사항 없음";"해당사항 없음"
206;"14";"대구";"포드";"Mustang";"스포츠카";"가솔린";5810;217.92;17.83;100.0;51.26;"해당사항 없음";"해당사항 없음"
206;"10";"부산";"포드";"Mustang";"스포츠카";"가솔린";5810;219.24;16.72;100.0;51.26;"해당사항 없음";"해당사항 없음"
206;"17";"대전";"포드";"Mustang";"스포츠카";"가솔린";5810;218.64;17.16;100.0;51.26;"해당사항 없음";"해당사항 없음"
206;"06";"전북";"포드";"Mustang";"스포츠카";"가솔린";5810;221.39;15.0;100.0;51.26;"해당사항 없음";"해당사항 없음"
206;"05";"충남";"포드";"Mustang";"스포츠카";"가솔린";5810;221.96;14.67;100.0;51.26;"해당사항 없음";"해당사항 없음"
206;"04";"충북";"포드";"Mustang";"스포츠카";"가솔린";5810;222.1;14.63;100.0;51.26;"해당사항 없음";"해당사항 없음"
206;"08";"경북";"포드";"Mustang";"스포츠카";"가솔린";5810;220.56;15.6;100.0;51.26;"해당사항 없음";"해당사항 없음"
206;"09";"경남";"포드";"Mustang";"스포츠카";"가솔린";5810;220.59;15.56;100.0;51.26;"해당사항 없음";"해당사항 없음"
206;"20";"전남광주";"포드";"Mustang";"스포츠카";"가솔린";5810;221.7;14.84;100.0;51.26;"해당사항 없음";"해당사항 없음"
223;"03";"강원";"현대";"아이오닉 5 N";"중형SUV";"전기(배터리)";7879;94.59;77.51;72.48;50.94;"충전기당 전기차 수 : 1.22";"2040"
148;"18";"울산";"제네시스";"Electrified GV70";"중형SUV";"전기(배터리)";7580;77.78;86.01;89.37;50.92;"충전기당 전기차 수 : 0.96";"1700"
148;"02";"경기";"제네시스";"Electrified GV70";"중형SUV";"전기(배터리)";7580;77.78;86.01;83.74;50.92;"충전기당 전기차 수 : 1.01";"1700"
75;"15";"인천";"아우디";"The new A6";"준대형";"디젤";5890;150.57;51.57;100.0;50.88;"해당사항 없음";"해당사항 없음"
74;"15";"인천";"아우디";"The new A6";"준대형";"가솔린";5890;151.91;49.4;100.0;50.88;"해당사항 없음";"해당사항 없음"
75;"11";"제주";"아우디";"The new A6";"준대형";"디젤";5890;153.9;48.07;100.0;50.88;"해당사항 없음";"해당사항 없음"
74;"11";"제주";"아우디";"The new A6";"준대형";"가솔린";5890;155.44;47.16;100.0;50.88;"해당사항 없음";"해당사항 없음"
100;"08";"경북";"BMW";"iX3";"중형SUV";"전기(배터리)";7990;72.92;89.8;33.06;50.88;"충전기당 전기차 수 : 1.58";"2100"
228;"08";"경북";"현대";"아이오닉 6 N";"중형";"전기(배터리)";7990;83.33;82.88;33.06;50.88;"충전기당 전기차 수 : 1.58";"2100"
100;"09";"경남";"BMW";"iX3";"중형SUV";"전기(배터리)";7990;72.92;89.8;27.43;50.88;"충전기당 전기차 수 : 1.64";"2100"
228;"09";"경남";"현대";"아이오닉 6 N";"중형";"전기(배터리)";7990;83.33;82.88;27.43;50.88;"충전기당 전기차 수 : 1.64";"2100"
75;"06";"전북";"아우디";"The new A6";"준대형";"디젤";5890;152.01;49.38;100.0;50.88;"해당사항 없음";"해당사항 없음"
74;"06";"전북";"아우디";"The new A6";"준대형";"가솔린";5890;153.06;48.47;100.0;50.88;"해당사항 없음";"해당사항 없음"
75;"05";"충남";"아우디";"The new A6";"준대형";"디젤";5890;152.32;48.92;100.0;50.88;"해당사항 없음";"해당사항 없음"
74;"05";"충남";"아우디";"The new A6";"준대형";"가솔린";5890;153.46;48.33;100.0;50.88;"해당사항 없음";"해당사항 없음"
75;"04";"충북";"아우디";"The new A6";"준대형";"디젤";5890;152.37;48.86;100.0;50.88;"해당사항 없음";"해당사항 없음"
74;"04";"충북";"아우디";"The new A6";"준대형";"가솔린";5890;153.55;48.19;100.0;50.88;"해당사항 없음";"해당사항 없음"
75;"08";"경북";"아우디";"The new A6";"준대형";"디젤";5890;151.33;50.19;100.0;50.88;"해당사항 없음";"해당사항 없음"
74;"08";"경북";"아우디";"The new A6";"준대형";"가솔린";5890;152.49;48.82;100.0;50.88;"해당사항 없음";"해당사항 없음"
75;"09";"경남";"아우디";"The new A6";"준대형";"디젤";5890;151.2;50.56;100.0;50.88;"해당사항 없음";"해당사항 없음"
74;"09";"경남";"아우디";"The new A6";"준대형";"가솔린";5890;152.51;48.8;100.0;50.88;"해당사항 없음";"해당사항 없음"
75;"20";"전남광주";"아우디";"The new A6";"준대형";"디젤";5890;152.3;49.02;100.0;50.88;"해당사항 없음";"해당사항 없음"
74;"20";"전남광주";"아우디";"The new A6";"준대형";"가솔린";5890;153.27;48.41;100.0;50.88;"해당사항 없음";"해당사항 없음"
75;"19";"세종";"아우디";"The new A6";"준대형";"디젤";5890;151.56;49.87;100.0;50.88;"해당사항 없음";"해당사항 없음"
74;"19";"세종";"아우디";"The new A6";"준대형";"가솔린";5890;152.71;48.67;100.0;50.88;"해당사항 없음";"해당사항 없음"
75;"18";"울산";"아우디";"The new A6";"준대형";"디젤";5890;150.33;51.87;100.0;50.88;"해당사항 없음";"해당사항 없음"
74;"18";"울산";"아우디";"The new A6";"준대형";"가솔린";5890;151.24;50.37;100.0;50.88;"해당사항 없음";"해당사항 없음"
75;"02";"경기";"아우디";"The new A6";"준대형";"디젤";5890;151.3;50.21;100.0;50.88;"해당사항 없음";"해당사항 없음"
74;"02";"경기";"아우디";"The new A6";"준대형";"가솔린";5890;152.67;48.69;100.0;50.88;"해당사항 없음";"해당사항 없음"
75;"01";"서울";"아우디";"The new A6";"준대형";"디젤";5890;155.26;47.22;100.0;50.88;"해당사항 없음";"해당사항 없음"
74;"01";"서울";"아우디";"The new A6";"준대형";"가솔린";5890;156.73;46.14;100.0;50.88;"해당사항 없음";"해당사항 없음"
75;"03";"강원";"아우디";"The new A6";"준대형";"디젤";5890;153.1;48.45;100.0;50.88;"해당사항 없음";"해당사항 없음"
74;"03";"강원";"아우디";"The new A6";"준대형";"가솔린";5890;153.9;48.07;100.0;50.88;"해당사항 없음";"해당사항 없음"
75;"14";"대구";"아우디";"The new A6";"준대형";"디젤";5890;149.41;53.41;100.0;50.88;"해당사항 없음";"해당사항 없음"
74;"14";"대구";"아우디";"The new A6";"준대형";"가솔린";5890;150.66;51.22;100.0;50.88;"해당사항 없음";"해당사항 없음"
75;"10";"부산";"아우디";"The new A6";"준대형";"디젤";5890;150.16;52.14;100.0;50.88;"해당사항 없음";"해당사항 없음"
74;"10";"부산";"아우디";"The new A6";"준대형";"가솔린";5890;151.57;49.85;100.0;50.88;"해당사항 없음";"해당사항 없음"
75;"17";"대전";"아우디";"The new A6";"준대형";"디젤";5890;150.2;52.01;100.0;50.88;"해당사항 없음";"해당사항 없음"
74;"17";"대전";"아우디";"The new A6";"준대형";"가솔린";5890;151.16;50.58;100.0;50.88;"해당사항 없음";"해당사항 없음"
152;"19";"세종";"BMW";"iX1";"소형SUV";"전기(배터리)";5920;75.27;87.63;95.0;50.15;"충전기당 전기차 수 : 0.88";"현재 지자체의 예산이 소진되어 지원금을 받을 수 없습니다"
152;"01";"서울";"BMW";"iX1";"소형SUV";"전기(배터리)";5920;75.27;87.63;78.11;50.15;"충전기당 전기차 수 : 1.13";"현재 지자체의 예산이 소진되어 지원금을 받을 수 없습니다"
152;"14";"대구";"BMW";"iX1";"소형SUV";"전기(배터리)";5920;75.27;87.63;66.84;50.15;"충전기당 전기차 수 : 1.42";"현재 지자체의 예산이 소진되어 지원금을 받을 수 없습니다"
152;"10";"부산";"BMW";"iX1";"소형SUV";"전기(배터리)";5920;75.27;87.63;61.21;50.15;"충전기당 전기차 수 : 1.42";"현재 지자체의 예산이 소진되어 지원금을 받을 수 없습니다"
152;"15";"인천";"BMW";"iX1";"소형SUV";"전기(배터리)";5920;75.27;87.63;16.16;50.15;"충전기당 전기차 수 : 1.75";"현재 지자체의 예산이 소진되어 지원금을 받을 수 없습니다"
152;"11";"제주";"BMW";"iX1";"소형SUV";"전기(배터리)";5920;75.27;87.63;10.53;50.15;"충전기당 전기차 수 : 5.83";"현재 지자체의 예산이 소진되어 지원금을 받을 수 없습니다"
100;"03";"강원";"BMW";"iX3";"중형SUV";"전기(배터리)";7990;72.92;89.8;72.48;50.03;"충전기당 전기차 수 : 1.22";"2040"
228;"03";"강원";"현대";"아이오닉 6 N";"중형";"전기(배터리)";7990;83.33;82.88;72.48;50.03;"충전기당 전기차 수 : 1.22";"2040"
162;"11";"제주";"토요타";"Crown";"준대형";"하이브리드";5963;133.94;64.48;100.0;49.99;"해당사항 없음";"해당사항 없음"
162;"19";"세종";"토요타";"Crown";"준대형";"하이브리드";5963;131.59;65.72;100.0;49.99;"해당사항 없음";"해당사항 없음"
162;"18";"울산";"토요타";"Crown";"준대형";"하이브리드";5963;130.32;66.59;100.0;49.99;"해당사항 없음";"해당사항 없음"
162;"02";"경기";"토요타";"Crown";"준대형";"하이브리드";5963;131.56;65.76;100.0;49.99;"해당사항 없음";"해당사항 없음"
162;"01";"서울";"토요타";"Crown";"준대형";"하이브리드";5963;135.06;63.77;100.0;49.99;"해당사항 없음";"해당사항 없음"
162;"03";"강원";"토요타";"Crown";"준대형";"하이브리드";5963;132.61;65.03;100.0;49.99;"해당사항 없음";"해당사항 없음"
162;"14";"대구";"토요타";"Crown";"준대형";"하이브리드";5963;129.82;66.87;100.0;49.99;"해당사항 없음";"해당사항 없음"
162;"10";"부산";"토요타";"Crown";"준대형";"하이브리드";5963;130.61;66.44;100.0;49.99;"해당사항 없음";"해당사항 없음"
162;"17";"대전";"토요타";"Crown";"준대형";"하이브리드";5963;130.25;66.65;100.0;49.99;"해당사항 없음";"해당사항 없음"
162;"06";"전북";"토요타";"Crown";"준대형";"하이브리드";5963;131.89;65.51;100.0;49.99;"해당사항 없음";"해당사항 없음"
162;"05";"충남";"토요타";"Crown";"준대형";"하이브리드";5963;132.23;65.33;100.0;49.99;"해당사항 없음";"해당사항 없음"
162;"04";"충북";"토요타";"Crown";"준대형";"하이브리드";5963;132.31;65.23;100.0;49.99;"해당사항 없음";"해당사항 없음"
162;"08";"경북";"토요타";"Crown";"준대형";"하이브리드";5963;131.4;65.9;100.0;49.99;"해당사항 없음";"해당사항 없음"
162;"09";"경남";"토요타";"Crown";"준대형";"하이브리드";5963;131.41;65.86;100.0;49.99;"해당사항 없음";"해당사항 없음"
162;"20";"전남광주";"토요타";"Crown";"준대형";"하이브리드";5963;132.08;65.41;100.0;49.99;"해당사항 없음";"해당사항 없음"
162;"15";"인천";"토요타";"Crown";"준대형";"하이브리드";5963;130.9;66.22;100.0;49.99;"해당사항 없음";"해당사항 없음"
223;"17";"대전";"현대";"아이오닉 5 N";"중형SUV";"전기(배터리)";7879;94.59;77.51;55.58;49.67;"충전기당 전기차 수 : 1.45";"1900"
254;"11";"제주";"벤츠";"All New CLA-Class";"준중형";"가솔린";5990;116.58;72.76;100.0;49.65;"해당사항 없음";"해당사항 없음"
254;"17";"대전";"벤츠";"All New CLA-Class";"준중형";"가솔린";5990;113.37;73.2;100.0;49.65;"해당사항 없음";"해당사항 없음"
254;"06";"전북";"벤츠";"All New CLA-Class";"준중형";"가솔린";5990;114.8;72.92;100.0;49.65;"해당사항 없음";"해당사항 없음"
254;"05";"충남";"벤츠";"All New CLA-Class";"준중형";"가솔린";5990;115.09;72.86;100.0;49.65;"해당사항 없음";"해당사항 없음"
254;"04";"충북";"벤츠";"All New CLA-Class";"준중형";"가솔린";5990;115.16;72.84;100.0;49.65;"해당사항 없음";"해당사항 없음"
254;"08";"경북";"벤츠";"All New CLA-Class";"준중형";"가솔린";5990;114.37;73.06;100.0;49.65;"해당사항 없음";"해당사항 없음"
254;"09";"경남";"벤츠";"All New CLA-Class";"준중형";"가솔린";5990;114.38;73.04;100.0;49.65;"해당사항 없음";"해당사항 없음"
254;"20";"전남광주";"벤츠";"All New CLA-Class";"준중형";"가솔린";5990;114.96;72.88;100.0;49.65;"해당사항 없음";"해당사항 없음"
254;"15";"인천";"벤츠";"All New CLA-Class";"준중형";"가솔린";5990;113.93;73.1;100.0;49.65;"해당사항 없음";"해당사항 없음"
254;"19";"세종";"벤츠";"All New CLA-Class";"준중형";"가솔린";5990;114.53;72.96;100.0;49.65;"해당사항 없음";"해당사항 없음"
254;"18";"울산";"벤츠";"All New CLA-Class";"준중형";"가솔린";5990;113.43;73.18;100.0;49.65;"해당사항 없음";"해당사항 없음"
254;"02";"경기";"벤츠";"All New CLA-Class";"준중형";"가솔린";5990;114.51;73.0;100.0;49.65;"해당사항 없음";"해당사항 없음"
254;"01";"서울";"벤츠";"All New CLA-Class";"준중형";"가솔린";5990;117.55;72.39;100.0;49.65;"해당사항 없음";"해당사항 없음"
254;"03";"강원";"벤츠";"All New CLA-Class";"준중형";"가솔린";5990;115.42;72.8;100.0;49.65;"해당사항 없음";"해당사항 없음"
254;"14";"대구";"벤츠";"All New CLA-Class";"준중형";"가솔린";5990;112.99;73.3;100.0;49.65;"해당사항 없음";"해당사항 없음"
254;"10";"부산";"벤츠";"All New CLA-Class";"준중형";"가솔린";5990;113.68;73.14;100.0;49.65;"해당사항 없음";"해당사항 없음"
222;"19";"세종";"벤츠";"CLA-Class";"준중형";"가솔린";5999;175.04;36.41;100.0;49.32;"해당사항 없음";"해당사항 없음"
222;"18";"울산";"벤츠";"CLA-Class";"준중형";"가솔린";5999;173.35;37.32;100.0;49.32;"해당사항 없음";"해당사항 없음"
222;"02";"경기";"벤츠";"CLA-Class";"준중형";"가솔린";5999;175.0;36.47;100.0;49.32;"해당사항 없음";"해당사항 없음"
222;"01";"서울";"벤츠";"CLA-Class";"준중형";"가솔린";5999;179.65;32.69;100.0;49.32;"해당사항 없음";"해당사항 없음"
222;"03";"강원";"벤츠";"CLA-Class";"준중형";"가솔린";5999;176.4;35.52;100.0;49.32;"해당사항 없음";"해당사항 없음"
222;"14";"대구";"벤츠";"CLA-Class";"준중형";"가솔린";5999;172.69;37.6;100.0;49.32;"해당사항 없음";"해당사항 없음"
222;"10";"부산";"벤츠";"CLA-Class";"준중형";"가솔린";5999;173.74;37.18;100.0;49.32;"해당사항 없음";"해당사항 없음"
222;"15";"인천";"벤츠";"CLA-Class";"준중형";"가솔린";5999;174.12;36.98;100.0;49.32;"해당사항 없음";"해당사항 없음"
222;"11";"제주";"벤츠";"CLA-Class";"준중형";"가솔린";5999;178.17;33.94;100.0;49.32;"해당사항 없음";"해당사항 없음"
222;"17";"대전";"벤츠";"CLA-Class";"준중형";"가솔린";5999;173.26;37.38;100.0;49.32;"해당사항 없음";"해당사항 없음"
222;"06";"전북";"벤츠";"CLA-Class";"준중형";"가솔린";5999;175.44;36.21;100.0;49.32;"해당사항 없음";"해당사항 없음"
222;"05";"충남";"벤츠";"CLA-Class";"준중형";"가솔린";5999;175.9;35.82;100.0;49.32;"해당사항 없음";"해당사항 없음"
222;"04";"충북";"벤츠";"CLA-Class";"준중형";"가솔린";5999;176.0;35.74;100.0;49.32;"해당사항 없음";"해당사항 없음"
222;"08";"경북";"벤츠";"CLA-Class";"준중형";"가솔린";5999;174.78;36.63;100.0;49.32;"해당사항 없음";"해당사항 없음"
222;"09";"경남";"벤츠";"CLA-Class";"준중형";"가솔린";5999;174.81;36.59;100.0;49.32;"해당사항 없음";"해당사항 없음"
222;"20";"전남광주";"벤츠";"CLA-Class";"준중형";"가솔린";5999;175.69;36.01;100.0;49.32;"해당사항 없음";"해당사항 없음"
221;"19";"세종";"벤츠";"EQA";"소형SUV";"전기(배터리)";6020;70.0;91.11;95.0;49.0;"충전기당 전기차 수 : 0.88";"현재 지자체의 예산이 소진되어 지원금을 받을 수 없습니다"
221;"01";"서울";"벤츠";"EQA";"소형SUV";"전기(배터리)";6020;70.0;91.11;78.11;49.0;"충전기당 전기차 수 : 1.13";"현재 지자체의 예산이 소진되어 지원금을 받을 수 없습니다"
221;"14";"대구";"벤츠";"EQA";"소형SUV";"전기(배터리)";6020;70.0;91.11;66.84;49.0;"충전기당 전기차 수 : 1.42";"현재 지자체의 예산이 소진되어 지원금을 받을 수 없습니다"
221;"10";"부산";"벤츠";"EQA";"소형SUV";"전기(배터리)";6020;70.0;91.11;61.21;49.0;"충전기당 전기차 수 : 1.42";"현재 지자체의 예산이 소진되어 지원금을 받을 수 없습니다"
221;"15";"인천";"벤츠";"EQA";"소형SUV";"전기(배터리)";6020;70.0;91.11;16.16;49.0;"충전기당 전기차 수 : 1.75";"현재 지자체의 예산이 소진되어 지원금을 받을 수 없습니다"
221;"11";"제주";"벤츠";"EQA";"소형SUV";"전기(배터리)";6020;70.0;91.11;10.53;49.0;"충전기당 전기차 수 : 5.83";"현재 지자체의 예산이 소진되어 지원금을 받을 수 없습니다"
149;"15";"인천";"기아";"K9";"대형";"가솔린";6034;215.87;19.17;100.0;48.88;"해당사항 없음";"해당사항 없음"
149;"11";"제주";"기아";"K9";"대형";"가솔린";6034;220.89;15.28;100.0;48.88;"해당사항 없음";"해당사항 없음"
149;"19";"세종";"기아";"K9";"대형";"가솔린";6034;217.01;18.42;100.0;48.88;"해당사항 없음";"해당사항 없음"
149;"18";"울산";"기아";"K9";"대형";"가솔린";6034;214.92;19.75;100.0;48.88;"해당사항 없음";"해당사항 없음"
149;"02";"경기";"기아";"K9";"대형";"가솔린";6034;216.96;18.44;100.0;48.88;"해당사항 없음";"해당사항 없음"
149;"01";"서울";"기아";"K9";"대형";"가솔린";6034;222.73;14.31;100.0;48.88;"해당사항 없음";"해당사항 없음"
149;"03";"강원";"기아";"K9";"대형";"가솔린";6034;218.7;17.12;100.0;48.88;"해당사항 없음";"해당사항 없음"
149;"14";"대구";"기아";"K9";"대형";"가솔린";6034;214.09;20.18;100.0;48.88;"해당사항 없음";"해당사항 없음"
149;"10";"부산";"기아";"K9";"대형";"가솔린";6034;215.39;19.49;100.0;48.88;"해당사항 없음";"해당사항 없음"
149;"17";"대전";"기아";"K9";"대형";"가솔린";6034;214.8;19.83;100.0;48.88;"해당사항 없음";"해당사항 없음"
149;"06";"전북";"기아";"K9";"대형";"가솔린";6034;217.51;18.07;100.0;48.88;"해당사항 없음";"해당사항 없음"
149;"05";"충남";"기아";"K9";"대형";"가솔린";6034;218.07;17.53;100.0;48.88;"해당사항 없음";"해당사항 없음"
149;"04";"충북";"기아";"K9";"대형";"가솔린";6034;218.2;17.51;100.0;48.88;"해당사항 없음";"해당사항 없음"
149;"08";"경북";"기아";"K9";"대형";"가솔린";6034;216.69;18.52;100.0;48.88;"해당사항 없음";"해당사항 없음"
149;"09";"경남";"기아";"K9";"대형";"가솔린";6034;216.72;18.5;100.0;48.88;"해당사항 없음";"해당사항 없음"
149;"20";"전남광주";"기아";"K9";"대형";"가솔린";6034;217.81;17.85;100.0;48.88;"해당사항 없음";"해당사항 없음"
45;"17";"대전";"제네시스";"G80";"준대형";"가솔린";6063;195.38;25.28;100.0;48.55;"해당사항 없음";"해당사항 없음"
45;"06";"전북";"제네시스";"G80";"준대형";"가솔린";6063;197.84;24.71;100.0;48.55;"해당사항 없음";"해당사항 없음"
45;"05";"충남";"제네시스";"G80";"준대형";"가솔린";6063;198.35;24.65;100.0;48.55;"해당사항 없음";"해당사항 없음"
45;"04";"충북";"제네시스";"G80";"준대형";"가솔린";6063;198.47;24.55;100.0;48.55;"해당사항 없음";"해당사항 없음"
45;"08";"경북";"제네시스";"G80";"준대형";"가솔린";6063;197.1;24.81;100.0;48.55;"해당사항 없음";"해당사항 없음"
45;"09";"경남";"제네시스";"G80";"준대형";"가솔린";6063;197.12;24.79;100.0;48.55;"해당사항 없음";"해당사항 없음"
45;"20";"전남광주";"제네시스";"G80";"준대형";"가솔린";6063;198.11;24.67;100.0;48.55;"해당사항 없음";"해당사항 없음"
45;"15";"인천";"제네시스";"G80";"준대형";"가솔린";6063;196.35;25.02;100.0;48.55;"해당사항 없음";"해당사항 없음"
45;"11";"제주";"제네시스";"G80";"준대형";"가솔린";6063;200.91;24.06;100.0;48.55;"해당사항 없음";"해당사항 없음"
45;"19";"세종";"제네시스";"G80";"준대형";"가솔린";6063;197.38;24.73;100.0;48.55;"해당사항 없음";"해당사항 없음"
45;"18";"울산";"제네시스";"G80";"준대형";"가솔린";6063;195.48;25.26;100.0;48.55;"해당사항 없음";"해당사항 없음"
45;"02";"경기";"제네시스";"G80";"준대형";"가솔린";6063;197.34;24.77;100.0;48.55;"해당사항 없음";"해당사항 없음"
45;"01";"서울";"제네시스";"G80";"준대형";"가솔린";6063;202.59;23.74;100.0;48.55;"해당사항 없음";"해당사항 없음"
45;"03";"강원";"제네시스";"G80";"준대형";"가솔린";6063;198.92;24.43;100.0;48.55;"해당사항 없음";"해당사항 없음"
45;"14";"대구";"제네시스";"G80";"준대형";"가솔린";6063;194.74;25.64;100.0;48.55;"해당사항 없음";"해당사항 없음"
45;"10";"부산";"제네시스";"G80";"준대형";"가솔린";6063;195.92;25.16;100.0;48.55;"해당사항 없음";"해당사항 없음"
199;"19";"세종";"BMW";"iX2";"소형SUV";"전기(배터리)";6070;69.31;91.44;95.0;48.23;"충전기당 전기차 수 : 0.88";"현재 지자체의 예산이 소진되어 지원금을 받을 수 없습니다"
199;"01";"서울";"BMW";"iX2";"소형SUV";"전기(배터리)";6070;69.31;91.44;78.11;48.23;"충전기당 전기차 수 : 1.13";"현재 지자체의 예산이 소진되어 지원금을 받을 수 없습니다"
199;"14";"대구";"BMW";"iX2";"소형SUV";"전기(배터리)";6070;69.31;91.44;66.84;48.23;"충전기당 전기차 수 : 1.42";"현재 지자체의 예산이 소진되어 지원금을 받을 수 없습니다"
199;"10";"부산";"BMW";"iX2";"소형SUV";"전기(배터리)";6070;69.31;91.44;61.21;48.23;"충전기당 전기차 수 : 1.42";"현재 지자체의 예산이 소진되어 지원금을 받을 수 없습니다"
199;"15";"인천";"BMW";"iX2";"소형SUV";"전기(배터리)";6070;69.31;91.44;16.16;48.23;"충전기당 전기차 수 : 1.75";"현재 지자체의 예산이 소진되어 지원금을 받을 수 없습니다"
199;"11";"제주";"BMW";"iX2";"소형SUV";"전기(배터리)";6070;69.31;91.44;10.53;48.23;"충전기당 전기차 수 : 5.83";"현재 지자체의 예산이 소진되어 지원금을 받을 수 없습니다"
223;"06";"전북";"현대";"아이오닉 5 N";"중형SUV";"전기(배터리)";7879;94.59;77.51;49.95;48.11;"충전기당 전기차 수 : 1.46";"1800"
259;"15";"인천";"벤츠";"GLA-Class";"소형SUV";"가솔린";6090;170.11;38.64;100.0;48.09;"해당사항 없음";"해당사항 없음"
259;"11";"제주";"벤츠";"GLA-Class";"소형SUV";"가솔린";6090;174.06;37.02;100.0;48.09;"해당사항 없음";"해당사항 없음"
100;"17";"대전";"BMW";"iX3";"중형SUV";"전기(배터리)";7990;72.92;89.8;55.58;48.09;"충전기당 전기차 수 : 1.45";"1900"
228;"17";"대전";"현대";"아이오닉 6 N";"중형";"전기(배터리)";7990;83.33;82.88;55.58;48.09;"충전기당 전기차 수 : 1.45";"1900"
259;"17";"대전";"벤츠";"GLA-Class";"소형SUV";"가솔린";6090;169.27;38.96;100.0;48.09;"해당사항 없음";"해당사항 없음"
259;"06";"전북";"벤츠";"GLA-Class";"소형SUV";"가솔린";6090;171.4;38.19;100.0;48.09;"해당사항 없음";"해당사항 없음"
259;"05";"충남";"벤츠";"GLA-Class";"소형SUV";"가솔린";6090;171.84;37.95;100.0;48.09;"해당사항 없음";"해당사항 없음"
259;"04";"충북";"벤츠";"GLA-Class";"소형SUV";"가솔린";6090;171.95;37.91;100.0;48.09;"해당사항 없음";"해당사항 없음"
259;"08";"경북";"벤츠";"GLA-Class";"소형SUV";"가솔린";6090;170.76;38.47;100.0;48.09;"해당사항 없음";"해당사항 없음"
259;"09";"경남";"벤츠";"GLA-Class";"소형SUV";"가솔린";6090;170.78;38.45;100.0;48.09;"해당사항 없음";"해당사항 없음"
259;"20";"전남광주";"벤츠";"GLA-Class";"소형SUV";"가솔린";6090;171.64;38.09;100.0;48.09;"해당사항 없음";"해당사항 없음"
259;"19";"세종";"벤츠";"GLA-Class";"소형SUV";"가솔린";6090;171.01;38.31;100.0;48.09;"해당사항 없음";"해당사항 없음"
259;"18";"울산";"벤츠";"GLA-Class";"소형SUV";"가솔린";6090;169.36;38.9;100.0;48.09;"해당사항 없음";"해당사항 없음"
259;"02";"경기";"벤츠";"GLA-Class";"소형SUV";"가솔린";6090;170.97;38.33;100.0;48.09;"해당사항 없음";"해당사항 없음"
259;"01";"서울";"벤츠";"GLA-Class";"소형SUV";"가솔린";6090;175.51;36.13;100.0;48.09;"해당사항 없음";"해당사항 없음"
259;"03";"강원";"벤츠";"GLA-Class";"소형SUV";"가솔린";6090;172.34;37.81;100.0;48.09;"해당사항 없음";"해당사항 없음"
259;"14";"대구";"벤츠";"GLA-Class";"소형SUV";"가솔린";6090;168.71;39.26;100.0;48.09;"해당사항 없음";"해당사항 없음"
259;"10";"부산";"벤츠";"GLA-Class";"소형SUV";"가솔린";6090;169.73;38.8;100.0;48.09;"해당사항 없음";"해당사항 없음"
145;"19";"세종";"BMW";"4 Series";"중형";"가솔린";6140;159.26;44.71;100.0;47.72;"해당사항 없음";"해당사항 없음"
145;"18";"울산";"BMW";"4 Series";"중형";"가솔린";6140;157.73;45.58;100.0;47.72;"해당사항 없음";"해당사항 없음"
145;"02";"경기";"BMW";"4 Series";"중형";"가솔린";6140;159.23;44.79;100.0;47.72;"해당사항 없음";"해당사항 없음"
145;"01";"서울";"BMW";"4 Series";"중형";"가솔린";6140;163.46;42.3;100.0;47.72;"해당사항 없음";"해당사항 없음"
145;"03";"강원";"BMW";"4 Series";"중형";"가솔린";6140;160.5;44.0;100.0;47.72;"해당사항 없음";"해당사항 없음"
145;"14";"대구";"BMW";"4 Series";"중형";"가솔린";6140;157.13;45.88;100.0;47.72;"해당사항 없음";"해당사항 없음"
145;"10";"부산";"BMW";"4 Series";"중형";"가솔린";6140;158.08;45.4;100.0;47.72;"해당사항 없음";"해당사항 없음"
145;"17";"대전";"BMW";"4 Series";"중형";"가솔린";6140;157.64;45.64;100.0;47.72;"해당사항 없음";"해당사항 없음"
145;"15";"인천";"BMW";"4 Series";"중형";"가솔린";6140;158.43;45.25;100.0;47.72;"해당사항 없음";"해당사항 없음"
145;"11";"제주";"BMW";"4 Series";"중형";"가솔린";6140;162.11;43.17;100.0;47.72;"해당사항 없음";"해당사항 없음"
145;"06";"전북";"BMW";"4 Series";"중형";"가솔린";6140;159.63;44.59;100.0;47.72;"해당사항 없음";"해당사항 없음"
145;"05";"충남";"BMW";"4 Series";"중형";"가솔린";6140;160.04;44.32;100.0;47.72;"해당사항 없음";"해당사항 없음"
145;"04";"충북";"BMW";"4 Series";"중형";"가솔린";6140;160.14;44.2;100.0;47.72;"해당사항 없음";"해당사항 없음"
145;"08";"경북";"BMW";"4 Series";"중형";"가솔린";6140;159.03;44.93;100.0;47.72;"해당사항 없음";"해당사항 없음"
145;"09";"경남";"BMW";"4 Series";"중형";"가솔린";6140;159.05;44.89;100.0;47.72;"해당사항 없음";"해당사항 없음"
145;"20";"전남광주";"BMW";"4 Series";"중형";"가솔린";6140;159.85;44.46;100.0;47.72;"해당사항 없음";"해당사항 없음"
161;"20";"전남광주";"제네시스";"Electrified G80";"준대형";"전기(배터리)";8468;79.55;84.33;21.79;47.4;"충전기당 전기차 수 : 1.65";"2300"
223;"18";"울산";"현대";"아이오닉 5 N";"중형SUV";"전기(배터리)";7879;94.59;77.51;89.37;47.38;"충전기당 전기차 수 : 0.96";"1700"
223;"02";"경기";"현대";"아이오닉 5 N";"중형SUV";"전기(배터리)";7879;94.59;77.51;83.74;47.38;"충전기당 전기차 수 : 1.01";"1700"
100;"06";"전북";"BMW";"iX3";"중형SUV";"전기(배터리)";7990;72.92;89.8;49.95;47.34;"충전기당 전기차 수 : 1.46";"1800"
228;"06";"전북";"현대";"아이오닉 6 N";"중형";"전기(배터리)";7990;83.33;82.88;49.95;47.34;"충전기당 전기차 수 : 1.46";"1800"
127;"20";"전남광주";"BMW";"i5";"준대형";"전기(배터리)";8490;81.4;83.32;21.79;47.34;"충전기당 전기차 수 : 1.65";"2300"
63;"19";"세종";"기아";"EV9";"대형SUV";"전기(배터리)";6197;89.74;79.52;95.0;47.28;"충전기당 전기차 수 : 0.88";"현재 지자체의 예산이 소진되어 지원금을 받을 수 없습니다"
63;"01";"서울";"기아";"EV9";"대형SUV";"전기(배터리)";6197;89.74;79.52;78.11;47.28;"충전기당 전기차 수 : 1.13";"현재 지자체의 예산이 소진되어 지원금을 받을 수 없습니다"
63;"14";"대구";"기아";"EV9";"대형SUV";"전기(배터리)";6197;89.74;79.52;66.84;47.28;"충전기당 전기차 수 : 1.42";"현재 지자체의 예산이 소진되어 지원금을 받을 수 없습니다"
63;"10";"부산";"기아";"EV9";"대형SUV";"전기(배터리)";6197;89.74;79.52;61.21;47.28;"충전기당 전기차 수 : 1.42";"현재 지자체의 예산이 소진되어 지원금을 받을 수 없습니다"
63;"15";"인천";"기아";"EV9";"대형SUV";"전기(배터리)";6197;89.74;79.52;16.16;47.28;"충전기당 전기차 수 : 1.75";"현재 지자체의 예산이 소진되어 지원금을 받을 수 없습니다"
63;"11";"제주";"기아";"EV9";"대형SUV";"전기(배터리)";6197;89.74;79.52;10.53;47.28;"충전기당 전기차 수 : 5.83";"현재 지자체의 예산이 소진되어 지원금을 받을 수 없습니다"
48;"15";"인천";"벤츠";"E-Class";"준대형";"디젤";6200;148.73;54.79;100.0;47.16;"해당사항 없음";"해당사항 없음"
46;"15";"인천";"벤츠";"E-Class";"준대형";"가솔린";6200;150.05;52.3;100.0;47.16;"해당사항 없음";"해당사항 없음"
47;"15";"인천";"벤츠";"E-Class";"준대형";"하이브리드";6200;150.05;52.3;100.0;47.16;"해당사항 없음";"해당사항 없음"
48;"11";"제주";"벤츠";"E-Class";"준대형";"디젤";6200;152.02;49.36;100.0;47.16;"해당사항 없음";"해당사항 없음"
46;"11";"제주";"벤츠";"E-Class";"준대형";"가솔린";6200;153.54;48.31;100.0;47.16;"해당사항 없음";"해당사항 없음"
47;"11";"제주";"벤츠";"E-Class";"준대형";"하이브리드";6200;153.54;48.31;100.0;47.16;"해당사항 없음";"해당사항 없음"
48;"19";"세종";"벤츠";"E-Class";"준대형";"디젤";6200;149.71;52.96;100.0;47.16;"해당사항 없음";"해당사항 없음"
46;"19";"세종";"벤츠";"E-Class";"준대형";"가솔린";6200;150.85;50.92;100.0;47.16;"해당사항 없음";"해당사항 없음"
47;"19";"세종";"벤츠";"E-Class";"준대형";"하이브리드";6200;150.85;50.92;100.0;47.16;"해당사항 없음";"해당사항 없음"
48;"18";"울산";"벤츠";"E-Class";"준대형";"디젤";6200;148.49;54.93;100.0;47.16;"해당사항 없음";"해당사항 없음"
46;"18";"울산";"벤츠";"E-Class";"준대형";"가솔린";6200;149.39;53.53;100.0;47.16;"해당사항 없음";"해당사항 없음"
47;"18";"울산";"벤츠";"E-Class";"준대형";"하이브리드";6200;149.39;53.53;100.0;47.16;"해당사항 없음";"해당사항 없음"
48;"02";"경기";"벤츠";"E-Class";"준대형";"디젤";6200;149.45;53.29;100.0;47.16;"해당사항 없음";"해당사항 없음"
46;"02";"경기";"벤츠";"E-Class";"준대형";"가솔린";6200;150.81;51.04;100.0;47.16;"해당사항 없음";"해당사항 없음"
47;"02";"경기";"벤츠";"E-Class";"준대형";"하이브리드";6200;150.81;51.04;100.0;47.16;"해당사항 없음";"해당사항 없음"
48;"01";"서울";"벤츠";"E-Class";"준대형";"디젤";6200;153.37;48.37;100.0;47.16;"해당사항 없음";"해당사항 없음"
46;"01";"서울";"벤츠";"E-Class";"준대형";"가솔린";6200;154.82;47.54;100.0;47.16;"해당사항 없음";"해당사항 없음"
47;"01";"서울";"벤츠";"E-Class";"준대형";"하이브리드";6200;154.82;47.54;100.0;47.16;"해당사항 없음";"해당사항 없음"
48;"03";"강원";"벤츠";"E-Class";"준대형";"디젤";6200;151.23;50.41;100.0;47.16;"해당사항 없음";"해당사항 없음"
46;"03";"강원";"벤츠";"E-Class";"준대형";"가솔린";6200;152.02;49.36;100.0;47.16;"해당사항 없음";"해당사항 없음"
47;"03";"강원";"벤츠";"E-Class";"준대형";"하이브리드";6200;152.02;49.36;100.0;47.16;"해당사항 없음";"해당사항 없음"
48;"14";"대구";"벤츠";"E-Class";"준대형";"디젤";6200;147.59;56.0;100.0;47.16;"해당사항 없음";"해당사항 없음"
46;"14";"대구";"벤츠";"E-Class";"준대형";"가솔린";6200;148.82;54.54;100.0;47.16;"해당사항 없음";"해당사항 없음"
47;"14";"대구";"벤츠";"E-Class";"준대형";"하이브리드";6200;148.82;54.54;100.0;47.16;"해당사항 없음";"해당사항 없음"
48;"10";"부산";"벤츠";"E-Class";"준대형";"디젤";6200;148.33;55.13;100.0;47.16;"해당사항 없음";"해당사항 없음"
46;"10";"부산";"벤츠";"E-Class";"준대형";"가솔린";6200;149.72;52.92;100.0;47.16;"해당사항 없음";"해당사항 없음"
47;"10";"부산";"벤츠";"E-Class";"준대형";"하이브리드";6200;149.72;52.92;100.0;47.16;"해당사항 없음";"해당사항 없음"
48;"17";"대전";"벤츠";"E-Class";"준대형";"디젤";6200;148.37;55.09;100.0;47.16;"해당사항 없음";"해당사항 없음"
46;"17";"대전";"벤츠";"E-Class";"준대형";"가솔린";6200;149.31;53.81;100.0;47.16;"해당사항 없음";"해당사항 없음"
47;"17";"대전";"벤츠";"E-Class";"준대형";"하이브리드";6200;149.31;53.81;100.0;47.16;"해당사항 없음";"해당사항 없음"
48;"06";"전북";"벤츠";"E-Class";"준대형";"디젤";6200;150.15;52.18;100.0;47.16;"해당사항 없음";"해당사항 없음"
46;"06";"전북";"벤츠";"E-Class";"준대형";"가솔린";6200;151.2;50.56;100.0;47.16;"해당사항 없음";"해당사항 없음"
47;"06";"전북";"벤츠";"E-Class";"준대형";"하이브리드";6200;151.2;50.56;100.0;47.16;"해당사항 없음";"해당사항 없음"
48;"05";"충남";"벤츠";"E-Class";"준대형";"디젤";6200;150.46;51.71;100.0;47.16;"해당사항 없음";"해당사항 없음"
46;"05";"충남";"벤츠";"E-Class";"준대형";"가솔린";6200;151.59;49.83;100.0;47.16;"해당사항 없음";"해당사항 없음"
47;"05";"충남";"벤츠";"E-Class";"준대형";"하이브리드";6200;151.59;49.83;100.0;47.16;"해당사항 없음";"해당사항 없음"
48;"04";"충북";"벤츠";"E-Class";"준대형";"디젤";6200;150.51;51.67;100.0;47.16;"해당사항 없음";"해당사항 없음"
46;"04";"충북";"벤츠";"E-Class";"준대형";"가솔린";6200;151.68;49.71;100.0;47.16;"해당사항 없음";"해당사항 없음"
47;"04";"충북";"벤츠";"E-Class";"준대형";"하이브리드";6200;151.68;49.71;100.0;47.16;"해당사항 없음";"해당사항 없음"
48;"08";"경북";"벤츠";"E-Class";"준대형";"디젤";6200;149.49;53.19;100.0;47.16;"해당사항 없음";"해당사항 없음"
46;"08";"경북";"벤츠";"E-Class";"준대형";"가솔린";6200;150.63;51.47;100.0;47.16;"해당사항 없음";"해당사항 없음"
47;"08";"경북";"벤츠";"E-Class";"준대형";"하이브리드";6200;150.63;51.47;100.0;47.16;"해당사항 없음";"해당사항 없음"
48;"09";"경남";"벤츠";"E-Class";"준대형";"디젤";6200;149.36;53.69;100.0;47.16;"해당사항 없음";"해당사항 없음"
46;"09";"경남";"벤츠";"E-Class";"준대형";"가솔린";6200;150.65;51.35;100.0;47.16;"해당사항 없음";"해당사항 없음"
47;"09";"경남";"벤츠";"E-Class";"준대형";"하이브리드";6200;150.65;51.35;100.0;47.16;"해당사항 없음";"해당사항 없음"
48;"20";"전남광주";"벤츠";"E-Class";"준대형";"디젤";6200;150.44;51.77;100.0;47.16;"해당사항 없음";"해당사항 없음"
46;"20";"전남광주";"벤츠";"E-Class";"준대형";"가솔린";6200;151.4;50.17;100.0;47.16;"해당사항 없음";"해당사항 없음"
47;"20";"전남광주";"벤츠";"E-Class";"준대형";"하이브리드";6200;151.4;50.17;100.0;47.16;"해당사항 없음";"해당사항 없음"
161;"05";"충남";"제네시스";"Electrified G80";"준대형";"전기(배터리)";8468;79.55;84.33;44.32;46.19;"충전기당 전기차 수 : 1.48";"2200"
161;"04";"충북";"제네시스";"Electrified G80";"준대형";"전기(배터리)";8468;79.55;84.33;38.69;46.19;"충전기당 전기차 수 : 1.52";"2200"
251;"15";"인천";"BMW";"X2";"소형SUV";"가솔린";6270;176.62;35.3;100.0;46.14;"해당사항 없음";"해당사항 없음"
251;"11";"제주";"BMW";"X2";"소형SUV";"가솔린";6270;180.73;31.92;100.0;46.14;"해당사항 없음";"해당사항 없음"
251;"17";"대전";"BMW";"X2";"소형SUV";"가솔린";6270;175.75;35.96;100.0;46.14;"해당사항 없음";"해당사항 없음"
251;"06";"전북";"BMW";"X2";"소형SUV";"가솔린";6270;177.96;34.16;100.0;46.14;"해당사항 없음";"해당사항 없음"
251;"05";"충남";"BMW";"X2";"소형SUV";"가솔린";6270;178.42;33.64;100.0;46.14;"해당사항 없음";"해당사항 없음"
251;"04";"충북";"BMW";"X2";"소형SUV";"가솔린";6270;178.53;33.58;100.0;46.14;"해당사항 없음";"해당사항 없음"
251;"08";"경북";"BMW";"X2";"소형SUV";"가솔린";6270;177.29;34.79;100.0;46.14;"해당사항 없음";"해당사항 없음"
251;"09";"경남";"BMW";"X2";"소형SUV";"가솔린";6270;177.31;34.75;100.0;46.14;"해당사항 없음";"해당사항 없음"
251;"20";"전남광주";"BMW";"X2";"소형SUV";"가솔린";6270;178.21;33.84;100.0;46.14;"해당사항 없음";"해당사항 없음"
251;"19";"세종";"BMW";"X2";"소형SUV";"가솔린";6270;177.55;34.47;100.0;46.14;"해당사항 없음";"해당사항 없음"
251;"18";"울산";"BMW";"X2";"소형SUV";"가솔린";6270;175.84;35.88;100.0;46.14;"해당사항 없음";"해당사항 없음"
251;"02";"경기";"BMW";"X2";"소형SUV";"가솔린";6270;177.51;34.55;100.0;46.14;"해당사항 없음";"해당사항 없음"
251;"01";"서울";"BMW";"X2";"소형SUV";"가솔린";6270;182.23;30.99;100.0;46.14;"해당사항 없음";"해당사항 없음"
251;"03";"강원";"BMW";"X2";"소형SUV";"가솔린";6270;178.93;33.27;100.0;46.14;"해당사항 없음";"해당사항 없음"
251;"14";"대구";"BMW";"X2";"소형SUV";"가솔린";6270;175.17;36.35;100.0;46.14;"해당사항 없음";"해당사항 없음"
251;"10";"부산";"BMW";"X2";"소형SUV";"가솔린";6270;176.23;35.64;100.0;46.14;"해당사항 없음";"해당사항 없음"
100;"18";"울산";"BMW";"iX3";"중형SUV";"전기(배터리)";7990;72.92;89.8;89.37;45.82;"충전기당 전기차 수 : 0.96";"1700"
228;"18";"울산";"현대";"아이오닉 6 N";"중형";"전기(배터리)";7990;83.33;82.88;89.37;45.82;"충전기당 전기차 수 : 0.96";"1700"
100;"02";"경기";"BMW";"iX3";"중형SUV";"전기(배터리)";7990;72.92;89.8;83.74;45.82;"충전기당 전기차 수 : 1.01";"1700"
228;"02";"경기";"현대";"아이오닉 6 N";"중형";"전기(배터리)";7990;83.33;82.88;83.74;45.82;"충전기당 전기차 수 : 1.01";"1700"
127;"05";"충남";"BMW";"i5";"준대형";"전기(배터리)";8490;81.4;83.32;44.32;45.82;"충전기당 전기차 수 : 1.48";"2200"
127;"04";"충북";"BMW";"i5";"준대형";"전기(배터리)";8490;81.4;83.32;38.69;45.82;"충전기당 전기차 수 : 1.52";"2200"
41;"11";"제주";"BMW";"5 Series";"준대형";"디젤";6350;138.51;60.9;100.0;45.7;"해당사항 없음";"해당사항 없음"
39;"11";"제주";"BMW";"5 Series";"준대형";"가솔린";6350;139.9;60.49;100.0;45.7;"해당사항 없음";"해당사항 없음"
40;"11";"제주";"BMW";"5 Series";"준대형";"하이브리드";6350;139.9;60.49;100.0;45.7;"해당사항 없음";"해당사항 없음"
41;"19";"세종";"BMW";"5 Series";"준대형";"디젤";6350;136.41;62.52;100.0;45.7;"해당사항 없음";"해당사항 없음"
39;"19";"세종";"BMW";"5 Series";"준대형";"가솔린";6350;137.44;61.63;100.0;45.7;"해당사항 없음";"해당사항 없음"
40;"19";"세종";"BMW";"5 Series";"준대형";"하이브리드";6350;137.44;61.63;100.0;45.7;"해당사항 없음";"해당사항 없음"
41;"18";"울산";"BMW";"5 Series";"준대형";"디젤";6350;135.29;63.47;100.0;45.7;"해당사항 없음";"해당사항 없음"
39;"18";"울산";"BMW";"5 Series";"준대형";"가솔린";6350;136.11;62.82;100.0;45.7;"해당사항 없음";"해당사항 없음"
40;"18";"울산";"BMW";"5 Series";"준대형";"하이브리드";6350;136.11;62.82;100.0;45.7;"해당사항 없음";"해당사항 없음"
41;"02";"경기";"BMW";"5 Series";"준대형";"디젤";6350;136.17;62.74;100.0;45.7;"해당사항 없음";"해당사항 없음"
39;"02";"경기";"BMW";"5 Series";"준대형";"가솔린";6350;137.41;61.71;100.0;45.7;"해당사항 없음";"해당사항 없음"
40;"02";"경기";"BMW";"5 Series";"준대형";"하이브리드";6350;137.41;61.71;100.0;45.7;"해당사항 없음";"해당사항 없음"
41;"01";"서울";"BMW";"5 Series";"준대형";"디젤";6350;139.74;60.53;100.0;45.7;"해당사항 없음";"해당사항 없음"
39;"01";"서울";"BMW";"5 Series";"준대형";"가솔린";6350;141.06;60.11;100.0;45.7;"해당사항 없음";"해당사항 없음"
40;"01";"서울";"BMW";"5 Series";"준대형";"하이브리드";6350;141.06;60.11;100.0;45.7;"해당사항 없음";"해당사항 없음"
41;"03";"강원";"BMW";"5 Series";"준대형";"디젤";6350;137.79;61.32;100.0;45.7;"해당사항 없음";"해당사항 없음"
39;"03";"강원";"BMW";"5 Series";"준대형";"가솔린";6350;138.51;60.9;100.0;45.7;"해당사항 없음";"해당사항 없음"
40;"03";"강원";"BMW";"5 Series";"준대형";"하이브리드";6350;138.51;60.9;100.0;45.7;"해당사항 없음";"해당사항 없음"
41;"14";"대구";"BMW";"5 Series";"준대형";"디젤";6350;134.47;64.08;100.0;45.7;"해당사항 없음";"해당사항 없음"
39;"14";"대구";"BMW";"5 Series";"준대형";"가솔린";6350;135.59;63.25;100.0;45.7;"해당사항 없음";"해당사항 없음"
40;"14";"대구";"BMW";"5 Series";"준대형";"하이브리드";6350;135.59;63.25;100.0;45.7;"해당사항 없음";"해당사항 없음"
41;"10";"부산";"BMW";"5 Series";"준대형";"디젤";6350;135.14;63.61;100.0;45.7;"해당사항 없음";"해당사항 없음"
39;"10";"부산";"BMW";"5 Series";"준대형";"가솔린";6350;136.42;62.5;100.0;45.7;"해당사항 없음";"해당사항 없음"
40;"10";"부산";"BMW";"5 Series";"준대형";"하이브리드";6350;136.42;62.5;100.0;45.7;"해당사항 없음";"해당사항 없음"
41;"17";"대전";"BMW";"5 Series";"준대형";"디젤";6350;135.18;63.59;100.0;45.7;"해당사항 없음";"해당사항 없음"
39;"17";"대전";"BMW";"5 Series";"준대형";"가솔린";6350;136.04;62.96;100.0;45.7;"해당사항 없음";"해당사항 없음"
40;"17";"대전";"BMW";"5 Series";"준대형";"하이브리드";6350;136.04;62.96;100.0;45.7;"해당사항 없음";"해당사항 없음"
41;"06";"전북";"BMW";"5 Series";"준대형";"디젤";6350;136.81;62.13;100.0;45.7;"해당사항 없음";"해당사항 없음"
39;"06";"전북";"BMW";"5 Series";"준대형";"가솔린";6350;137.76;61.4;100.0;45.7;"해당사항 없음";"해당사항 없음"
40;"06";"전북";"BMW";"5 Series";"준대형";"하이브리드";6350;137.76;61.4;100.0;45.7;"해당사항 없음";"해당사항 없음"
41;"05";"충남";"BMW";"5 Series";"준대형";"디젤";6350;137.09;62.03;100.0;45.7;"해당사항 없음";"해당사항 없음"
39;"05";"충남";"BMW";"5 Series";"준대형";"가솔린";6350;138.11;61.14;100.0;45.7;"해당사항 없음";"해당사항 없음"
40;"05";"충남";"BMW";"5 Series";"준대형";"하이브리드";6350;138.11;61.14;100.0;45.7;"해당사항 없음";"해당사항 없음"
41;"04";"충북";"BMW";"5 Series";"준대형";"디젤";6350;137.13;61.97;100.0;45.7;"해당사항 없음";"해당사항 없음"
39;"04";"충북";"BMW";"5 Series";"준대형";"가솔린";6350;138.19;61.02;100.0;45.7;"해당사항 없음";"해당사항 없음"
40;"04";"충북";"BMW";"5 Series";"준대형";"하이브리드";6350;138.19;61.02;100.0;45.7;"해당사항 없음";"해당사항 없음"
41;"08";"경북";"BMW";"5 Series";"준대형";"디젤";6350;136.2;62.68;100.0;45.7;"해당사항 없음";"해당사항 없음"
39;"08";"경북";"BMW";"5 Series";"준대형";"가솔린";6350;137.24;61.89;100.0;45.7;"해당사항 없음";"해당사항 없음"
40;"08";"경북";"BMW";"5 Series";"준대형";"하이브리드";6350;137.24;61.89;100.0;45.7;"해당사항 없음";"해당사항 없음"
41;"09";"경남";"BMW";"5 Series";"준대형";"디젤";6350;136.08;62.88;100.0;45.7;"해당사항 없음";"해당사항 없음"
39;"09";"경남";"BMW";"5 Series";"준대형";"가솔린";6350;137.25;61.81;100.0;45.7;"해당사항 없음";"해당사항 없음"
40;"09";"경남";"BMW";"5 Series";"준대형";"하이브리드";6350;137.25;61.81;100.0;45.7;"해당사항 없음";"해당사항 없음"
41;"20";"전남광주";"BMW";"5 Series";"준대형";"디젤";6350;137.07;62.05;100.0;45.7;"해당사항 없음";"해당사항 없음"
39;"20";"전남광주";"BMW";"5 Series";"준대형";"가솔린";6350;137.95;61.26;100.0;45.7;"해당사항 없음";"해당사항 없음"
40;"20";"전남광주";"BMW";"5 Series";"준대형";"하이브리드";6350;137.95;61.26;100.0;45.7;"해당사항 없음";"해당사항 없음"
41;"15";"인천";"BMW";"5 Series";"준대형";"디젤";6350;135.51;63.29;100.0;45.7;"해당사항 없음";"해당사항 없음"
39;"15";"인천";"BMW";"5 Series";"준대형";"가솔린";6350;136.72;62.27;100.0;45.7;"해당사항 없음";"해당사항 없음"
40;"15";"인천";"BMW";"5 Series";"준대형";"하이브리드";6350;136.72;62.27;100.0;45.7;"해당사항 없음";"해당사항 없음"
161;"08";"경북";"제네시스";"Electrified G80";"준대형";"전기(배터리)";8468;79.55;84.33;33.06;44.73;"충전기당 전기차 수 : 1.58";"2100"
161;"09";"경남";"제네시스";"Electrified G80";"준대형";"전기(배터리)";8468;79.55;84.33;27.43;44.73;"충전기당 전기차 수 : 1.64";"2100"
168;"15";"인천";"지프";"Wrangler";"중형SUV";"가솔린";6370;189.3;28.58;100.0;44.69;"해당사항 없음";"해당사항 없음"
169;"15";"인천";"지프";"Wrangler";"중형SUV";"하이브리드";6370;189.3;28.58;100.0;44.69;"해당사항 없음";"해당사항 없음"
168;"11";"제주";"지프";"Wrangler";"중형SUV";"가솔린";6370;193.7;26.13;100.0;44.69;"해당사항 없음";"해당사항 없음"
169;"11";"제주";"지프";"Wrangler";"중형SUV";"하이브리드";6370;193.7;26.13;100.0;44.69;"해당사항 없음";"해당사항 없음"
168;"17";"대전";"지프";"Wrangler";"중형SUV";"가솔린";6370;188.36;28.94;100.0;44.69;"해당사항 없음";"해당사항 없음"
169;"17";"대전";"지프";"Wrangler";"중형SUV";"하이브리드";6370;188.36;28.94;100.0;44.69;"해당사항 없음";"해당사항 없음"
168;"06";"전북";"지프";"Wrangler";"중형SUV";"가솔린";6370;190.74;27.93;100.0;44.69;"해당사항 없음";"해당사항 없음"
169;"06";"전북";"지프";"Wrangler";"중형SUV";"하이브리드";6370;190.74;27.93;100.0;44.69;"해당사항 없음";"해당사항 없음"
168;"05";"충남";"지프";"Wrangler";"중형SUV";"가솔린";6370;191.23;27.71;100.0;44.69;"해당사항 없음";"해당사항 없음"
169;"05";"충남";"지프";"Wrangler";"중형SUV";"하이브리드";6370;191.23;27.71;100.0;44.69;"해당사항 없음";"해당사항 없음"
168;"04";"충북";"지프";"Wrangler";"중형SUV";"가솔린";6370;191.35;27.51;100.0;44.69;"해당사항 없음";"해당사항 없음"
169;"04";"충북";"지프";"Wrangler";"중형SUV";"하이브리드";6370;191.35;27.51;100.0;44.69;"해당사항 없음";"해당사항 없음"
168;"08";"경북";"지프";"Wrangler";"중형SUV";"가솔린";6370;190.02;28.33;100.0;44.69;"해당사항 없음";"해당사항 없음"
169;"08";"경북";"지프";"Wrangler";"중형SUV";"하이브리드";6370;190.02;28.33;100.0;44.69;"해당사항 없음";"해당사항 없음"
168;"09";"경남";"지프";"Wrangler";"중형SUV";"가솔린";6370;190.05;28.29;100.0;44.69;"해당사항 없음";"해당사항 없음"
169;"09";"경남";"지프";"Wrangler";"중형SUV";"하이브리드";6370;190.05;28.29;100.0;44.69;"해당사항 없음";"해당사항 없음"
168;"20";"전남광주";"지프";"Wrangler";"중형SUV";"가솔린";6370;191.0;27.85;100.0;44.69;"해당사항 없음";"해당사항 없음"
169;"20";"전남광주";"지프";"Wrangler";"중형SUV";"하이브리드";6370;191.0;27.85;100.0;44.69;"해당사항 없음";"해당사항 없음"
168;"19";"세종";"지프";"Wrangler";"중형SUV";"가솔린";6370;190.3;28.11;100.0;44.69;"해당사항 없음";"해당사항 없음"
169;"19";"세종";"지프";"Wrangler";"중형SUV";"하이브리드";6370;190.3;28.11;100.0;44.69;"해당사항 없음";"해당사항 없음"
168;"18";"울산";"지프";"Wrangler";"중형SUV";"가솔린";6370;188.47;28.86;100.0;44.69;"해당사항 없음";"해당사항 없음"
169;"18";"울산";"지프";"Wrangler";"중형SUV";"하이브리드";6370;188.47;28.86;100.0;44.69;"해당사항 없음";"해당사항 없음"
168;"02";"경기";"지프";"Wrangler";"중형SUV";"가솔린";6370;190.26;28.21;100.0;44.69;"해당사항 없음";"해당사항 없음"
169;"02";"경기";"지프";"Wrangler";"중형SUV";"하이브리드";6370;190.26;28.21;100.0;44.69;"해당사항 없음";"해당사항 없음"
168;"01";"서울";"지프";"Wrangler";"중형SUV";"가솔린";6370;195.31;25.36;100.0;44.69;"해당사항 없음";"해당사항 없음"
169;"01";"서울";"지프";"Wrangler";"중형SUV";"하이브리드";6370;195.31;25.36;100.0;44.69;"해당사항 없음";"해당사항 없음"
168;"03";"강원";"지프";"Wrangler";"중형SUV";"가솔린";6370;191.78;27.26;100.0;44.69;"해당사항 없음";"해당사항 없음"
169;"03";"강원";"지프";"Wrangler";"중형SUV";"하이브리드";6370;191.78;27.26;100.0;44.69;"해당사항 없음";"해당사항 없음"
168;"14";"대구";"지프";"Wrangler";"중형SUV";"가솔린";6370;187.74;29.16;100.0;44.69;"해당사항 없음";"해당사항 없음"
169;"14";"대구";"지프";"Wrangler";"중형SUV";"하이브리드";6370;187.74;29.16;100.0;44.69;"해당사항 없음";"해당사항 없음"
168;"10";"부산";"지프";"Wrangler";"중형SUV";"가솔린";6370;188.88;28.68;100.0;44.69;"해당사항 없음";"해당사항 없음"
169;"10";"부산";"지프";"Wrangler";"중형SUV";"하이브리드";6370;188.88;28.68;100.0;44.69;"해당사항 없음";"해당사항 없음"
127;"08";"경북";"BMW";"i5";"준대형";"전기(배터리)";8490;81.4;83.32;33.06;44.04;"충전기당 전기차 수 : 1.58";"2100"
127;"09";"경남";"BMW";"i5";"준대형";"전기(배터리)";8490;81.4;83.32;27.43;44.04;"충전기당 전기차 수 : 1.64";"2100"
161;"03";"강원";"제네시스";"Electrified G80";"준대형";"전기(배터리)";8468;79.55;84.33;72.48;44.0;"충전기당 전기차 수 : 1.22";"2040"
263;"15";"인천";"벤츠";"GLB-Class";"소형SUV";"디젤";6430;156.36;46.45;100.0;43.98;"해당사항 없음";"해당사항 없음"
262;"15";"인천";"벤츠";"GLB-Class";"소형SUV";"가솔린";6430;157.75;45.54;100.0;43.98;"해당사항 없음";"해당사항 없음"
263;"11";"제주";"벤츠";"GLB-Class";"소형SUV";"디젤";6430;159.82;44.51;100.0;43.98;"해당사항 없음";"해당사항 없음"
262;"11";"제주";"벤츠";"GLB-Class";"소형SUV";"가솔린";6430;161.42;43.51;100.0;43.98;"해당사항 없음";"해당사항 없음"
263;"19";"세종";"벤츠";"GLB-Class";"소형SUV";"디젤";6430;157.39;45.7;100.0;43.98;"해당사항 없음";"해당사항 없음"
262;"19";"세종";"벤츠";"GLB-Class";"소형SUV";"가솔린";6430;158.58;45.15;100.0;43.98;"해당사항 없음";"해당사항 없음"
263;"18";"울산";"벤츠";"GLB-Class";"소형SUV";"디젤";6430;156.11;46.63;100.0;43.98;"해당사항 없음";"해당사항 없음"
262;"18";"울산";"벤츠";"GLB-Class";"소형SUV";"가솔린";6430;157.05;45.92;100.0;43.98;"해당사항 없음";"해당사항 없음"
263;"02";"경기";"벤츠";"GLB-Class";"소형SUV";"디젤";6430;157.11;45.9;100.0;43.98;"해당사항 없음";"해당사항 없음"
262;"02";"경기";"벤츠";"GLB-Class";"소형SUV";"가솔린";6430;158.55;45.17;100.0;43.98;"해당사항 없음";"해당사항 없음"
263;"01";"서울";"벤츠";"GLB-Class";"소형SUV";"디젤";6430;161.24;43.66;100.0;43.98;"해당사항 없음";"해당사항 없음"
262;"01";"서울";"벤츠";"GLB-Class";"소형SUV";"가솔린";6430;162.76;42.72;100.0;43.98;"해당사항 없음";"해당사항 없음"
263;"03";"강원";"벤츠";"GLB-Class";"소형SUV";"디젤";6430;158.99;44.97;100.0;43.98;"해당사항 없음";"해당사항 없음"
262;"03";"강원";"벤츠";"GLB-Class";"소형SUV";"가솔린";6430;159.82;44.51;100.0;43.98;"해당사항 없음";"해당사항 없음"
263;"14";"대구";"벤츠";"GLB-Class";"소형SUV";"디젤";6430;155.16;47.26;100.0;43.98;"해당사항 없음";"해당사항 없음"
262;"14";"대구";"벤츠";"GLB-Class";"소형SUV";"가솔린";6430;156.45;46.41;100.0;43.98;"해당사항 없음";"해당사항 없음"
263;"10";"부산";"벤츠";"GLB-Class";"소형SUV";"디젤";6430;155.94;46.69;100.0;43.98;"해당사항 없음";"해당사항 없음"
262;"10";"부산";"벤츠";"GLB-Class";"소형SUV";"가솔린";6430;157.4;45.68;100.0;43.98;"해당사항 없음";"해당사항 없음"
263;"17";"대전";"벤츠";"GLB-Class";"소형SUV";"디젤";6430;155.97;46.67;100.0;43.98;"해당사항 없음";"해당사항 없음"
262;"17";"대전";"벤츠";"GLB-Class";"소형SUV";"가솔린";6430;156.97;46.0;100.0;43.98;"해당사항 없음";"해당사항 없음"
263;"06";"전북";"벤츠";"GLB-Class";"소형SUV";"디젤";6430;157.85;45.44;100.0;43.98;"해당사항 없음";"해당사항 없음"
262;"06";"전북";"벤츠";"GLB-Class";"소형SUV";"가솔린";6430;158.95;44.99;100.0;43.98;"해당사항 없음";"해당사항 없음"
263;"05";"충남";"벤츠";"GLB-Class";"소형SUV";"디젤";6430;158.18;45.34;100.0;43.98;"해당사항 없음";"해당사항 없음"
262;"05";"충남";"벤츠";"GLB-Class";"소형SUV";"가솔린";6430;159.36;44.67;100.0;43.98;"해당사항 없음";"해당사항 없음"
263;"04";"충북";"벤츠";"GLB-Class";"소형SUV";"디젤";6430;158.23;45.31;100.0;43.98;"해당사항 없음";"해당사항 없음"
262;"04";"충북";"벤츠";"GLB-Class";"소형SUV";"가솔린";6430;159.45;44.63;100.0;43.98;"해당사항 없음";"해당사항 없음"
263;"08";"경북";"벤츠";"GLB-Class";"소형SUV";"디젤";6430;157.15;45.76;100.0;43.98;"해당사항 없음";"해당사항 없음"
262;"08";"경북";"벤츠";"GLB-Class";"소형SUV";"가솔린";6430;158.35;45.29;100.0;43.98;"해당사항 없음";"해당사항 없음"
263;"09";"경남";"벤츠";"GLB-Class";"소형SUV";"디젤";6430;157.01;45.96;100.0;43.98;"해당사항 없음";"해당사항 없음"
262;"09";"경남";"벤츠";"GLB-Class";"소형SUV";"가솔린";6430;158.37;45.27;100.0;43.98;"해당사항 없음";"해당사항 없음"
263;"20";"전남광주";"벤츠";"GLB-Class";"소형SUV";"디젤";6430;158.16;45.36;100.0;43.98;"해당사항 없음";"해당사항 없음"
262;"20";"전남광주";"벤츠";"GLB-Class";"소형SUV";"가솔린";6430;159.17;44.83;100.0;43.98;"해당사항 없음";"해당사항 없음"
238;"17";"대전";"볼보";"V60 Cross Country";"중형";"가솔린";6450;185.51;29.79;100.0;43.33;"해당사항 없음";"해당사항 없음"
238;"06";"전북";"볼보";"V60 Cross Country";"중형";"가솔린";6450;187.85;29.12;100.0;43.33;"해당사항 없음";"해당사항 없음"
238;"05";"충남";"볼보";"V60 Cross Country";"중형";"가솔린";6450;188.33;28.96;100.0;43.33;"해당사항 없음";"해당사항 없음"
238;"04";"충북";"볼보";"V60 Cross Country";"중형";"가솔린";6450;188.45;28.88;100.0;43.33;"해당사항 없음";"해당사항 없음"
238;"08";"경북";"볼보";"V60 Cross Country";"중형";"가솔린";6450;187.14;29.29;100.0;43.33;"해당사항 없음";"해당사항 없음"
238;"09";"경남";"볼보";"V60 Cross Country";"중형";"가솔린";6450;187.17;29.27;100.0;43.33;"해당사항 없음";"해당사항 없음"
238;"20";"전남광주";"볼보";"V60 Cross Country";"중형";"가솔린";6450;188.11;29.02;100.0;43.33;"해당사항 없음";"해당사항 없음"
238;"15";"인천";"볼보";"V60 Cross Country";"중형";"가솔린";6450;186.43;29.59;100.0;43.33;"해당사항 없음";"해당사항 없음"
238;"11";"제주";"볼보";"V60 Cross Country";"중형";"가솔린";6450;190.77;27.89;100.0;43.33;"해당사항 없음";"해당사항 없음"
127;"03";"강원";"BMW";"i5";"준대형";"전기(배터리)";8490;81.4;83.32;72.48;43.33;"충전기당 전기차 수 : 1.22";"2040"
238;"19";"세종";"볼보";"V60 Cross Country";"중형";"가솔린";6450;187.42;29.21;100.0;43.33;"해당사항 없음";"해당사항 없음"
238;"18";"울산";"볼보";"V60 Cross Country";"중형";"가솔린";6450;185.61;29.75;100.0;43.33;"해당사항 없음";"해당사항 없음"
238;"02";"경기";"볼보";"V60 Cross Country";"중형";"가솔린";6450;187.37;29.25;100.0;43.33;"해당사항 없음";"해당사항 없음"
238;"01";"서울";"볼보";"V60 Cross Country";"중형";"가솔린";6450;192.35;26.82;100.0;43.33;"해당사항 없음";"해당사항 없음"
238;"03";"강원";"볼보";"V60 Cross Country";"중형";"가솔린";6450;188.87;28.7;100.0;43.33;"해당사항 없음";"해당사항 없음"
238;"14";"대구";"볼보";"V60 Cross Country";"중형";"가솔린";6450;184.9;30.03;100.0;43.33;"해당사항 없음";"해당사항 없음"
238;"10";"부산";"볼보";"V60 Cross Country";"중형";"가솔린";6450;186.02;29.63;100.0;43.33;"해당사항 없음";"해당사항 없음"
137;"19";"세종";"제네시스";"GV60";"중형SUV";"전기(배터리)";6490;76.92;86.42;95.0;42.99;"충전기당 전기차 수 : 0.88";"현재 지자체의 예산이 소진되어 지원금을 받을 수 없습니다"
137;"01";"서울";"제네시스";"GV60";"중형SUV";"전기(배터리)";6490;76.92;86.42;78.11;42.99;"충전기당 전기차 수 : 1.13";"현재 지자체의 예산이 소진되어 지원금을 받을 수 없습니다"
137;"14";"대구";"제네시스";"GV60";"중형SUV";"전기(배터리)";6490;76.92;86.42;66.84;42.99;"충전기당 전기차 수 : 1.42";"현재 지자체의 예산이 소진되어 지원금을 받을 수 없습니다"
137;"10";"부산";"제네시스";"GV60";"중형SUV";"전기(배터리)";6490;76.92;86.42;61.21;42.99;"충전기당 전기차 수 : 1.42";"현재 지자체의 예산이 소진되어 지원금을 받을 수 없습니다"
137;"15";"인천";"제네시스";"GV60";"중형SUV";"전기(배터리)";6490;76.92;86.42;16.16;42.99;"충전기당 전기차 수 : 1.75";"현재 지자체의 예산이 소진되어 지원금을 받을 수 없습니다"
137;"11";"제주";"제네시스";"GV60";"중형SUV";"전기(배터리)";6490;76.92;86.42;10.53;42.99;"충전기당 전기차 수 : 5.83";"현재 지자체의 예산이 소진되어 지원금을 받을 수 없습니다"
150;"15";"인천";"볼보";"S90";"준대형";"가솔린";6530;150.67;51.2;100.0;42.87;"해당사항 없음";"해당사항 없음"
151;"15";"인천";"볼보";"S90";"준대형";"하이브리드";6530;150.67;51.2;100.0;42.87;"해당사항 없음";"해당사항 없음"
178;"15";"인천";"BMW";"X4";"중형SUV";"디젤";6530;175.9;35.82;100.0;42.87;"해당사항 없음";"해당사항 없음"
177;"15";"인천";"BMW";"X4";"중형SUV";"가솔린";6530;177.47;34.63;100.0;42.87;"해당사항 없음";"해당사항 없음"
178;"11";"제주";"BMW";"X4";"중형SUV";"디젤";6530;179.8;32.48;100.0;42.87;"해당사항 없음";"해당사항 없음"
177;"11";"제주";"BMW";"X4";"중형SUV";"가솔린";6530;181.6;31.45;100.0;42.87;"해당사항 없음";"해당사항 없음"
150;"11";"제주";"볼보";"S90";"준대형";"가솔린";6530;154.17;47.97;100.0;42.87;"해당사항 없음";"해당사항 없음"
151;"11";"제주";"볼보";"S90";"준대형";"하이브리드";6530;154.17;47.97;100.0;42.87;"해당사항 없음";"해당사항 없음"
178;"17";"대전";"BMW";"X4";"중형SUV";"디젤";6530;175.47;36.17;100.0;42.87;"해당사항 없음";"해당사항 없음"
177;"17";"대전";"BMW";"X4";"중형SUV";"가솔린";6530;176.59;35.36;100.0;42.87;"해당사항 없음";"해당사항 없음"
150;"06";"전북";"볼보";"S90";"준대형";"가솔린";6530;151.81;49.5;100.0;42.87;"해당사항 없음";"해당사항 없음"
151;"06";"전북";"볼보";"S90";"준대형";"하이브리드";6530;151.81;49.5;100.0;42.87;"해당사항 없음";"해당사항 없음"
178;"06";"전북";"BMW";"X4";"중형SUV";"디젤";6530;177.59;34.41;100.0;42.87;"해당사항 없음";"해당사항 없음"
177;"06";"전북";"BMW";"X4";"중형SUV";"가솔린";6530;178.82;33.43;100.0;42.87;"해당사항 없음";"해당사항 없음"
177;"05";"충남";"BMW";"X4";"중형SUV";"가솔린";6530;179.28;32.89;100.0;42.87;"해당사항 없음";"해당사항 없음"
150;"05";"충남";"볼보";"S90";"준대형";"가솔린";6530;152.2;49.08;100.0;42.87;"해당사항 없음";"해당사항 없음"
151;"05";"충남";"볼보";"S90";"준대형";"하이브리드";6530;152.2;49.08;100.0;42.87;"해당사항 없음";"해당사항 없음"
178;"05";"충남";"BMW";"X4";"중형SUV";"디젤";6530;177.95;34.2;100.0;42.87;"해당사항 없음";"해당사항 없음"
150;"04";"충북";"볼보";"S90";"준대형";"가솔린";6530;152.3;49.02;100.0;42.87;"해당사항 없음";"해당사항 없음"
151;"04";"충북";"볼보";"S90";"준대형";"하이브리드";6530;152.3;49.02;100.0;42.87;"해당사항 없음";"해당사항 없음"
178;"04";"충북";"BMW";"X4";"중형SUV";"디젤";6530;178.0;34.06;100.0;42.87;"해당사항 없음";"해당사항 없음"
177;"04";"충북";"BMW";"X4";"중형SUV";"가솔린";6530;179.39;32.81;100.0;42.87;"해당사항 없음";"해당사항 없음"
150;"08";"경북";"볼보";"S90";"준대형";"가솔린";6530;151.24;50.37;100.0;42.87;"해당사항 없음";"해당사항 없음"
151;"08";"경북";"볼보";"S90";"준대형";"하이브리드";6530;151.24;50.37;100.0;42.87;"해당사항 없음";"해당사항 없음"
178;"08";"경북";"BMW";"X4";"중형SUV";"디젤";6530;176.8;35.03;100.0;42.87;"해당사항 없음";"해당사항 없음"
177;"08";"경북";"BMW";"X4";"중형SUV";"가솔린";6530;178.15;34.0;100.0;42.87;"해당사항 없음";"해당사항 없음"
177;"09";"경남";"BMW";"X4";"중형SUV";"가솔린";6530;178.17;33.94;100.0;42.87;"해당사항 없음";"해당사항 없음"
150;"09";"경남";"볼보";"S90";"준대형";"가솔린";6530;151.26;50.29;100.0;42.87;"해당사항 없음";"해당사항 없음"
151;"09";"경남";"볼보";"S90";"준대형";"하이브리드";6530;151.26;50.29;100.0;42.87;"해당사항 없음";"해당사항 없음"
178;"09";"경남";"BMW";"X4";"중형SUV";"디젤";6530;176.64;35.26;100.0;42.87;"해당사항 없음";"해당사항 없음"
150;"20";"전남광주";"볼보";"S90";"준대형";"가솔린";6530;152.02;49.36;100.0;42.87;"해당사항 없음";"해당사항 없음"
151;"20";"전남광주";"볼보";"S90";"준대형";"하이브리드";6530;152.02;49.36;100.0;42.87;"해당사항 없음";"해당사항 없음"
178;"20";"전남광주";"BMW";"X4";"중형SUV";"디젤";6530;177.93;34.28;100.0;42.87;"해당사항 없음";"해당사항 없음"
177;"20";"전남광주";"BMW";"X4";"중형SUV";"가솔린";6530;179.07;33.11;100.0;42.87;"해당사항 없음";"해당사항 없음"
177;"19";"세종";"BMW";"X4";"중형SUV";"가솔린";6530;178.4;33.7;100.0;42.87;"해당사항 없음";"해당사항 없음"
150;"19";"세종";"볼보";"S90";"준대형";"가솔린";6530;151.46;49.93;100.0;42.87;"해당사항 없음";"해당사항 없음"
151;"19";"세종";"볼보";"S90";"준대형";"하이브리드";6530;151.46;49.93;100.0;42.87;"해당사항 없음";"해당사항 없음"
178;"19";"세종";"BMW";"X4";"중형SUV";"디젤";6530;177.06;34.93;100.0;42.87;"해당사항 없음";"해당사항 없음"
150;"18";"울산";"볼보";"S90";"준대형";"가솔린";6530;150.0;52.52;100.0;42.87;"해당사항 없음";"해당사항 없음"
151;"18";"울산";"볼보";"S90";"준대형";"하이브리드";6530;150.0;52.52;100.0;42.87;"해당사항 없음";"해당사항 없음"
178;"18";"울산";"BMW";"X4";"중형SUV";"디젤";6530;175.62;36.07;100.0;42.87;"해당사항 없음";"해당사항 없음"
177;"18";"울산";"BMW";"X4";"중형SUV";"가솔린";6530;176.69;35.2;100.0;42.87;"해당사항 없음";"해당사항 없음"
150;"02";"경기";"볼보";"S90";"준대형";"가솔린";6530;151.43;49.99;100.0;42.87;"해당사항 없음";"해당사항 없음"
151;"02";"경기";"볼보";"S90";"준대형";"하이브리드";6530;151.43;49.99;100.0;42.87;"해당사항 없음";"해당사항 없음"
178;"02";"경기";"BMW";"X4";"중형SUV";"디젤";6530;176.75;35.09;100.0;42.87;"해당사항 없음";"해당사항 없음"
177;"02";"경기";"BMW";"X4";"중형SUV";"가솔린";6530;178.36;33.76;100.0;42.87;"해당사항 없음";"해당사항 없음"
178;"01";"서울";"BMW";"X4";"중형SUV";"디젤";6530;181.39;31.59;100.0;42.87;"해당사항 없음";"해당사항 없음"
177;"01";"서울";"BMW";"X4";"중형SUV";"가솔린";6530;183.11;30.52;100.0;42.87;"해당사항 없음";"해당사항 없음"
150;"01";"서울";"볼보";"S90";"준대형";"가솔린";6530;155.45;47.14;100.0;42.87;"해당사항 없음";"해당사항 없음"
151;"01";"서울";"볼보";"S90";"준대형";"하이브리드";6530;155.45;47.14;100.0;42.87;"해당사항 없음";"해당사항 없음"
150;"03";"강원";"볼보";"S90";"준대형";"가솔린";6530;152.64;48.78;100.0;42.87;"해당사항 없음";"해당사항 없음"
151;"03";"강원";"볼보";"S90";"준대형";"하이브리드";6530;152.64;48.78;100.0;42.87;"해당사항 없음";"해당사항 없음"
178;"03";"강원";"BMW";"X4";"중형SUV";"디젤";6530;178.86;33.37;100.0;42.87;"해당사항 없음";"해당사항 없음"
177;"03";"강원";"BMW";"X4";"중형SUV";"가솔린";6530;179.79;32.54;100.0;42.87;"해당사항 없음";"해당사항 없음"
150;"14";"대구";"볼보";"S90";"준대형";"가솔린";6530;149.43;53.37;100.0;42.87;"해당사항 없음";"해당사항 없음"
151;"14";"대구";"볼보";"S90";"준대형";"하이브리드";6530;149.43;53.37;100.0;42.87;"해당사항 없음";"해당사항 없음"
178;"14";"대구";"BMW";"X4";"중형SUV";"디젤";6530;174.55;36.77;100.0;42.87;"해당사항 없음";"해당사항 없음"
177;"14";"대구";"BMW";"X4";"중형SUV";"가솔린";6530;176.01;35.7;100.0;42.87;"해당사항 없음";"해당사항 없음"
150;"10";"부산";"볼보";"S90";"준대형";"가솔린";6530;150.34;51.85;100.0;42.87;"해당사항 없음";"해당사항 없음"
151;"10";"부산";"볼보";"S90";"준대형";"하이브리드";6530;150.34;51.85;100.0;42.87;"해당사항 없음";"해당사항 없음"
178;"10";"부산";"BMW";"X4";"중형SUV";"디젤";6530;175.43;36.25;100.0;42.87;"해당사항 없음";"해당사항 없음"
177;"10";"부산";"BMW";"X4";"중형SUV";"가솔린";6530;177.08;34.89;100.0;42.87;"해당사항 없음";"해당사항 없음"
150;"17";"대전";"볼보";"S90";"준대형";"가솔린";6530;149.92;52.6;100.0;42.87;"해당사항 없음";"해당사항 없음"
151;"17";"대전";"볼보";"S90";"준대형";"하이브리드";6530;149.92;52.6;100.0;42.87;"해당사항 없음";"해당사항 없음"
273;"19";"세종";"혼다";"Odyssey";"대형MPV";"가솔린";6550;206.16;23.19;100.0;41.57;"해당사항 없음";"해당사항 없음"
273;"18";"울산";"혼다";"Odyssey";"대형MPV";"가솔린";6550;204.17;23.52;100.0;41.57;"해당사항 없음";"해당사항 없음"
273;"02";"경기";"혼다";"Odyssey";"대형MPV";"가솔린";6550;206.11;23.21;100.0;41.57;"해당사항 없음";"해당사항 없음"
273;"01";"서울";"혼다";"Odyssey";"대형MPV";"가솔린";6550;211.59;21.58;100.0;41.57;"해당사항 없음";"해당사항 없음"
273;"03";"강원";"혼다";"Odyssey";"대형MPV";"가솔린";6550;207.76;22.77;100.0;41.57;"해당사항 없음";"해당사항 없음"
273;"14";"대구";"혼다";"Odyssey";"대형MPV";"가솔린";6550;203.39;23.64;100.0;41.57;"해당사항 없음";"해당사항 없음"
273;"10";"부산";"혼다";"Odyssey";"대형MPV";"가솔린";6550;204.62;23.44;100.0;41.57;"해당사항 없음";"해당사항 없음"
273;"15";"인천";"혼다";"Odyssey";"대형MPV";"가솔린";6550;205.07;23.38;100.0;41.57;"해당사항 없음";"해당사항 없음"
273;"11";"제주";"혼다";"Odyssey";"대형MPV";"가솔린";6550;209.84;22.16;100.0;41.57;"해당사항 없음";"해당사항 없음"
273;"17";"대전";"혼다";"Odyssey";"대형MPV";"가솔린";6550;204.06;23.54;100.0;41.57;"해당사항 없음";"해당사항 없음"
273;"06";"전북";"혼다";"Odyssey";"대형MPV";"가솔린";6550;206.63;22.99;100.0;41.57;"해당사항 없음";"해당사항 없음"
273;"05";"충남";"혼다";"Odyssey";"대형MPV";"가솔린";6550;207.17;22.89;100.0;41.57;"해당사항 없음";"해당사항 없음"
273;"04";"충북";"혼다";"Odyssey";"대형MPV";"가솔린";6550;207.29;22.87;100.0;41.57;"해당사항 없음";"해당사항 없음"
273;"08";"경북";"혼다";"Odyssey";"대형MPV";"가솔린";6550;205.86;23.28;100.0;41.57;"해당사항 없음";"해당사항 없음"
273;"09";"경남";"혼다";"Odyssey";"대형MPV";"가솔린";6550;205.88;23.23;100.0;41.57;"해당사항 없음";"해당사항 없음"
273;"20";"전남광주";"혼다";"Odyssey";"대형MPV";"가솔린";6550;206.92;22.95;100.0;41.57;"해당사항 없음";"해당사항 없음"
161;"17";"대전";"제네시스";"Electrified G80";"준대형";"전기(배터리)";8468;79.55;84.33;55.58;41.25;"충전기당 전기차 수 : 1.45";"1900"
115;"15";"인천";"볼보";"XC60";"중형SUV";"가솔린";6570;164.79;41.63;100.0;41.23;"해당사항 없음";"해당사항 없음"
116;"15";"인천";"볼보";"XC60";"중형SUV";"하이브리드";6570;164.79;41.63;100.0;41.23;"해당사항 없음";"해당사항 없음"
115;"11";"제주";"볼보";"XC60";"중형SUV";"가솔린";6570;168.63;39.34;100.0;41.23;"해당사항 없음";"해당사항 없음"
116;"11";"제주";"볼보";"XC60";"중형SUV";"하이브리드";6570;168.63;39.34;100.0;41.23;"해당사항 없음";"해당사항 없음"
115;"19";"세종";"볼보";"XC60";"중형SUV";"가솔린";6570;165.66;41.06;100.0;41.23;"해당사항 없음";"해당사항 없음"
116;"19";"세종";"볼보";"XC60";"중형SUV";"하이브리드";6570;165.66;41.06;100.0;41.23;"해당사항 없음";"해당사항 없음"
115;"18";"울산";"볼보";"XC60";"중형SUV";"가솔린";6570;164.07;41.94;100.0;41.23;"해당사항 없음";"해당사항 없음"
116;"18";"울산";"볼보";"XC60";"중형SUV";"하이브리드";6570;164.07;41.94;100.0;41.23;"해당사항 없음";"해당사항 없음"
115;"02";"경기";"볼보";"XC60";"중형SUV";"가솔린";6570;165.62;41.11;100.0;41.23;"해당사항 없음";"해당사항 없음"
116;"02";"경기";"볼보";"XC60";"중형SUV";"하이브리드";6570;165.62;41.11;100.0;41.23;"해당사항 없음";"해당사항 없음"
115;"01";"서울";"볼보";"XC60";"중형SUV";"가솔린";6570;170.03;38.72;100.0;41.23;"해당사항 없음";"해당사항 없음"
116;"01";"서울";"볼보";"XC60";"중형SUV";"하이브리드";6570;170.03;38.72;100.0;41.23;"해당사항 없음";"해당사항 없음"
115;"03";"강원";"볼보";"XC60";"중형SUV";"가솔린";6570;166.95;40.21;100.0;41.23;"해당사항 없음";"해당사항 없음"
116;"03";"강원";"볼보";"XC60";"중형SUV";"하이브리드";6570;166.95;40.21;100.0;41.23;"해당사항 없음";"해당사항 없음"
115;"14";"대구";"볼보";"XC60";"중형SUV";"가솔린";6570;163.44;42.36;100.0;41.23;"해당사항 없음";"해당사항 없음"
116;"14";"대구";"볼보";"XC60";"중형SUV";"하이브리드";6570;163.44;42.36;100.0;41.23;"해당사항 없음";"해당사항 없음"
115;"10";"부산";"볼보";"XC60";"중형SUV";"가솔린";6570;164.43;41.83;100.0;41.23;"해당사항 없음";"해당사항 없음"
116;"10";"부산";"볼보";"XC60";"중형SUV";"하이브리드";6570;164.43;41.83;100.0;41.23;"해당사항 없음";"해당사항 없음"
115;"17";"대전";"볼보";"XC60";"중형SUV";"가솔린";6570;163.98;42.1;100.0;41.23;"해당사항 없음";"해당사항 없음"
116;"17";"대전";"볼보";"XC60";"중형SUV";"하이브리드";6570;163.98;42.1;100.0;41.23;"해당사항 없음";"해당사항 없음"
115;"06";"전북";"볼보";"XC60";"중형SUV";"가솔린";6570;166.04;40.84;100.0;41.23;"해당사항 없음";"해당사항 없음"
116;"06";"전북";"볼보";"XC60";"중형SUV";"하이브리드";6570;166.04;40.84;100.0;41.23;"해당사항 없음";"해당사항 없음"
115;"05";"충남";"볼보";"XC60";"중형SUV";"가솔린";6570;166.47;40.42;100.0;41.23;"해당사항 없음";"해당사항 없음"
116;"05";"충남";"볼보";"XC60";"중형SUV";"하이브리드";6570;166.47;40.42;100.0;41.23;"해당사항 없음";"해당사항 없음"
115;"04";"충북";"볼보";"XC60";"중형SUV";"가솔린";6570;166.57;40.36;100.0;41.23;"해당사항 없음";"해당사항 없음"
116;"04";"충북";"볼보";"XC60";"중형SUV";"하이브리드";6570;166.57;40.36;100.0;41.23;"해당사항 없음";"해당사항 없음"
115;"08";"경북";"볼보";"XC60";"중형SUV";"가솔린";6570;165.42;41.31;100.0;41.23;"해당사항 없음";"해당사항 없음"
116;"08";"경북";"볼보";"XC60";"중형SUV";"하이브리드";6570;165.42;41.31;100.0;41.23;"해당사항 없음";"해당사항 없음"
115;"09";"경남";"볼보";"XC60";"중형SUV";"가솔린";6570;165.44;41.27;100.0;41.23;"해당사항 없음";"해당사항 없음"
116;"09";"경남";"볼보";"XC60";"중형SUV";"하이브리드";6570;165.44;41.27;100.0;41.23;"해당사항 없음";"해당사항 없음"
115;"20";"전남광주";"볼보";"XC60";"중형SUV";"가솔린";6570;166.28;40.62;100.0;41.23;"해당사항 없음";"해당사항 없음"
116;"20";"전남광주";"볼보";"XC60";"중형SUV";"하이브리드";6570;166.28;40.62;100.0;41.23;"해당사항 없음";"해당사항 없음"
127;"17";"대전";"BMW";"i5";"준대형";"전기(배터리)";8490;81.4;83.32;55.58;40.58;"충전기당 전기차 수 : 1.45";"1900"
171;"19";"세종";"아우디";"Q4 e-tron";"중형SUV";"전기(배터리)";6630;78.65;85.35;95.0;40.56;"충전기당 전기차 수 : 0.88";"현재 지자체의 예산이 소진되어 지원금을 받을 수 없습니다"
171;"01";"서울";"아우디";"Q4 e-tron";"중형SUV";"전기(배터리)";6630;78.65;85.35;78.11;40.56;"충전기당 전기차 수 : 1.13";"현재 지자체의 예산이 소진되어 지원금을 받을 수 없습니다"
171;"14";"대구";"아우디";"Q4 e-tron";"중형SUV";"전기(배터리)";6630;78.65;85.35;66.84;40.56;"충전기당 전기차 수 : 1.42";"현재 지자체의 예산이 소진되어 지원금을 받을 수 없습니다"
171;"10";"부산";"아우디";"Q4 e-tron";"중형SUV";"전기(배터리)";6630;78.65;85.35;61.21;40.56;"충전기당 전기차 수 : 1.42";"현재 지자체의 예산이 소진되어 지원금을 받을 수 없습니다"
171;"15";"인천";"아우디";"Q4 e-tron";"중형SUV";"전기(배터리)";6630;78.65;85.35;16.16;40.56;"충전기당 전기차 수 : 1.75";"현재 지자체의 예산이 소진되어 지원금을 받을 수 없습니다"
171;"11";"제주";"아우디";"Q4 e-tron";"중형SUV";"전기(배터리)";6630;78.65;85.35;10.53;40.56;"충전기당 전기차 수 : 5.83";"현재 지자체의 예산이 소진되어 지원금을 받을 수 없습니다"
65;"15";"인천";"BMW";"X3";"중형SUV";"디젤";6640;148.73;54.79;100.0;40.44;"해당사항 없음";"해당사항 없음"
64;"15";"인천";"BMW";"X3";"중형SUV";"가솔린";6640;150.05;52.3;100.0;40.44;"해당사항 없음";"해당사항 없음"
65;"11";"제주";"BMW";"X3";"중형SUV";"디젤";6640;152.02;49.36;100.0;40.44;"해당사항 없음";"해당사항 없음"
64;"11";"제주";"BMW";"X3";"중형SUV";"가솔린";6640;153.54;48.31;100.0;40.44;"해당사항 없음";"해당사항 없음"
65;"06";"전북";"BMW";"X3";"중형SUV";"디젤";6640;150.15;52.18;100.0;40.44;"해당사항 없음";"해당사항 없음"
64;"06";"전북";"BMW";"X3";"중형SUV";"가솔린";6640;151.2;50.56;100.0;40.44;"해당사항 없음";"해당사항 없음"
65;"05";"충남";"BMW";"X3";"중형SUV";"디젤";6640;150.46;51.71;100.0;40.44;"해당사항 없음";"해당사항 없음"
64;"05";"충남";"BMW";"X3";"중형SUV";"가솔린";6640;151.59;49.83;100.0;40.44;"해당사항 없음";"해당사항 없음"
65;"04";"충북";"BMW";"X3";"중형SUV";"디젤";6640;150.51;51.67;100.0;40.44;"해당사항 없음";"해당사항 없음"
64;"04";"충북";"BMW";"X3";"중형SUV";"가솔린";6640;151.68;49.71;100.0;40.44;"해당사항 없음";"해당사항 없음"
65;"08";"경북";"BMW";"X3";"중형SUV";"디젤";6640;149.49;53.19;100.0;40.44;"해당사항 없음";"해당사항 없음"
64;"08";"경북";"BMW";"X3";"중형SUV";"가솔린";6640;150.63;51.47;100.0;40.44;"해당사항 없음";"해당사항 없음"
65;"09";"경남";"BMW";"X3";"중형SUV";"디젤";6640;149.36;53.69;100.0;40.44;"해당사항 없음";"해당사항 없음"
64;"09";"경남";"BMW";"X3";"중형SUV";"가솔린";6640;150.65;51.35;100.0;40.44;"해당사항 없음";"해당사항 없음"
65;"20";"전남광주";"BMW";"X3";"중형SUV";"디젤";6640;150.44;51.77;100.0;40.44;"해당사항 없음";"해당사항 없음"
64;"20";"전남광주";"BMW";"X3";"중형SUV";"가솔린";6640;151.4;50.17;100.0;40.44;"해당사항 없음";"해당사항 없음"
65;"19";"세종";"BMW";"X3";"중형SUV";"디젤";6640;149.71;52.96;100.0;40.44;"해당사항 없음";"해당사항 없음"
64;"19";"세종";"BMW";"X3";"중형SUV";"가솔린";6640;150.85;50.92;100.0;40.44;"해당사항 없음";"해당사항 없음"
65;"18";"울산";"BMW";"X3";"중형SUV";"디젤";6640;148.49;54.93;100.0;40.44;"해당사항 없음";"해당사항 없음"
64;"18";"울산";"BMW";"X3";"중형SUV";"가솔린";6640;149.39;53.53;100.0;40.44;"해당사항 없음";"해당사항 없음"
65;"02";"경기";"BMW";"X3";"중형SUV";"디젤";6640;149.45;53.29;100.0;40.44;"해당사항 없음";"해당사항 없음"
64;"02";"경기";"BMW";"X3";"중형SUV";"가솔린";6640;150.81;51.04;100.0;40.44;"해당사항 없음";"해당사항 없음"
65;"01";"서울";"BMW";"X3";"중형SUV";"디젤";6640;153.37;48.37;100.0;40.44;"해당사항 없음";"해당사항 없음"
64;"01";"서울";"BMW";"X3";"중형SUV";"가솔린";6640;154.82;47.54;100.0;40.44;"해당사항 없음";"해당사항 없음"
65;"03";"강원";"BMW";"X3";"중형SUV";"디젤";6640;151.23;50.41;100.0;40.44;"해당사항 없음";"해당사항 없음"
64;"03";"강원";"BMW";"X3";"중형SUV";"가솔린";6640;152.02;49.36;100.0;40.44;"해당사항 없음";"해당사항 없음"
65;"14";"대구";"BMW";"X3";"중형SUV";"디젤";6640;147.59;56.0;100.0;40.44;"해당사항 없음";"해당사항 없음"
64;"14";"대구";"BMW";"X3";"중형SUV";"가솔린";6640;148.82;54.54;100.0;40.44;"해당사항 없음";"해당사항 없음"
65;"10";"부산";"BMW";"X3";"중형SUV";"디젤";6640;148.33;55.13;100.0;40.44;"해당사항 없음";"해당사항 없음"
64;"10";"부산";"BMW";"X3";"중형SUV";"가솔린";6640;149.72;52.92;100.0;40.44;"해당사항 없음";"해당사항 없음"
65;"17";"대전";"BMW";"X3";"중형SUV";"디젤";6640;148.37;55.09;100.0;40.44;"해당사항 없음";"해당사항 없음"
64;"17";"대전";"BMW";"X3";"중형SUV";"가솔린";6640;149.31;53.81;100.0;40.44;"해당사항 없음";"해당사항 없음"
161;"06";"전북";"제네시스";"Electrified G80";"준대형";"전기(배터리)";8468;79.55;84.33;49.95;39.79;"충전기당 전기차 수 : 1.46";"1800"
127;"06";"전북";"BMW";"i5";"준대형";"전기(배터리)";8490;81.4;83.32;49.95;39.77;"충전기당 전기차 수 : 1.46";"1800"
155;"11";"제주";"렉서스";"ES";"준대형";"하이브리드";6725;111.09;73.63;100.0;39.75;"해당사항 없음";"해당사항 없음"
155;"19";"세종";"렉서스";"ES";"준대형";"하이브리드";6725;109.14;73.89;100.0;39.75;"해당사항 없음";"해당사항 없음"
155;"18";"울산";"렉서스";"ES";"준대형";"하이브리드";6725;108.09;74.4;100.0;39.75;"해당사항 없음";"해당사항 없음"
155;"02";"경기";"렉서스";"ES";"준대형";"하이브리드";6725;109.12;73.95;100.0;39.75;"해당사항 없음";"해당사항 없음"
155;"01";"서울";"렉서스";"ES";"준대형";"하이브리드";6725;112.02;73.49;100.0;39.75;"해당사항 없음";"해당사항 없음"
155;"03";"강원";"렉서스";"ES";"준대형";"하이브리드";6725;109.99;73.77;100.0;39.75;"해당사항 없음";"해당사항 없음"
155;"14";"대구";"렉서스";"ES";"준대형";"하이브리드";6725;107.68;74.52;100.0;39.75;"해당사항 없음";"해당사항 없음"
155;"10";"부산";"렉서스";"ES";"준대형";"하이브리드";6725;108.33;74.3;100.0;39.75;"해당사항 없음";"해당사항 없음"
155;"17";"대전";"렉서스";"ES";"준대형";"하이브리드";6725;108.03;74.46;100.0;39.75;"해당사항 없음";"해당사항 없음"
155;"06";"전북";"렉서스";"ES";"준대형";"하이브리드";6725;109.39;73.85;100.0;39.75;"해당사항 없음";"해당사항 없음"
155;"05";"충남";"렉서스";"ES";"준대형";"하이브리드";6725;109.68;73.81;100.0;39.75;"해당사항 없음";"해당사항 없음"
155;"04";"충북";"렉서스";"ES";"준대형";"하이브리드";6725;109.74;73.79;100.0;39.75;"해당사항 없음";"해당사항 없음"
155;"08";"경북";"렉서스";"ES";"준대형";"하이브리드";6725;108.98;74.05;100.0;39.75;"해당사항 없음";"해당사항 없음"
155;"09";"경남";"렉서스";"ES";"준대형";"하이브리드";6725;109.0;74.03;100.0;39.75;"해당사항 없음";"해당사항 없음"
155;"20";"전남광주";"렉서스";"ES";"준대형";"하이브리드";6725;109.55;73.83;100.0;39.75;"해당사항 없음";"해당사항 없음"
155;"15";"인천";"렉서스";"ES";"준대형";"하이브리드";6725;108.57;74.17;100.0;39.75;"해당사항 없음";"해당사항 없음"
23;"19";"세종";"현대";"아이오닉 9";"대형SUV";"전기(배터리)";6759;83.33;82.88;95.0;39.43;"충전기당 전기차 수 : 0.88";"현재 지자체의 예산이 소진되어 지원금을 받을 수 없습니다"
23;"01";"서울";"현대";"아이오닉 9";"대형SUV";"전기(배터리)";6759;83.33;82.88;78.11;39.43;"충전기당 전기차 수 : 1.13";"현재 지자체의 예산이 소진되어 지원금을 받을 수 없습니다"
23;"14";"대구";"현대";"아이오닉 9";"대형SUV";"전기(배터리)";6759;83.33;82.88;66.84;39.43;"충전기당 전기차 수 : 1.42";"현재 지자체의 예산이 소진되어 지원금을 받을 수 없습니다"
23;"10";"부산";"현대";"아이오닉 9";"대형SUV";"전기(배터리)";6759;83.33;82.88;61.21;39.43;"충전기당 전기차 수 : 1.42";"현재 지자체의 예산이 소진되어 지원금을 받을 수 없습니다"
23;"15";"인천";"현대";"아이오닉 9";"대형SUV";"전기(배터리)";6759;83.33;82.88;16.16;39.43;"충전기당 전기차 수 : 1.75";"현재 지자체의 예산이 소진되어 지원금을 받을 수 없습니다"
23;"11";"제주";"현대";"아이오닉 9";"대형SUV";"전기(배터리)";6759;83.33;82.88;10.53;39.43;"충전기당 전기차 수 : 5.83";"현재 지자체의 예산이 소진되어 지원금을 받을 수 없습니다"
161;"18";"울산";"제네시스";"Electrified G80";"준대형";"전기(배터리)";8468;79.55;84.33;89.37;39.3;"충전기당 전기차 수 : 0.96";"1700"
161;"02";"경기";"제네시스";"Electrified G80";"준대형";"전기(배터리)";8468;79.55;84.33;83.74;39.3;"충전기당 전기차 수 : 1.01";"1700"
104;"11";"제주";"렉서스";"NX";"중형SUV";"하이브리드";6783;133.0;64.87;100.0;39.26;"해당사항 없음";"해당사항 없음"
104;"17";"대전";"렉서스";"NX";"중형SUV";"하이브리드";6783;129.33;67.07;100.0;39.26;"해당사항 없음";"해당사항 없음"
104;"06";"전북";"렉서스";"NX";"중형SUV";"하이브리드";6783;130.96;66.18;100.0;39.26;"해당사항 없음";"해당사항 없음"
104;"05";"충남";"렉서스";"NX";"중형SUV";"하이브리드";6783;131.3;66.0;100.0;39.26;"해당사항 없음";"해당사항 없음"
104;"04";"충북";"렉서스";"NX";"중형SUV";"하이브리드";6783;131.38;65.92;100.0;39.26;"해당사항 없음";"해당사항 없음"
104;"08";"경북";"렉서스";"NX";"중형SUV";"하이브리드";6783;130.47;66.48;100.0;39.26;"해당사항 없음";"해당사항 없음"
104;"09";"경남";"렉서스";"NX";"중형SUV";"하이브리드";6783;130.49;66.46;100.0;39.26;"해당사항 없음";"해당사항 없음"
104;"20";"전남광주";"렉서스";"NX";"중형SUV";"하이브리드";6783;131.15;66.12;100.0;39.26;"해당사항 없음";"해당사항 없음"
104;"15";"인천";"렉서스";"NX";"중형SUV";"하이브리드";6783;129.98;66.75;100.0;39.26;"해당사항 없음";"해당사항 없음"
104;"19";"세종";"렉서스";"NX";"중형SUV";"하이브리드";6783;130.66;66.38;100.0;39.26;"해당사항 없음";"해당사항 없음"
104;"18";"울산";"렉서스";"NX";"중형SUV";"하이브리드";6783;129.4;67.01;100.0;39.26;"해당사항 없음";"해당사항 없음"
104;"02";"경기";"렉서스";"NX";"중형SUV";"하이브리드";6783;130.63;66.4;100.0;39.26;"해당사항 없음";"해당사항 없음"
104;"01";"서울";"렉서스";"NX";"중형SUV";"하이브리드";6783;134.11;64.38;100.0;39.26;"해당사항 없음";"해당사항 없음"
104;"03";"강원";"렉서스";"NX";"중형SUV";"하이브리드";6783;131.68;65.67;100.0;39.26;"해당사항 없음";"해당사항 없음"
104;"14";"대구";"렉서스";"NX";"중형SUV";"하이브리드";6783;128.91;67.19;100.0;39.26;"해당사항 없음";"해당사항 없음"
104;"10";"부산";"렉서스";"NX";"중형SUV";"하이브리드";6783;129.69;66.89;100.0;39.26;"해당사항 없음";"해당사항 없음"
244;"19";"세종";"BMW";"2 Series";"준중형";"가솔린";6790;178.4;33.7;100.0;38.94;"해당사항 없음";"해당사항 없음"
244;"18";"울산";"BMW";"2 Series";"준중형";"가솔린";6790;176.69;35.2;100.0;38.94;"해당사항 없음";"해당사항 없음"
244;"02";"경기";"BMW";"2 Series";"준중형";"가솔린";6790;178.36;33.76;100.0;38.94;"해당사항 없음";"해당사항 없음"
244;"01";"서울";"BMW";"2 Series";"준중형";"가솔린";6790;183.11;30.52;100.0;38.94;"해당사항 없음";"해당사항 없음"
244;"03";"강원";"BMW";"2 Series";"준중형";"가솔린";6790;179.79;32.54;100.0;38.94;"해당사항 없음";"해당사항 없음"
244;"14";"대구";"BMW";"2 Series";"준중형";"가솔린";6790;176.01;35.7;100.0;38.94;"해당사항 없음";"해당사항 없음"
244;"10";"부산";"BMW";"2 Series";"준중형";"가솔린";6790;177.08;34.89;100.0;38.94;"해당사항 없음";"해당사항 없음"
244;"15";"인천";"BMW";"2 Series";"준중형";"가솔린";6790;177.47;34.63;100.0;38.94;"해당사항 없음";"해당사항 없음"
244;"11";"제주";"BMW";"2 Series";"준중형";"가솔린";6790;181.6;31.45;100.0;38.94;"해당사항 없음";"해당사항 없음"
127;"18";"울산";"BMW";"i5";"준대형";"전기(배터리)";8490;81.4;83.32;89.37;38.94;"충전기당 전기차 수 : 0.96";"1700"
127;"02";"경기";"BMW";"i5";"준대형";"전기(배터리)";8490;81.4;83.32;83.74;38.94;"충전기당 전기차 수 : 1.01";"1700"
244;"17";"대전";"BMW";"2 Series";"준중형";"가솔린";6790;176.59;35.36;100.0;38.94;"해당사항 없음";"해당사항 없음"
244;"06";"전북";"BMW";"2 Series";"준중형";"가솔린";6790;178.82;33.43;100.0;38.94;"해당사항 없음";"해당사항 없음"
244;"05";"충남";"BMW";"2 Series";"준중형";"가솔린";6790;179.28;32.89;100.0;38.94;"해당사항 없음";"해당사항 없음"
244;"04";"충북";"BMW";"2 Series";"준중형";"가솔린";6790;179.39;32.81;100.0;38.94;"해당사항 없음";"해당사항 없음"
244;"08";"경북";"BMW";"2 Series";"준중형";"가솔린";6790;178.15;34.0;100.0;38.94;"해당사항 없음";"해당사항 없음"
244;"09";"경남";"BMW";"2 Series";"준중형";"가솔린";6790;178.17;33.94;100.0;38.94;"해당사항 없음";"해당사항 없음"
244;"20";"전남광주";"BMW";"2 Series";"준중형";"가솔린";6790;179.07;33.11;100.0;38.94;"해당사항 없음";"해당사항 없음"
278;"17";"대전";"혼다";"Pilot";"대형SUV";"가솔린";6810;219.95;16.11;100.0;38.58;"해당사항 없음";"해당사항 없음"
278;"06";"전북";"혼다";"Pilot";"대형SUV";"가솔린";6810;222.72;14.33;100.0;38.58;"해당사항 없음";"해당사항 없음"
278;"05";"충남";"혼다";"Pilot";"대형SUV";"가솔린";6810;223.29;13.95;100.0;38.58;"해당사항 없음";"해당사항 없음"
278;"04";"충북";"혼다";"Pilot";"대형SUV";"가솔린";6810;223.43;13.93;100.0;38.58;"해당사항 없음";"해당사항 없음"
278;"08";"경북";"혼다";"Pilot";"대형SUV";"가솔린";6810;221.88;14.78;100.0;38.58;"해당사항 없음";"해당사항 없음"
278;"09";"경남";"혼다";"Pilot";"대형SUV";"가솔린";6810;221.91;14.69;100.0;38.58;"해당사항 없음";"해당사항 없음"
278;"20";"전남광주";"혼다";"Pilot";"대형SUV";"가솔린";6810;223.03;14.23;100.0;38.58;"해당사항 없음";"해당사항 없음"
278;"19";"세종";"혼다";"Pilot";"대형SUV";"가솔린";6810;222.2;14.51;100.0;38.58;"해당사항 없음";"해당사항 없음"
278;"18";"울산";"혼다";"Pilot";"대형SUV";"가솔린";6810;220.06;16.01;100.0;38.58;"해당사항 없음";"해당사항 없음"
278;"02";"경기";"혼다";"Pilot";"대형SUV";"가솔린";6810;222.15;14.59;100.0;38.58;"해당사항 없음";"해당사항 없음"
278;"01";"서울";"혼다";"Pilot";"대형SUV";"가솔린";6810;228.06;12.06;100.0;38.58;"해당사항 없음";"해당사항 없음"
278;"03";"강원";"혼다";"Pilot";"대형SUV";"가솔린";6810;223.93;13.7;100.0;38.58;"해당사항 없음";"해당사항 없음"
278;"14";"대구";"혼다";"Pilot";"대형SUV";"가솔린";6810;219.22;16.74;100.0;38.58;"해당사항 없음";"해당사항 없음"
278;"10";"부산";"혼다";"Pilot";"대형SUV";"가솔린";6810;220.55;15.63;100.0;38.58;"해당사항 없음";"해당사항 없음"
278;"15";"인천";"혼다";"Pilot";"대형SUV";"가솔린";6810;221.04;15.26;100.0;38.58;"해당사항 없음";"해당사항 없음"
278;"11";"제주";"혼다";"Pilot";"대형SUV";"가솔린";6810;226.18;12.71;100.0;38.58;"해당사항 없음";"해당사항 없음"
42;"15";"인천";"제네시스";"GV80";"대형SUV";"가솔린";6886;217.14;18.4;100.0;38.25;"해당사항 없음";"해당사항 없음"
42;"11";"제주";"제네시스";"GV80";"대형SUV";"가솔린";6886;222.19;14.57;100.0;38.25;"해당사항 없음";"해당사항 없음"
42;"17";"대전";"제네시스";"GV80";"대형SUV";"가솔린";6886;216.06;19.03;100.0;38.25;"해당사항 없음";"해당사항 없음"
42;"06";"전북";"제네시스";"GV80";"대형SUV";"가솔린";6886;218.79;17.04;100.0;38.25;"해당사항 없음";"해당사항 없음"
42;"05";"충남";"제네시스";"GV80";"대형SUV";"가솔린";6886;219.35;16.52;100.0;38.25;"해당사항 없음";"해당사항 없음"
42;"04";"충북";"제네시스";"GV80";"대형SUV";"가솔린";6886;219.48;16.43;100.0;38.25;"해당사항 없음";"해당사항 없음"
42;"08";"경북";"제네시스";"GV80";"대형SUV";"가솔린";6886;217.97;17.65;100.0;38.25;"해당사항 없음";"해당사항 없음"
42;"09";"경남";"제네시스";"GV80";"대형SUV";"가솔린";6886;217.99;17.59;100.0;38.25;"해당사항 없음";"해당사항 없음"
42;"20";"전남광주";"제네시스";"GV80";"대형SUV";"가솔린";6886;219.09;16.8;100.0;38.25;"해당사항 없음";"해당사항 없음"
42;"19";"세종";"제네시스";"GV80";"대형SUV";"가솔린";6886;218.28;17.43;100.0;38.25;"해당사항 없음";"해당사항 없음"
42;"18";"울산";"제네시스";"GV80";"대형SUV";"가솔린";6886;216.18;18.84;100.0;38.25;"해당사항 없음";"해당사항 없음"
42;"02";"경기";"제네시스";"GV80";"대형SUV";"가솔린";6886;218.23;17.49;100.0;38.25;"해당사항 없음";"해당사항 없음"
42;"01";"서울";"제네시스";"GV80";"대형SUV";"가솔린";6886;224.04;13.62;100.0;38.25;"해당사항 없음";"해당사항 없음"
42;"03";"강원";"제네시스";"GV80";"대형SUV";"가솔린";6886;219.98;16.09;100.0;38.25;"해당사항 없음";"해당사항 없음"
42;"14";"대구";"제네시스";"GV80";"대형SUV";"가솔린";6886;215.35;19.55;100.0;38.25;"해당사항 없음";"해당사항 없음"
42;"10";"부산";"제네시스";"GV80";"대형SUV";"가솔린";6886;216.66;18.58;100.0;38.25;"해당사항 없음";"해당사항 없음"
245;"19";"세종";"벤츠";"EQB";"소형SUV";"전기(배터리)";6888;85.37;81.91;95.0;37.93;"충전기당 전기차 수 : 0.88";"현재 지자체의 예산이 소진되어 지원금을 받을 수 없습니다"
245;"01";"서울";"벤츠";"EQB";"소형SUV";"전기(배터리)";6888;85.37;81.91;78.11;37.93;"충전기당 전기차 수 : 1.13";"현재 지자체의 예산이 소진되어 지원금을 받을 수 없습니다"
245;"14";"대구";"벤츠";"EQB";"소형SUV";"전기(배터리)";6888;85.37;81.91;66.84;37.93;"충전기당 전기차 수 : 1.42";"현재 지자체의 예산이 소진되어 지원금을 받을 수 없습니다"
245;"10";"부산";"벤츠";"EQB";"소형SUV";"전기(배터리)";6888;85.37;81.91;61.21;37.93;"충전기당 전기차 수 : 1.42";"현재 지자체의 예산이 소진되어 지원금을 받을 수 없습니다"
245;"15";"인천";"벤츠";"EQB";"소형SUV";"전기(배터리)";6888;85.37;81.91;16.16;37.93;"충전기당 전기차 수 : 1.75";"현재 지자체의 예산이 소진되어 지원금을 받을 수 없습니다"
245;"11";"제주";"벤츠";"EQB";"소형SUV";"전기(배터리)";6888;85.37;81.91;10.53;37.93;"충전기당 전기차 수 : 5.83";"현재 지자체의 예산이 소진되어 지원금을 받을 수 없습니다"
234;"15";"인천";"폭스바겐";"Atlas";"대형SUV";"가솔린";6904;217.14;18.4;100.0;37.81;"해당사항 없음";"해당사항 없음"
234;"11";"제주";"폭스바겐";"Atlas";"대형SUV";"가솔린";6904;222.19;14.57;100.0;37.81;"해당사항 없음";"해당사항 없음"
234;"19";"세종";"폭스바겐";"Atlas";"대형SUV";"가솔린";6904;218.28;17.43;100.0;37.81;"해당사항 없음";"해당사항 없음"
234;"18";"울산";"폭스바겐";"Atlas";"대형SUV";"가솔린";6904;216.18;18.84;100.0;37.81;"해당사항 없음";"해당사항 없음"
234;"02";"경기";"폭스바겐";"Atlas";"대형SUV";"가솔린";6904;218.23;17.49;100.0;37.81;"해당사항 없음";"해당사항 없음"
234;"01";"서울";"폭스바겐";"Atlas";"대형SUV";"가솔린";6904;224.04;13.62;100.0;37.81;"해당사항 없음";"해당사항 없음"
234;"03";"강원";"폭스바겐";"Atlas";"대형SUV";"가솔린";6904;219.98;16.09;100.0;37.81;"해당사항 없음";"해당사항 없음"
234;"14";"대구";"폭스바겐";"Atlas";"대형SUV";"가솔린";6904;215.35;19.55;100.0;37.81;"해당사항 없음";"해당사항 없음"
234;"10";"부산";"폭스바겐";"Atlas";"대형SUV";"가솔린";6904;216.66;18.58;100.0;37.81;"해당사항 없음";"해당사항 없음"
234;"17";"대전";"폭스바겐";"Atlas";"대형SUV";"가솔린";6904;216.06;19.03;100.0;37.81;"해당사항 없음";"해당사항 없음"
234;"06";"전북";"폭스바겐";"Atlas";"대형SUV";"가솔린";6904;218.79;17.04;100.0;37.81;"해당사항 없음";"해당사항 없음"
234;"05";"충남";"폭스바겐";"Atlas";"대형SUV";"가솔린";6904;219.35;16.52;100.0;37.81;"해당사항 없음";"해당사항 없음"
234;"04";"충북";"폭스바겐";"Atlas";"대형SUV";"가솔린";6904;219.48;16.43;100.0;37.81;"해당사항 없음";"해당사항 없음"
234;"08";"경북";"폭스바겐";"Atlas";"대형SUV";"가솔린";6904;217.97;17.65;100.0;37.81;"해당사항 없음";"해당사항 없음"
234;"09";"경남";"폭스바겐";"Atlas";"대형SUV";"가솔린";6904;217.99;17.59;100.0;37.81;"해당사항 없음";"해당사항 없음"
234;"20";"전남광주";"폭스바겐";"Atlas";"대형SUV";"가솔린";6904;219.09;16.8;100.0;37.81;"해당사항 없음";"해당사항 없음"
160;"19";"세종";"BMW";"i4";"중형";"전기(배터리)";6960;79.55;84.33;95.0;37.48;"충전기당 전기차 수 : 0.88";"현재 지자체의 예산이 소진되어 지원금을 받을 수 없습니다"
160;"01";"서울";"BMW";"i4";"중형";"전기(배터리)";6960;79.55;84.33;78.11;37.48;"충전기당 전기차 수 : 1.13";"현재 지자체의 예산이 소진되어 지원금을 받을 수 없습니다"
160;"14";"대구";"BMW";"i4";"중형";"전기(배터리)";6960;79.55;84.33;66.84;37.48;"충전기당 전기차 수 : 1.42";"현재 지자체의 예산이 소진되어 지원금을 받을 수 없습니다"
160;"10";"부산";"BMW";"i4";"중형";"전기(배터리)";6960;79.55;84.33;61.21;37.48;"충전기당 전기차 수 : 1.42";"현재 지자체의 예산이 소진되어 지원금을 받을 수 없습니다"
160;"15";"인천";"BMW";"i4";"중형";"전기(배터리)";6960;79.55;84.33;16.16;37.48;"충전기당 전기차 수 : 1.75";"현재 지자체의 예산이 소진되어 지원금을 받을 수 없습니다"
160;"11";"제주";"BMW";"i4";"중형";"전기(배터리)";6960;79.55;84.33;10.53;37.48;"충전기당 전기차 수 : 5.83";"현재 지자체의 예산이 소진되어 지원금을 받을 수 없습니다"
212;"15";"인천";"BMW";"Z4";"스포츠카";"가솔린";7010;176.62;35.3;100.0;37.36;"해당사항 없음";"해당사항 없음"
212;"11";"제주";"BMW";"Z4";"스포츠카";"가솔린";7010;180.73;31.92;100.0;37.36;"해당사항 없음";"해당사항 없음"
212;"17";"대전";"BMW";"Z4";"스포츠카";"가솔린";7010;175.75;35.96;100.0;37.36;"해당사항 없음";"해당사항 없음"
212;"06";"전북";"BMW";"Z4";"스포츠카";"가솔린";7010;177.96;34.16;100.0;37.36;"해당사항 없음";"해당사항 없음"
212;"05";"충남";"BMW";"Z4";"스포츠카";"가솔린";7010;178.42;33.64;100.0;37.36;"해당사항 없음";"해당사항 없음"
212;"04";"충북";"BMW";"Z4";"스포츠카";"가솔린";7010;178.53;33.58;100.0;37.36;"해당사항 없음";"해당사항 없음"
212;"08";"경북";"BMW";"Z4";"스포츠카";"가솔린";7010;177.29;34.79;100.0;37.36;"해당사항 없음";"해당사항 없음"
212;"09";"경남";"BMW";"Z4";"스포츠카";"가솔린";7010;177.31;34.75;100.0;37.36;"해당사항 없음";"해당사항 없음"
212;"20";"전남광주";"BMW";"Z4";"스포츠카";"가솔린";7010;178.21;33.84;100.0;37.36;"해당사항 없음";"해당사항 없음"
212;"19";"세종";"BMW";"Z4";"스포츠카";"가솔린";7010;177.55;34.47;100.0;37.36;"해당사항 없음";"해당사항 없음"
212;"18";"울산";"BMW";"Z4";"스포츠카";"가솔린";7010;175.84;35.88;100.0;37.36;"해당사항 없음";"해당사항 없음"
212;"02";"경기";"BMW";"Z4";"스포츠카";"가솔린";7010;177.51;34.55;100.0;37.36;"해당사항 없음";"해당사항 없음"
212;"01";"서울";"BMW";"Z4";"스포츠카";"가솔린";7010;182.23;30.99;100.0;37.36;"해당사항 없음";"해당사항 없음"
212;"03";"강원";"BMW";"Z4";"스포츠카";"가솔린";7010;178.93;33.27;100.0;37.36;"해당사항 없음";"해당사항 없음"
212;"14";"대구";"BMW";"Z4";"스포츠카";"가솔린";7010;175.17;36.35;100.0;37.36;"해당사항 없음";"해당사항 없음"
212;"10";"부산";"BMW";"Z4";"스포츠카";"가솔린";7010;176.23;35.64;100.0;37.36;"해당사항 없음";"해당사항 없음"
195;"19";"세종";"아우디";"A6";"준대형";"디젤";7098;161.53;43.47;100.0;37.04;"해당사항 없음";"해당사항 없음"
194;"19";"세종";"아우디";"A6";"준대형";"가솔린";7098;162.76;42.72;100.0;37.04;"해당사항 없음";"해당사항 없음"
195;"18";"울산";"아우디";"A6";"준대형";"디젤";7098;160.21;44.16;100.0;37.04;"해당사항 없음";"해당사항 없음"
194;"18";"울산";"아우디";"A6";"준대형";"가솔린";7098;161.19;43.72;100.0;37.04;"해당사항 없음";"해당사항 없음"
195;"02";"경기";"아우디";"A6";"준대형";"디젤";7098;161.25;43.61;100.0;37.04;"해당사항 없음";"해당사항 없음"
194;"02";"경기";"아우디";"A6";"준대형";"가솔린";7098;162.72;42.76;100.0;37.04;"해당사항 없음";"해당사항 없음"
195;"01";"서울";"아우디";"A6";"준대형";"디젤";7098;165.48;41.23;100.0;37.04;"해당사항 없음";"해당사항 없음"
194;"01";"서울";"아우디";"A6";"준대형";"가솔린";7098;167.04;40.09;100.0;37.04;"해당사항 없음";"해당사항 없음"
195;"03";"강원";"아우디";"A6";"준대형";"디젤";7098;163.17;42.58;100.0;37.04;"해당사항 없음";"해당사항 없음"
194;"03";"강원";"아우디";"A6";"준대형";"가솔린";7098;164.02;42.06;100.0;37.04;"해당사항 없음";"해당사항 없음"
195;"14";"대구";"아우디";"A6";"준대형";"디젤";7098;159.24;44.75;100.0;37.04;"해당사항 없음";"해당사항 없음"
194;"14";"대구";"아우디";"A6";"준대형";"가솔린";7098;160.57;43.94;100.0;37.04;"해당사항 없음";"해당사항 없음"
195;"10";"부산";"아우디";"A6";"준대형";"디젤";7098;160.04;44.32;100.0;37.04;"해당사항 없음";"해당사항 없음"
194;"10";"부산";"아우디";"A6";"준대형";"가솔린";7098;161.54;43.41;100.0;37.04;"해당사항 없음";"해당사항 없음"
195;"17";"대전";"아우디";"A6";"준대형";"디젤";7098;160.08;44.24;100.0;37.04;"해당사항 없음";"해당사항 없음"
194;"17";"대전";"아우디";"A6";"준대형";"가솔린";7098;161.1;43.8;100.0;37.04;"해당사항 없음";"해당사항 없음"
195;"15";"인천";"아우디";"A6";"준대형";"디젤";7098;160.47;44.06;100.0;37.04;"해당사항 없음";"해당사항 없음"
194;"15";"인천";"아우디";"A6";"준대형";"가솔린";7098;161.9;43.31;100.0;37.04;"해당사항 없음";"해당사항 없음"
195;"11";"제주";"아우디";"A6";"준대형";"디젤";7098;164.03;42.02;100.0;37.04;"해당사항 없음";"해당사항 없음"
194;"11";"제주";"아우디";"A6";"준대형";"가솔린";7098;165.67;40.96;100.0;37.04;"해당사항 없음";"해당사항 없음"
195;"06";"전북";"아우디";"A6";"준대형";"디젤";7098;162.01;43.25;100.0;37.04;"해당사항 없음";"해당사항 없음"
194;"06";"전북";"아우디";"A6";"준대형";"가솔린";7098;163.13;42.62;100.0;37.04;"해당사항 없음";"해당사항 없음"
195;"05";"충남";"아우디";"A6";"준대형";"디젤";7098;162.34;43.05;100.0;37.04;"해당사항 없음";"해당사항 없음"
194;"05";"충남";"아우디";"A6";"준대형";"가솔린";7098;163.55;42.24;100.0;37.04;"해당사항 없음";"해당사항 없음"
195;"04";"충북";"아우디";"A6";"준대형";"디젤";7098;162.39;42.99;100.0;37.04;"해당사항 없음";"해당사항 없음"
194;"04";"충북";"아우디";"A6";"준대형";"가솔린";7098;163.65;42.2;100.0;37.04;"해당사항 없음";"해당사항 없음"
195;"08";"경북";"아우디";"A6";"준대형";"디젤";7098;161.29;43.57;100.0;37.04;"해당사항 없음";"해당사항 없음"
194;"08";"경북";"아우디";"A6";"준대형";"가솔린";7098;162.52;42.93;100.0;37.04;"해당사항 없음";"해당사항 없음"
195;"09";"경남";"아우디";"A6";"준대형";"디젤";7098;161.15;43.76;100.0;37.04;"해당사항 없음";"해당사항 없음"
194;"09";"경남";"아우디";"A6";"준대형";"가솔린";7098;162.54;42.89;100.0;37.04;"해당사항 없음";"해당사항 없음"
195;"20";"전남광주";"아우디";"A6";"준대형";"디젤";7098;162.32;43.09;100.0;37.04;"해당사항 없음";"해당사항 없음"
194;"20";"전남광주";"아우디";"A6";"준대형";"가솔린";7098;163.36;42.42;100.0;37.04;"해당사항 없음";"해당사항 없음"
210;"20";"전남광주";"아우디";"A6 e-tron";"준대형";"전기(배터리)";9459;77.78;86.01;21.79;36.39;"충전기당 전기차 수 : 1.65";"2300"
128;"19";"세종";"렉서스";"All New ES Electric";"준대형";"전기(배터리)";7160;63.06;95.0;95.0;36.37;"충전기당 전기차 수 : 0.88";"현재 지자체의 예산이 소진되어 지원금을 받을 수 없습니다"
128;"01";"서울";"렉서스";"All New ES Electric";"준대형";"전기(배터리)";7160;63.06;95.0;78.11;36.37;"충전기당 전기차 수 : 1.13";"현재 지자체의 예산이 소진되어 지원금을 받을 수 없습니다"
128;"14";"대구";"렉서스";"All New ES Electric";"준대형";"전기(배터리)";7160;63.06;95.0;66.84;36.37;"충전기당 전기차 수 : 1.42";"현재 지자체의 예산이 소진되어 지원금을 받을 수 없습니다"
128;"10";"부산";"렉서스";"All New ES Electric";"준대형";"전기(배터리)";7160;63.06;95.0;61.21;36.37;"충전기당 전기차 수 : 1.42";"현재 지자체의 예산이 소진되어 지원금을 받을 수 없습니다"
128;"15";"인천";"렉서스";"All New ES Electric";"준대형";"전기(배터리)";7160;63.06;95.0;16.16;36.37;"충전기당 전기차 수 : 1.75";"현재 지자체의 예산이 소진되어 지원금을 받을 수 없습니다"
128;"11";"제주";"렉서스";"All New ES Electric";"준대형";"전기(배터리)";7160;63.06;95.0;10.53;36.37;"충전기당 전기차 수 : 5.83";"현재 지자체의 예산이 소진되어 지원금을 받을 수 없습니다"
197;"20";"전남광주";"아우디";"Q6 e-tron";"중형SUV";"전기(배터리)";9522;86.42;81.16;21.79;36.25;"충전기당 전기차 수 : 1.65";"2300"
210;"05";"충남";"아우디";"A6 e-tron";"준대형";"전기(배터리)";9459;77.78;86.01;44.32;36.23;"충전기당 전기차 수 : 1.48";"2200"
210;"04";"충북";"아우디";"A6 e-tron";"준대형";"전기(배터리)";9459;77.78;86.01;38.69;36.23;"충전기당 전기차 수 : 1.52";"2200"
125;"15";"인천";"벤츠";"CLE";"중형";"가솔린";7287;174.12;36.98;100.0;36.19;"해당사항 없음";"해당사항 없음"
125;"11";"제주";"벤츠";"CLE";"중형";"가솔린";7287;178.17;33.94;100.0;36.19;"해당사항 없음";"해당사항 없음"
125;"19";"세종";"벤츠";"CLE";"중형";"가솔린";7287;175.04;36.41;100.0;36.19;"해당사항 없음";"해당사항 없음"
125;"18";"울산";"벤츠";"CLE";"중형";"가솔린";7287;173.35;37.32;100.0;36.19;"해당사항 없음";"해당사항 없음"
125;"02";"경기";"벤츠";"CLE";"중형";"가솔린";7287;175.0;36.47;100.0;36.19;"해당사항 없음";"해당사항 없음"
125;"01";"서울";"벤츠";"CLE";"중형";"가솔린";7287;179.65;32.69;100.0;36.19;"해당사항 없음";"해당사항 없음"
125;"03";"강원";"벤츠";"CLE";"중형";"가솔린";7287;176.4;35.52;100.0;36.19;"해당사항 없음";"해당사항 없음"
125;"14";"대구";"벤츠";"CLE";"중형";"가솔린";7287;172.69;37.6;100.0;36.19;"해당사항 없음";"해당사항 없음"
125;"10";"부산";"벤츠";"CLE";"중형";"가솔린";7287;173.74;37.18;100.0;36.19;"해당사항 없음";"해당사항 없음"
125;"17";"대전";"벤츠";"CLE";"중형";"가솔린";7287;173.26;37.38;100.0;36.19;"해당사항 없음";"해당사항 없음"
125;"06";"전북";"벤츠";"CLE";"중형";"가솔린";7287;175.44;36.21;100.0;36.19;"해당사항 없음";"해당사항 없음"
125;"05";"충남";"벤츠";"CLE";"중형";"가솔린";7287;175.9;35.82;100.0;36.19;"해당사항 없음";"해당사항 없음"
125;"04";"충북";"벤츠";"CLE";"중형";"가솔린";7287;176.0;35.74;100.0;36.19;"해당사항 없음";"해당사항 없음"
125;"08";"경북";"벤츠";"CLE";"중형";"가솔린";7287;174.78;36.63;100.0;36.19;"해당사항 없음";"해당사항 없음"
125;"09";"경남";"벤츠";"CLE";"중형";"가솔린";7287;174.81;36.59;100.0;36.19;"해당사항 없음";"해당사항 없음"
125;"20";"전남광주";"벤츠";"CLE";"중형";"가솔린";7287;175.69;36.01;100.0;36.19;"해당사항 없음";"해당사항 없음"
120;"19";"세종";"볼보";"ES90";"준대형";"전기(배터리)";7294;78.65;85.35;95.0;35.86;"충전기당 전기차 수 : 0.88";"현재 지자체의 예산이 소진되어 지원금을 받을 수 없습니다"
120;"01";"서울";"볼보";"ES90";"준대형";"전기(배터리)";7294;78.65;85.35;78.11;35.86;"충전기당 전기차 수 : 1.13";"현재 지자체의 예산이 소진되어 지원금을 받을 수 없습니다"
120;"14";"대구";"볼보";"ES90";"준대형";"전기(배터리)";7294;78.65;85.35;66.84;35.86;"충전기당 전기차 수 : 1.42";"현재 지자체의 예산이 소진되어 지원금을 받을 수 없습니다"
120;"10";"부산";"볼보";"ES90";"준대형";"전기(배터리)";7294;78.65;85.35;61.21;35.86;"충전기당 전기차 수 : 1.42";"현재 지자체의 예산이 소진되어 지원금을 받을 수 없습니다"
120;"15";"인천";"볼보";"ES90";"준대형";"전기(배터리)";7294;78.65;85.35;16.16;35.86;"충전기당 전기차 수 : 1.75";"현재 지자체의 예산이 소진되어 지원금을 받을 수 없습니다"
120;"11";"제주";"볼보";"ES90";"준대형";"전기(배터리)";7294;78.65;85.35;10.53;35.86;"충전기당 전기차 수 : 5.83";"현재 지자체의 예산이 소진되어 지원금을 받을 수 없습니다"
274;"15";"인천";"지프";"Gladiator";"픽업/밴";"가솔린";7310;288.39;5.59;100.0;35.74;"해당사항 없음";"해당사항 없음"
274;"11";"제주";"지프";"Gladiator";"픽업/밴";"가솔린";7310;295.09;5.26;100.0;35.74;"해당사항 없음";"해당사항 없음"
274;"17";"대전";"지프";"Gladiator";"픽업/밴";"가솔린";7310;286.96;5.69;100.0;35.74;"해당사항 없음";"해당사항 없음"
274;"06";"전북";"지프";"Gladiator";"픽업/밴";"가솔린";7310;290.58;5.47;100.0;35.74;"해당사항 없음";"해당사항 없음"
274;"05";"충남";"지프";"Gladiator";"픽업/밴";"가솔린";7310;291.33;5.43;100.0;35.74;"해당사항 없음";"해당사항 없음"
274;"04";"충북";"지프";"Gladiator";"픽업/밴";"가솔린";7310;291.5;5.4;100.0;35.74;"해당사항 없음";"해당사항 없음"
274;"08";"경북";"지프";"Gladiator";"픽업/밴";"가솔린";7310;289.49;5.57;100.0;35.74;"해당사항 없음";"해당사항 없음"
274;"09";"경남";"지프";"Gladiator";"픽업/밴";"가솔린";7310;289.52;5.55;100.0;35.74;"해당사항 없음";"해당사항 없음"
274;"20";"전남광주";"지프";"Gladiator";"픽업/밴";"가솔린";7310;290.98;5.45;100.0;35.74;"해당사항 없음";"해당사항 없음"
274;"19";"세종";"지프";"Gladiator";"픽업/밴";"가솔린";7310;289.91;5.51;100.0;35.74;"해당사항 없음";"해당사항 없음"
274;"18";"울산";"지프";"Gladiator";"픽업/밴";"가솔린";7310;287.12;5.65;100.0;35.74;"해당사항 없음";"해당사항 없음"
274;"02";"경기";"지프";"Gladiator";"픽업/밴";"가솔린";7310;289.84;5.53;100.0;35.74;"해당사항 없음";"해당사항 없음"
274;"01";"서울";"지프";"Gladiator";"픽업/밴";"가솔린";7310;297.55;5.14;100.0;35.74;"해당사항 없음";"해당사항 없음"
274;"03";"강원";"지프";"Gladiator";"픽업/밴";"가솔린";7310;292.16;5.38;100.0;35.74;"해당사항 없음";"해당사항 없음"
274;"14";"대구";"지프";"Gladiator";"픽업/밴";"가솔린";7310;286.02;5.77;100.0;35.74;"해당사항 없음";"해당사항 없음"
274;"10";"부산";"지프";"Gladiator";"픽업/밴";"가솔린";7310;287.75;5.61;100.0;35.74;"해당사항 없음";"해당사항 없음"
197;"05";"충남";"아우디";"Q6 e-tron";"중형SUV";"전기(배터리)";9522;86.42;81.16;44.32;35.42;"충전기당 전기차 수 : 1.48";"2200"
197;"04";"충북";"아우디";"Q6 e-tron";"중형SUV";"전기(배터리)";9522;86.42;81.16;38.69;35.42;"충전기당 전기차 수 : 1.52";"2200"
224;"20";"전남광주";"벤츠";"EQE SUV";"대형SUV";"전기(배터리)";9646;87.5;80.71;21.79;35.38;"충전기당 전기차 수 : 1.65";"2300"
210;"08";"경북";"아우디";"A6 e-tron";"준대형";"전기(배터리)";9459;77.78;86.01;33.06;35.36;"충전기당 전기차 수 : 1.58";"2100"
210;"09";"경남";"아우디";"A6 e-tron";"준대형";"전기(배터리)";9459;77.78;86.01;27.43;35.36;"충전기당 전기차 수 : 1.64";"2100"
210;"03";"강원";"아우디";"A6 e-tron";"준대형";"전기(배터리)";9459;77.78;86.01;72.48;35.32;"충전기당 전기차 수 : 1.22";"2040"
261;"15";"인천";"포드";"Bronco";"중형SUV";"가솔린";7420;222.37;14.49;100.0;35.3;"해당사항 없음";"해당사항 없음"
261;"11";"제주";"포드";"Bronco";"중형SUV";"가솔린";7420;227.54;12.2;100.0;35.3;"해당사항 없음";"해당사항 없음"
261;"19";"세종";"포드";"Bronco";"중형SUV";"가솔린";7420;223.54;13.76;100.0;35.3;"해당사항 없음";"해당사항 없음"
261;"18";"울산";"포드";"Bronco";"중형SUV";"가솔린";7420;221.39;15.0;100.0;35.3;"해당사항 없음";"해당사항 없음"
261;"02";"경기";"포드";"Bronco";"중형SUV";"가솔린";7420;223.49;13.9;100.0;35.3;"해당사항 없음";"해당사항 없음"
261;"01";"서울";"포드";"Bronco";"중형SUV";"가솔린";7420;229.43;11.76;100.0;35.3;"해당사항 없음";"해당사항 없음"
261;"03";"강원";"포드";"Bronco";"중형SUV";"가솔린";7420;225.28;13.05;100.0;35.3;"해당사항 없음";"해당사항 없음"
261;"14";"대구";"포드";"Bronco";"중형SUV";"가솔린";7420;220.54;15.69;100.0;35.3;"해당사항 없음";"해당사항 없음"
261;"10";"부산";"포드";"Bronco";"중형SUV";"가솔린";7420;221.88;14.78;100.0;35.3;"해당사항 없음";"해당사항 없음"
261;"17";"대전";"포드";"Bronco";"중형SUV";"가솔린";7420;221.27;15.24;100.0;35.3;"해당사항 없음";"해당사항 없음"
261;"06";"전북";"포드";"Bronco";"중형SUV";"가솔린";7420;224.06;13.56;100.0;35.3;"해당사항 없음";"해당사항 없음"
261;"05";"충남";"포드";"Bronco";"중형SUV";"가솔린";7420;224.64;13.28;100.0;35.3;"해당사항 없음";"해당사항 없음"
261;"04";"충북";"포드";"Bronco";"중형SUV";"가솔린";7420;224.77;13.22;100.0;35.3;"해당사항 없음";"해당사항 없음"
261;"08";"경북";"포드";"Bronco";"중형SUV";"가솔린";7420;223.22;14.17;100.0;35.3;"해당사항 없음";"해당사항 없음"
261;"09";"경남";"포드";"Bronco";"중형SUV";"가솔린";7420;223.25;14.07;100.0;35.3;"해당사항 없음";"해당사항 없음"
261;"20";"전남광주";"포드";"Bronco";"중형SUV";"가솔린";7420;224.37;13.4;100.0;35.3;"해당사항 없음";"해당사항 없음"
197;"08";"경북";"아우디";"Q6 e-tron";"중형SUV";"전기(배터리)";9522;86.42;81.16;33.06;34.97;"충전기당 전기차 수 : 1.58";"2100"
197;"09";"경남";"아우디";"Q6 e-tron";"중형SUV";"전기(배터리)";9522;86.42;81.16;27.43;34.97;"충전기당 전기차 수 : 1.64";"2100"
224;"05";"충남";"벤츠";"EQE SUV";"대형SUV";"전기(배터리)";9646;87.5;80.71;44.32;34.93;"충전기당 전기차 수 : 1.48";"2200"
224;"04";"충북";"벤츠";"EQE SUV";"대형SUV";"전기(배터리)";9646;87.5;80.71;38.69;34.93;"충전기당 전기차 수 : 1.52";"2200"
197;"03";"강원";"아우디";"Q6 e-tron";"중형SUV";"전기(배터리)";9522;86.42;81.16;72.48;34.89;"충전기당 전기차 수 : 1.22";"2040"
229;"20";"전남광주";"제네시스";"GV60 MAGMA";"중형SUV";"전기(배터리)";9788;94.59;77.51;21.79;34.87;"충전기당 전기차 수 : 1.65";"2300"
258;"11";"제주";"토요타";"Highlander";"대형SUV";"가솔린";7513;136.86;62.11;100.0;34.85;"해당사항 없음";"해당사항 없음"
258;"06";"전북";"토요타";"Highlander";"대형SUV";"가솔린";7513;134.76;63.93;100.0;34.85;"해당사항 없음";"해당사항 없음"
258;"05";"충남";"토요타";"Highlander";"대형SUV";"가솔린";7513;135.11;63.69;100.0;34.85;"해당사항 없음";"해당사항 없음"
258;"04";"충북";"토요타";"Highlander";"대형SUV";"가솔린";7513;135.19;63.57;100.0;34.85;"해당사항 없음";"해당사항 없음"
258;"08";"경북";"토요타";"Highlander";"대형SUV";"가솔린";7513;134.26;64.26;100.0;34.85;"해당사항 없음";"해당사항 없음"
258;"09";"경남";"토요타";"Highlander";"대형SUV";"가솔린";7513;134.27;64.24;100.0;34.85;"해당사항 없음";"해당사항 없음"
258;"20";"전남광주";"토요타";"Highlander";"대형SUV";"가솔린";7513;134.95;63.87;100.0;34.85;"해당사항 없음";"해당사항 없음"
258;"15";"인천";"토요타";"Highlander";"대형SUV";"가솔린";7513;133.74;64.5;100.0;34.85;"해당사항 없음";"해당사항 없음"
258;"19";"세종";"토요타";"Highlander";"대형SUV";"가솔린";7513;134.45;64.1;100.0;34.85;"해당사항 없음";"해당사항 없음"
258;"18";"울산";"토요타";"Highlander";"대형SUV";"가솔린";7513;133.16;64.76;100.0;34.85;"해당사항 없음";"해당사항 없음"
258;"02";"경기";"토요타";"Highlander";"대형SUV";"가솔린";7513;134.42;64.18;100.0;34.85;"해당사항 없음";"해당사항 없음"
258;"01";"서울";"토요타";"Highlander";"대형SUV";"가솔린";7513;137.99;61.18;100.0;34.85;"해당사항 없음";"해당사항 없음"
258;"03";"강원";"토요타";"Highlander";"대형SUV";"가솔린";7513;135.5;63.31;100.0;34.85;"해당사항 없음";"해당사항 없음"
258;"14";"대구";"토요타";"Highlander";"대형SUV";"가솔린";7513;132.65;64.99;100.0;34.85;"해당사항 없음";"해당사항 없음"
258;"10";"부산";"토요타";"Highlander";"대형SUV";"가솔린";7513;133.45;64.64;100.0;34.85;"해당사항 없음";"해당사항 없음"
258;"17";"대전";"토요타";"Highlander";"대형SUV";"가솔린";7513;133.08;64.82;100.0;34.85;"해당사항 없음";"해당사항 없음"
224;"08";"경북";"벤츠";"EQE SUV";"대형SUV";"전기(배터리)";9646;87.5;80.71;33.06;34.53;"충전기당 전기차 수 : 1.58";"2100"
224;"09";"경남";"벤츠";"EQE SUV";"대형SUV";"전기(배터리)";9646;87.5;80.71;27.43;34.53;"충전기당 전기차 수 : 1.64";"2100"
210;"17";"대전";"아우디";"A6 e-tron";"준대형";"전기(배터리)";9459;77.78;86.01;55.58;34.49;"충전기당 전기차 수 : 1.45";"1900"
148;"19";"세종";"제네시스";"Electrified GV70";"중형SUV";"전기(배터리)";7580;77.78;86.01;95.0;34.47;"충전기당 전기차 수 : 0.88";"현재 지자체의 예산이 소진되어 지원금을 받을 수 없습니다"
148;"01";"서울";"제네시스";"Electrified GV70";"중형SUV";"전기(배터리)";7580;77.78;86.01;78.11;34.47;"충전기당 전기차 수 : 1.13";"현재 지자체의 예산이 소진되어 지원금을 받을 수 없습니다"
148;"14";"대구";"제네시스";"Electrified GV70";"중형SUV";"전기(배터리)";7580;77.78;86.01;66.84;34.47;"충전기당 전기차 수 : 1.42";"현재 지자체의 예산이 소진되어 지원금을 받을 수 없습니다"
148;"10";"부산";"제네시스";"Electrified GV70";"중형SUV";"전기(배터리)";7580;77.78;86.01;61.21;34.47;"충전기당 전기차 수 : 1.42";"현재 지자체의 예산이 소진되어 지원금을 받을 수 없습니다"
148;"15";"인천";"제네시스";"Electrified GV70";"중형SUV";"전기(배터리)";7580;77.78;86.01;16.16;34.47;"충전기당 전기차 수 : 1.75";"현재 지자체의 예산이 소진되어 지원금을 받을 수 없습니다"
148;"11";"제주";"제네시스";"Electrified GV70";"중형SUV";"전기(배터리)";7580;77.78;86.01;10.53;34.47;"충전기당 전기차 수 : 5.83";"현재 지자체의 예산이 소진되어 지원금을 받을 수 없습니다"
229;"05";"충남";"제네시스";"GV60 MAGMA";"중형SUV";"전기(배터리)";9788;94.59;77.51;44.32;34.35;"충전기당 전기차 수 : 1.48";"2200"
229;"04";"충북";"제네시스";"GV60 MAGMA";"중형SUV";"전기(배터리)";9788;94.59;77.51;38.69;34.35;"충전기당 전기차 수 : 1.52";"2200"
224;"03";"강원";"벤츠";"EQE SUV";"대형SUV";"전기(배터리)";9646;87.5;80.71;72.48;34.31;"충전기당 전기차 수 : 1.22";"2040"
197;"17";"대전";"아우디";"Q6 e-tron";"중형SUV";"전기(배터리)";9522;86.42;81.16;55.58;34.28;"충전기당 전기차 수 : 1.45";"1900"
173;"11";"제주";"토요타";"Sienna";"대형MPV";"하이브리드";7630;133.94;64.48;100.0;34.26;"해당사항 없음";"해당사항 없음"
173;"19";"세종";"토요타";"Sienna";"대형MPV";"하이브리드";7630;131.59;65.72;100.0;34.26;"해당사항 없음";"해당사항 없음"
173;"18";"울산";"토요타";"Sienna";"대형MPV";"하이브리드";7630;130.32;66.59;100.0;34.26;"해당사항 없음";"해당사항 없음"
173;"02";"경기";"토요타";"Sienna";"대형MPV";"하이브리드";7630;131.56;65.76;100.0;34.26;"해당사항 없음";"해당사항 없음"
173;"01";"서울";"토요타";"Sienna";"대형MPV";"하이브리드";7630;135.06;63.77;100.0;34.26;"해당사항 없음";"해당사항 없음"
173;"03";"강원";"토요타";"Sienna";"대형MPV";"하이브리드";7630;132.61;65.03;100.0;34.26;"해당사항 없음";"해당사항 없음"
173;"14";"대구";"토요타";"Sienna";"대형MPV";"하이브리드";7630;129.82;66.87;100.0;34.26;"해당사항 없음";"해당사항 없음"
173;"10";"부산";"토요타";"Sienna";"대형MPV";"하이브리드";7630;130.61;66.44;100.0;34.26;"해당사항 없음";"해당사항 없음"
173;"17";"대전";"토요타";"Sienna";"대형MPV";"하이브리드";7630;130.25;66.65;100.0;34.26;"해당사항 없음";"해당사항 없음"
173;"06";"전북";"토요타";"Sienna";"대형MPV";"하이브리드";7630;131.89;65.51;100.0;34.26;"해당사항 없음";"해당사항 없음"
173;"05";"충남";"토요타";"Sienna";"대형MPV";"하이브리드";7630;132.23;65.33;100.0;34.26;"해당사항 없음";"해당사항 없음"
173;"04";"충북";"토요타";"Sienna";"대형MPV";"하이브리드";7630;132.31;65.23;100.0;34.26;"해당사항 없음";"해당사항 없음"
173;"08";"경북";"토요타";"Sienna";"대형MPV";"하이브리드";7630;131.4;65.9;100.0;34.26;"해당사항 없음";"해당사항 없음"
173;"09";"경남";"토요타";"Sienna";"대형MPV";"하이브리드";7630;131.41;65.86;100.0;34.26;"해당사항 없음";"해당사항 없음"
173;"20";"전남광주";"토요타";"Sienna";"대형MPV";"하이브리드";7630;132.08;65.41;100.0;34.26;"해당사항 없음";"해당사항 없음"
173;"15";"인천";"토요타";"Sienna";"대형MPV";"하이브리드";7630;130.9;66.22;100.0;34.26;"해당사항 없음";"해당사항 없음"
83;"06";"전북";"벤츠";"GLC-Class";"중형SUV";"디젤";7645;162.01;43.25;100.0;33.94;"해당사항 없음";"해당사항 없음"
82;"06";"전북";"벤츠";"GLC-Class";"중형SUV";"가솔린";7645;163.13;42.62;100.0;33.94;"해당사항 없음";"해당사항 없음"
83;"05";"충남";"벤츠";"GLC-Class";"중형SUV";"디젤";7645;162.34;43.05;100.0;33.94;"해당사항 없음";"해당사항 없음"
82;"05";"충남";"벤츠";"GLC-Class";"중형SUV";"가솔린";7645;163.55;42.24;100.0;33.94;"해당사항 없음";"해당사항 없음"
83;"04";"충북";"벤츠";"GLC-Class";"중형SUV";"디젤";7645;162.39;42.99;100.0;33.94;"해당사항 없음";"해당사항 없음"
82;"04";"충북";"벤츠";"GLC-Class";"중형SUV";"가솔린";7645;163.65;42.2;100.0;33.94;"해당사항 없음";"해당사항 없음"
83;"08";"경북";"벤츠";"GLC-Class";"중형SUV";"디젤";7645;161.29;43.57;100.0;33.94;"해당사항 없음";"해당사항 없음"
82;"08";"경북";"벤츠";"GLC-Class";"중형SUV";"가솔린";7645;162.52;42.93;100.0;33.94;"해당사항 없음";"해당사항 없음"
83;"09";"경남";"벤츠";"GLC-Class";"중형SUV";"디젤";7645;161.15;43.76;100.0;33.94;"해당사항 없음";"해당사항 없음"
82;"09";"경남";"벤츠";"GLC-Class";"중형SUV";"가솔린";7645;162.54;42.89;100.0;33.94;"해당사항 없음";"해당사항 없음"
83;"20";"전남광주";"벤츠";"GLC-Class";"중형SUV";"디젤";7645;162.32;43.09;100.0;33.94;"해당사항 없음";"해당사항 없음"
82;"20";"전남광주";"벤츠";"GLC-Class";"중형SUV";"가솔린";7645;163.36;42.42;100.0;33.94;"해당사항 없음";"해당사항 없음"
83;"15";"인천";"벤츠";"GLC-Class";"중형SUV";"디젤";7645;160.47;44.06;100.0;33.94;"해당사항 없음";"해당사항 없음"
82;"15";"인천";"벤츠";"GLC-Class";"중형SUV";"가솔린";7645;161.9;43.31;100.0;33.94;"해당사항 없음";"해당사항 없음"
83;"11";"제주";"벤츠";"GLC-Class";"중형SUV";"디젤";7645;164.03;42.02;100.0;33.94;"해당사항 없음";"해당사항 없음"
82;"11";"제주";"벤츠";"GLC-Class";"중형SUV";"가솔린";7645;165.67;40.96;100.0;33.94;"해당사항 없음";"해당사항 없음"
83;"19";"세종";"벤츠";"GLC-Class";"중형SUV";"디젤";7645;161.53;43.47;100.0;33.94;"해당사항 없음";"해당사항 없음"
82;"19";"세종";"벤츠";"GLC-Class";"중형SUV";"가솔린";7645;162.76;42.72;100.0;33.94;"해당사항 없음";"해당사항 없음"
83;"18";"울산";"벤츠";"GLC-Class";"중형SUV";"디젤";7645;160.21;44.16;100.0;33.94;"해당사항 없음";"해당사항 없음"
82;"18";"울산";"벤츠";"GLC-Class";"중형SUV";"가솔린";7645;161.19;43.72;100.0;33.94;"해당사항 없음";"해당사항 없음"
83;"02";"경기";"벤츠";"GLC-Class";"중형SUV";"디젤";7645;161.25;43.61;100.0;33.94;"해당사항 없음";"해당사항 없음"
82;"02";"경기";"벤츠";"GLC-Class";"중형SUV";"가솔린";7645;162.72;42.76;100.0;33.94;"해당사항 없음";"해당사항 없음"
83;"01";"서울";"벤츠";"GLC-Class";"중형SUV";"디젤";7645;165.48;41.23;100.0;33.94;"해당사항 없음";"해당사항 없음"
82;"01";"서울";"벤츠";"GLC-Class";"중형SUV";"가솔린";7645;167.04;40.09;100.0;33.94;"해당사항 없음";"해당사항 없음"
83;"03";"강원";"벤츠";"GLC-Class";"중형SUV";"디젤";7645;163.17;42.58;100.0;33.94;"해당사항 없음";"해당사항 없음"
82;"03";"강원";"벤츠";"GLC-Class";"중형SUV";"가솔린";7645;164.02;42.06;100.0;33.94;"해당사항 없음";"해당사항 없음"
83;"14";"대구";"벤츠";"GLC-Class";"중형SUV";"디젤";7645;159.24;44.75;100.0;33.94;"해당사항 없음";"해당사항 없음"
82;"14";"대구";"벤츠";"GLC-Class";"중형SUV";"가솔린";7645;160.57;43.94;100.0;33.94;"해당사항 없음";"해당사항 없음"
83;"10";"부산";"벤츠";"GLC-Class";"중형SUV";"디젤";7645;160.04;44.32;100.0;33.94;"해당사항 없음";"해당사항 없음"
82;"10";"부산";"벤츠";"GLC-Class";"중형SUV";"가솔린";7645;161.54;43.41;100.0;33.94;"해당사항 없음";"해당사항 없음"
83;"17";"대전";"벤츠";"GLC-Class";"중형SUV";"디젤";7645;160.08;44.24;100.0;33.94;"해당사항 없음";"해당사항 없음"
82;"17";"대전";"벤츠";"GLC-Class";"중형SUV";"가솔린";7645;161.1;43.8;100.0;33.94;"해당사항 없음";"해당사항 없음"
210;"06";"전북";"아우디";"A6 e-tron";"준대형";"전기(배터리)";9459;77.78;86.01;49.95;33.29;"충전기당 전기차 수 : 1.46";"1800"
229;"08";"경북";"제네시스";"GV60 MAGMA";"중형SUV";"전기(배터리)";9788;94.59;77.51;33.06;33.27;"충전기당 전기차 수 : 1.58";"2100"
229;"09";"경남";"제네시스";"GV60 MAGMA";"중형SUV";"전기(배터리)";9788;94.59;77.51;27.43;33.27;"충전기당 전기차 수 : 1.64";"2100"
270;"15";"인천";"랜드로버";"Range Rover Evoque";"중형SUV";"가솔린";7720;207.38;22.85;100.0;33.23;"해당사항 없음";"해당사항 없음"
270;"11";"제주";"랜드로버";"Range Rover Evoque";"중형SUV";"가솔린";7720;212.2;21.13;100.0;33.23;"해당사항 없음";"해당사항 없음"
270;"17";"대전";"랜드로버";"Range Rover Evoque";"중형SUV";"가솔린";7720;206.35;23.15;100.0;33.23;"해당사항 없음";"해당사항 없음"
270;"06";"전북";"랜드로버";"Range Rover Evoque";"중형SUV";"가솔린";7720;208.96;22.45;100.0;33.23;"해당사항 없음";"해당사항 없음"
270;"05";"충남";"랜드로버";"Range Rover Evoque";"중형SUV";"가솔린";7720;209.49;22.24;100.0;33.23;"해당사항 없음";"해당사항 없음"
270;"04";"충북";"랜드로버";"Range Rover Evoque";"중형SUV";"가솔린";7720;209.62;22.2;100.0;33.23;"해당사항 없음";"해당사항 없음"
270;"08";"경북";"랜드로버";"Range Rover Evoque";"중형SUV";"가솔린";7720;208.17;22.67;100.0;33.23;"해당사항 없음";"해당사항 없음"
270;"09";"경남";"랜드로버";"Range Rover Evoque";"중형SUV";"가솔린";7720;208.2;22.63;100.0;33.23;"해당사항 없음";"해당사항 없음"
270;"20";"전남광주";"랜드로버";"Range Rover Evoque";"중형SUV";"가솔린";7720;209.24;22.28;100.0;33.23;"해당사항 없음";"해당사항 없음"
270;"19";"세종";"랜드로버";"Range Rover Evoque";"중형SUV";"가솔린";7720;208.47;22.55;100.0;33.23;"해당사항 없음";"해당사항 없음"
270;"18";"울산";"랜드로버";"Range Rover Evoque";"중형SUV";"가솔린";7720;206.47;23.07;100.0;33.23;"해당사항 없음";"해당사항 없음"
270;"02";"경기";"랜드로버";"Range Rover Evoque";"중형SUV";"가솔린";7720;208.43;22.59;100.0;33.23;"해당사항 없음";"해당사항 없음"
270;"01";"서울";"랜드로버";"Range Rover Evoque";"중형SUV";"가솔린";7720;213.97;20.22;100.0;33.23;"해당사항 없음";"해당사항 없음"
270;"03";"강원";"랜드로버";"Range Rover Evoque";"중형SUV";"가솔린";7720;210.1;21.94;100.0;33.23;"해당사항 없음";"해당사항 없음"
270;"14";"대구";"랜드로버";"Range Rover Evoque";"중형SUV";"가솔린";7720;205.68;23.32;100.0;33.23;"해당사항 없음";"해당사항 없음"
270;"10";"부산";"랜드로버";"Range Rover Evoque";"중형SUV";"가솔린";7720;206.92;22.95;100.0;33.23;"해당사항 없음";"해당사항 없음"
197;"06";"전북";"아우디";"Q6 e-tron";"중형SUV";"전기(배터리)";9522;86.42;81.16;49.95;32.91;"충전기당 전기차 수 : 1.46";"1800"
224;"17";"대전";"벤츠";"EQE SUV";"대형SUV";"전기(배터리)";9646;87.5;80.71;55.58;32.89;"충전기당 전기차 수 : 1.45";"1900"
229;"03";"강원";"제네시스";"GV60 MAGMA";"중형SUV";"전기(배터리)";9788;94.59;77.51;72.48;32.87;"충전기당 전기차 수 : 1.22";"2040"
210;"18";"울산";"아우디";"A6 e-tron";"준대형";"전기(배터리)";9459;77.78;86.01;89.37;32.85;"충전기당 전기차 수 : 0.96";"1700"
210;"02";"경기";"아우디";"A6 e-tron";"준대형";"전기(배터리)";9459;77.78;86.01;83.74;32.85;"충전기당 전기차 수 : 1.01";"1700"
197;"18";"울산";"아우디";"Q6 e-tron";"중형SUV";"전기(배터리)";9522;86.42;81.16;89.37;32.81;"충전기당 전기차 수 : 0.96";"1700"
197;"02";"경기";"아우디";"Q6 e-tron";"중형SUV";"전기(배터리)";9522;86.42;81.16;83.74;32.81;"충전기당 전기차 수 : 1.01";"1700"
224;"06";"전북";"벤츠";"EQE SUV";"대형SUV";"전기(배터리)";9646;87.5;80.71;49.95;32.77;"충전기당 전기차 수 : 1.46";"1800"
202;"15";"인천";"포드";"Explorer";"대형SUV";"가솔린";7870;219.72;16.19;100.0;32.75;"해당사항 없음";"해당사항 없음"
202;"11";"제주";"포드";"Explorer";"대형SUV";"가솔린";7870;224.83;13.16;100.0;32.75;"해당사항 없음";"해당사항 없음"
202;"19";"세종";"포드";"Explorer";"대형SUV";"가솔린";7870;220.88;15.32;100.0;32.75;"해당사항 없음";"해당사항 없음"
202;"18";"울산";"포드";"Explorer";"대형SUV";"가솔린";7870;218.75;17.08;100.0;32.75;"해당사항 없음";"해당사항 없음"
202;"02";"경기";"포드";"Explorer";"대형SUV";"가솔린";7870;220.83;15.36;100.0;32.75;"해당사항 없음";"해당사항 없음"
202;"01";"서울";"포드";"Explorer";"대형SUV";"가솔린";7870;226.7;12.59;100.0;32.75;"해당사항 없음";"해당사항 없음"
202;"03";"강원";"포드";"Explorer";"대형SUV";"가솔린";7870;222.6;14.37;100.0;32.75;"해당사항 없음";"해당사항 없음"
202;"14";"대구";"포드";"Explorer";"대형SUV";"가솔린";7870;217.92;17.83;100.0;32.75;"해당사항 없음";"해당사항 없음"
202;"10";"부산";"포드";"Explorer";"대형SUV";"가솔린";7870;219.24;16.72;100.0;32.75;"해당사항 없음";"해당사항 없음"
202;"17";"대전";"포드";"Explorer";"대형SUV";"가솔린";7870;218.64;17.16;100.0;32.75;"해당사항 없음";"해당사항 없음"
202;"06";"전북";"포드";"Explorer";"대형SUV";"가솔린";7870;221.39;15.0;100.0;32.75;"해당사항 없음";"해당사항 없음"
202;"05";"충남";"포드";"Explorer";"대형SUV";"가솔린";7870;221.96;14.67;100.0;32.75;"해당사항 없음";"해당사항 없음"
202;"04";"충북";"포드";"Explorer";"대형SUV";"가솔린";7870;222.1;14.63;100.0;32.75;"해당사항 없음";"해당사항 없음"
202;"08";"경북";"포드";"Explorer";"대형SUV";"가솔린";7870;220.56;15.6;100.0;32.75;"해당사항 없음";"해당사항 없음"
202;"09";"경남";"포드";"Explorer";"대형SUV";"가솔린";7870;220.59;15.56;100.0;32.75;"해당사항 없음";"해당사항 없음"
202;"20";"전남광주";"포드";"Explorer";"대형SUV";"가솔린";7870;221.7;14.84;100.0;32.75;"해당사항 없음";"해당사항 없음"
223;"19";"세종";"현대";"아이오닉 5 N";"중형SUV";"전기(배터리)";7879;94.59;77.51;95.0;32.42;"충전기당 전기차 수 : 0.88";"현재 지자체의 예산이 소진되어 지원금을 받을 수 없습니다"
223;"01";"서울";"현대";"아이오닉 5 N";"중형SUV";"전기(배터리)";7879;94.59;77.51;78.11;32.42;"충전기당 전기차 수 : 1.13";"현재 지자체의 예산이 소진되어 지원금을 받을 수 없습니다"
223;"14";"대구";"현대";"아이오닉 5 N";"중형SUV";"전기(배터리)";7879;94.59;77.51;66.84;32.42;"충전기당 전기차 수 : 1.42";"현재 지자체의 예산이 소진되어 지원금을 받을 수 없습니다"
223;"10";"부산";"현대";"아이오닉 5 N";"중형SUV";"전기(배터리)";7879;94.59;77.51;61.21;32.42;"충전기당 전기차 수 : 1.42";"현재 지자체의 예산이 소진되어 지원금을 받을 수 없습니다"
223;"15";"인천";"현대";"아이오닉 5 N";"중형SUV";"전기(배터리)";7879;94.59;77.51;16.16;32.42;"충전기당 전기차 수 : 1.75";"현재 지자체의 예산이 소진되어 지원금을 받을 수 없습니다"
223;"11";"제주";"현대";"아이오닉 5 N";"중형SUV";"전기(배터리)";7879;94.59;77.51;10.53;32.42;"충전기당 전기차 수 : 5.83";"현재 지자체의 예산이 소진되어 지원금을 받을 수 없습니다"
229;"17";"대전";"제네시스";"GV60 MAGMA";"중형SUV";"전기(배터리)";9788;94.59;77.51;55.58;32.3;"충전기당 전기차 수 : 1.45";"1900"
224;"18";"울산";"벤츠";"EQE SUV";"대형SUV";"전기(배터리)";9646;87.5;80.71;89.37;32.28;"충전기당 전기차 수 : 0.96";"1700"
224;"02";"경기";"벤츠";"EQE SUV";"대형SUV";"전기(배터리)";9646;87.5;80.71;83.74;32.28;"충전기당 전기차 수 : 1.01";"1700"
229;"06";"전북";"제네시스";"GV60 MAGMA";"중형SUV";"전기(배터리)";9788;94.59;77.51;49.95;32.24;"충전기당 전기차 수 : 1.46";"1800"
100;"19";"세종";"BMW";"iX3";"중형SUV";"전기(배터리)";7990;72.92;89.8;95.0;32.22;"충전기당 전기차 수 : 0.88";"현재 지자체의 예산이 소진되어 지원금을 받을 수 없습니다"
228;"19";"세종";"현대";"아이오닉 6 N";"중형";"전기(배터리)";7990;83.33;82.88;95.0;32.22;"충전기당 전기차 수 : 0.88";"현재 지자체의 예산이 소진되어 지원금을 받을 수 없습니다"
100;"01";"서울";"BMW";"iX3";"중형SUV";"전기(배터리)";7990;72.92;89.8;78.11;32.22;"충전기당 전기차 수 : 1.13";"현재 지자체의 예산이 소진되어 지원금을 받을 수 없습니다"
228;"01";"서울";"현대";"아이오닉 6 N";"중형";"전기(배터리)";7990;83.33;82.88;78.11;32.22;"충전기당 전기차 수 : 1.13";"현재 지자체의 예산이 소진되어 지원금을 받을 수 없습니다"
100;"14";"대구";"BMW";"iX3";"중형SUV";"전기(배터리)";7990;72.92;89.8;66.84;32.22;"충전기당 전기차 수 : 1.42";"현재 지자체의 예산이 소진되어 지원금을 받을 수 없습니다"
228;"14";"대구";"현대";"아이오닉 6 N";"중형";"전기(배터리)";7990;83.33;82.88;66.84;32.22;"충전기당 전기차 수 : 1.42";"현재 지자체의 예산이 소진되어 지원금을 받을 수 없습니다"
100;"10";"부산";"BMW";"iX3";"중형SUV";"전기(배터리)";7990;72.92;89.8;61.21;32.22;"충전기당 전기차 수 : 1.42";"현재 지자체의 예산이 소진되어 지원금을 받을 수 없습니다"
228;"10";"부산";"현대";"아이오닉 6 N";"중형";"전기(배터리)";7990;83.33;82.88;61.21;32.22;"충전기당 전기차 수 : 1.42";"현재 지자체의 예산이 소진되어 지원금을 받을 수 없습니다"
100;"15";"인천";"BMW";"iX3";"중형SUV";"전기(배터리)";7990;72.92;89.8;16.16;32.22;"충전기당 전기차 수 : 1.75";"현재 지자체의 예산이 소진되어 지원금을 받을 수 없습니다"
228;"15";"인천";"현대";"아이오닉 6 N";"중형";"전기(배터리)";7990;83.33;82.88;16.16;32.22;"충전기당 전기차 수 : 1.75";"현재 지자체의 예산이 소진되어 지원금을 받을 수 없습니다"
100;"11";"제주";"BMW";"iX3";"중형SUV";"전기(배터리)";7990;72.92;89.8;10.53;32.22;"충전기당 전기차 수 : 5.83";"현재 지자체의 예산이 소진되어 지원금을 받을 수 없습니다"
228;"11";"제주";"현대";"아이오닉 6 N";"중형";"전기(배터리)";7990;83.33;82.88;10.53;32.22;"충전기당 전기차 수 : 5.83";"현재 지자체의 예산이 소진되어 지원금을 받을 수 없습니다"
276;"15";"인천";"혼다";"New Pilot";"대형SUV";"가솔린";8020;222.37;14.49;100.0;31.98;"해당사항 없음";"해당사항 없음"
276;"11";"제주";"혼다";"New Pilot";"대형SUV";"가솔린";8020;227.54;12.2;100.0;31.98;"해당사항 없음";"해당사항 없음"
276;"17";"대전";"혼다";"New Pilot";"대형SUV";"가솔린";8020;221.27;15.24;100.0;31.98;"해당사항 없음";"해당사항 없음"
276;"06";"전북";"혼다";"New Pilot";"대형SUV";"가솔린";8020;224.06;13.56;100.0;31.98;"해당사항 없음";"해당사항 없음"
276;"05";"충남";"혼다";"New Pilot";"대형SUV";"가솔린";8020;224.64;13.28;100.0;31.98;"해당사항 없음";"해당사항 없음"
276;"04";"충북";"혼다";"New Pilot";"대형SUV";"가솔린";8020;224.77;13.22;100.0;31.98;"해당사항 없음";"해당사항 없음"
276;"08";"경북";"혼다";"New Pilot";"대형SUV";"가솔린";8020;223.22;14.17;100.0;31.98;"해당사항 없음";"해당사항 없음"
276;"09";"경남";"혼다";"New Pilot";"대형SUV";"가솔린";8020;223.25;14.07;100.0;31.98;"해당사항 없음";"해당사항 없음"
276;"20";"전남광주";"혼다";"New Pilot";"대형SUV";"가솔린";8020;224.37;13.4;100.0;31.98;"해당사항 없음";"해당사항 없음"
276;"19";"세종";"혼다";"New Pilot";"대형SUV";"가솔린";8020;223.54;13.76;100.0;31.98;"해당사항 없음";"해당사항 없음"
276;"18";"울산";"혼다";"New Pilot";"대형SUV";"가솔린";8020;221.39;15.0;100.0;31.98;"해당사항 없음";"해당사항 없음"
276;"02";"경기";"혼다";"New Pilot";"대형SUV";"가솔린";8020;223.49;13.9;100.0;31.98;"해당사항 없음";"해당사항 없음"
276;"01";"서울";"혼다";"New Pilot";"대형SUV";"가솔린";8020;229.43;11.76;100.0;31.98;"해당사항 없음";"해당사항 없음"
276;"03";"강원";"혼다";"New Pilot";"대형SUV";"가솔린";8020;225.28;13.05;100.0;31.98;"해당사항 없음";"해당사항 없음"
276;"14";"대구";"혼다";"New Pilot";"대형SUV";"가솔린";8020;220.54;15.69;100.0;31.98;"해당사항 없음";"해당사항 없음"
276;"10";"부산";"혼다";"New Pilot";"대형SUV";"가솔린";8020;221.88;14.78;100.0;31.98;"해당사항 없음";"해당사항 없음"
229;"18";"울산";"제네시스";"GV60 MAGMA";"중형SUV";"전기(배터리)";9788;94.59;77.51;89.37;31.65;"충전기당 전기차 수 : 0.96";"1700"
229;"02";"경기";"제네시스";"GV60 MAGMA";"중형SUV";"전기(배터리)";9788;94.59;77.51;83.74;31.65;"충전기당 전기차 수 : 1.01";"1700"
277;"15";"인천";"랜드로버";"Discovery Sport";"대형SUV";"가솔린";8110;225.08;13.12;100.0;31.61;"해당사항 없음";"해당사항 없음"
277;"11";"제주";"랜드로버";"Discovery Sport";"대형SUV";"가솔린";8110;230.32;11.33;100.0;31.61;"해당사항 없음";"해당사항 없음"
277;"19";"세종";"랜드로버";"Discovery Sport";"대형SUV";"가솔린";8110;226.27;12.65;100.0;31.61;"해당사항 없음";"해당사항 없음"
277;"18";"울산";"랜드로버";"Discovery Sport";"대형SUV";"가솔린";8110;224.09;13.5;100.0;31.61;"해당사항 없음";"해당사항 없음"
277;"02";"경기";"랜드로버";"Discovery Sport";"대형SUV";"가솔린";8110;226.22;12.69;100.0;31.61;"해당사항 없음";"해당사항 없음"
277;"01";"서울";"랜드로버";"Discovery Sport";"대형SUV";"가솔린";8110;232.23;10.79;100.0;31.61;"해당사항 없음";"해당사항 없음"
277;"03";"강원";"랜드로버";"Discovery Sport";"대형SUV";"가솔린";8110;228.03;12.12;100.0;31.61;"해당사항 없음";"해당사항 없음"
277;"14";"대구";"랜드로버";"Discovery Sport";"대형SUV";"가솔린";8110;223.23;14.11;100.0;31.61;"해당사항 없음";"해당사항 없음"
277;"10";"부산";"랜드로버";"Discovery Sport";"대형SUV";"가솔린";8110;224.59;13.32;100.0;31.61;"해당사항 없음";"해당사항 없음"
277;"17";"대전";"랜드로버";"Discovery Sport";"대형SUV";"가솔린";8110;223.97;13.68;100.0;31.61;"해당사항 없음";"해당사항 없음"
277;"06";"전북";"랜드로버";"Discovery Sport";"대형SUV";"가솔린";8110;226.79;12.51;100.0;31.61;"해당사항 없음";"해당사항 없음"
277;"05";"충남";"랜드로버";"Discovery Sport";"대형SUV";"가솔린";8110;227.38;12.31;100.0;31.61;"해당사항 없음";"해당사항 없음"
277;"04";"충북";"랜드로버";"Discovery Sport";"대형SUV";"가솔린";8110;227.51;12.25;100.0;31.61;"해당사항 없음";"해당사항 없음"
277;"08";"경북";"랜드로버";"Discovery Sport";"대형SUV";"가솔린";8110;225.94;12.81;100.0;31.61;"해당사항 없음";"해당사항 없음"
277;"09";"경남";"랜드로버";"Discovery Sport";"대형SUV";"가솔린";8110;225.97;12.77;100.0;31.61;"해당사항 없음";"해당사항 없음"
277;"20";"전남광주";"랜드로버";"Discovery Sport";"대형SUV";"가솔린";8110;227.11;12.41;100.0;31.61;"해당사항 없음";"해당사항 없음"
156;"20";"전남광주";"볼보";"EX90";"대형SUV";"전기(배터리)";10620;90.91;79.13;21.79;31.29;"충전기당 전기차 수 : 1.65";"2300"
156;"05";"충남";"볼보";"EX90";"대형SUV";"전기(배터리)";10620;90.91;79.13;44.32;31.27;"충전기당 전기차 수 : 1.48";"2200"
156;"04";"충북";"볼보";"EX90";"대형SUV";"전기(배터리)";10620;90.91;79.13;38.69;31.27;"충전기당 전기차 수 : 1.52";"2200"
161;"19";"세종";"제네시스";"Electrified G80";"준대형";"전기(배터리)";8468;79.55;84.33;95.0;31.23;"충전기당 전기차 수 : 0.88";"현재 지자체의 예산이 소진되어 지원금을 받을 수 없습니다"
161;"01";"서울";"제네시스";"Electrified G80";"준대형";"전기(배터리)";8468;79.55;84.33;78.11;31.23;"충전기당 전기차 수 : 1.13";"현재 지자체의 예산이 소진되어 지원금을 받을 수 없습니다"
161;"14";"대구";"제네시스";"Electrified G80";"준대형";"전기(배터리)";8468;79.55;84.33;66.84;31.23;"충전기당 전기차 수 : 1.42";"현재 지자체의 예산이 소진되어 지원금을 받을 수 없습니다"
161;"10";"부산";"제네시스";"Electrified G80";"준대형";"전기(배터리)";8468;79.55;84.33;61.21;31.23;"충전기당 전기차 수 : 1.42";"현재 지자체의 예산이 소진되어 지원금을 받을 수 없습니다"
161;"15";"인천";"제네시스";"Electrified G80";"준대형";"전기(배터리)";8468;79.55;84.33;16.16;31.23;"충전기당 전기차 수 : 1.75";"현재 지자체의 예산이 소진되어 지원금을 받을 수 없습니다"
161;"11";"제주";"제네시스";"Electrified G80";"준대형";"전기(배터리)";8468;79.55;84.33;10.53;31.23;"충전기당 전기차 수 : 5.83";"현재 지자체의 예산이 소진되어 지원금을 받을 수 없습니다"
127;"19";"세종";"BMW";"i5";"준대형";"전기(배터리)";8490;81.4;83.32;95.0;31.11;"충전기당 전기차 수 : 0.88";"현재 지자체의 예산이 소진되어 지원금을 받을 수 없습니다"
127;"01";"서울";"BMW";"i5";"준대형";"전기(배터리)";8490;81.4;83.32;78.11;31.11;"충전기당 전기차 수 : 1.13";"현재 지자체의 예산이 소진되어 지원금을 받을 수 없습니다"
127;"14";"대구";"BMW";"i5";"준대형";"전기(배터리)";8490;81.4;83.32;66.84;31.11;"충전기당 전기차 수 : 1.42";"현재 지자체의 예산이 소진되어 지원금을 받을 수 없습니다"
127;"10";"부산";"BMW";"i5";"준대형";"전기(배터리)";8490;81.4;83.32;61.21;31.11;"충전기당 전기차 수 : 1.42";"현재 지자체의 예산이 소진되어 지원금을 받을 수 없습니다"
127;"15";"인천";"BMW";"i5";"준대형";"전기(배터리)";8490;81.4;83.32;16.16;31.11;"충전기당 전기차 수 : 1.75";"현재 지자체의 예산이 소진되어 지원금을 받을 수 없습니다"
127;"11";"제주";"BMW";"i5";"준대형";"전기(배터리)";8490;81.4;83.32;10.53;31.11;"충전기당 전기차 수 : 5.83";"현재 지자체의 예산이 소진되어 지원금을 받을 수 없습니다"
156;"08";"경북";"볼보";"EX90";"대형SUV";"전기(배터리)";10620;90.91;79.13;33.06;30.99;"충전기당 전기차 수 : 1.58";"2100"
156;"09";"경남";"볼보";"EX90";"대형SUV";"전기(배터리)";10620;90.91;79.13;27.43;30.99;"충전기당 전기차 수 : 1.64";"2100"
156;"03";"강원";"볼보";"EX90";"대형SUV";"전기(배터리)";10620;90.91;79.13;72.48;30.95;"충전기당 전기차 수 : 1.22";"2040"
260;"20";"전남광주";"벤츠";"EQE";"준대형";"전기(배터리)";11000;88.61;79.94;21.79;30.93;"충전기당 전기차 수 : 1.65";"2300"
156;"17";"대전";"볼보";"EX90";"대형SUV";"전기(배터리)";10620;90.91;79.13;55.58;30.91;"충전기당 전기차 수 : 1.45";"1900"
252;"15";"인천";"지프";"Grand Cherokee";"대형SUV";"가솔린";8730;190.28;28.15;100.0;30.88;"해당사항 없음";"해당사항 없음"
253;"15";"인천";"지프";"Grand Cherokee";"대형SUV";"하이브리드";8730;190.28;28.15;100.0;30.88;"해당사항 없음";"해당사항 없음"
252;"11";"제주";"지프";"Grand Cherokee";"대형SUV";"가솔린";8730;194.7;25.68;100.0;30.88;"해당사항 없음";"해당사항 없음"
253;"11";"제주";"지프";"Grand Cherokee";"대형SUV";"하이브리드";8730;194.7;25.68;100.0;30.88;"해당사항 없음";"해당사항 없음"
252;"17";"대전";"지프";"Grand Cherokee";"대형SUV";"가솔린";8730;189.34;28.54;100.0;30.88;"해당사항 없음";"해당사항 없음"
253;"17";"대전";"지프";"Grand Cherokee";"대형SUV";"하이브리드";8730;189.34;28.54;100.0;30.88;"해당사항 없음";"해당사항 없음"
252;"06";"전북";"지프";"Grand Cherokee";"대형SUV";"가솔린";8730;191.72;27.32;100.0;30.88;"해당사항 없음";"해당사항 없음"
253;"06";"전북";"지프";"Grand Cherokee";"대형SUV";"하이브리드";8730;191.72;27.32;100.0;30.88;"해당사항 없음";"해당사항 없음"
252;"05";"충남";"지프";"Grand Cherokee";"대형SUV";"가솔린";8730;192.22;27.02;100.0;30.88;"해당사항 없음";"해당사항 없음"
253;"05";"충남";"지프";"Grand Cherokee";"대형SUV";"하이브리드";8730;192.22;27.02;100.0;30.88;"해당사항 없음";"해당사항 없음"
252;"04";"충북";"지프";"Grand Cherokee";"대형SUV";"가솔린";8730;192.33;26.86;100.0;30.88;"해당사항 없음";"해당사항 없음"
253;"04";"충북";"지프";"Grand Cherokee";"대형SUV";"하이브리드";8730;192.33;26.86;100.0;30.88;"해당사항 없음";"해당사항 없음"
252;"08";"경북";"지프";"Grand Cherokee";"대형SUV";"가솔린";8730;191.0;27.85;100.0;30.88;"해당사항 없음";"해당사항 없음"
253;"08";"경북";"지프";"Grand Cherokee";"대형SUV";"하이브리드";8730;191.0;27.85;100.0;30.88;"해당사항 없음";"해당사항 없음"
252;"09";"경남";"지프";"Grand Cherokee";"대형SUV";"가솔린";8730;191.02;27.77;100.0;30.88;"해당사항 없음";"해당사항 없음"
253;"09";"경남";"지프";"Grand Cherokee";"대형SUV";"하이브리드";8730;191.02;27.77;100.0;30.88;"해당사항 없음";"해당사항 없음"
252;"20";"전남광주";"지프";"Grand Cherokee";"대형SUV";"가솔린";8730;191.99;27.14;100.0;30.88;"해당사항 없음";"해당사항 없음"
253;"20";"전남광주";"지프";"Grand Cherokee";"대형SUV";"하이브리드";8730;191.99;27.14;100.0;30.88;"해당사항 없음";"해당사항 없음"
252;"19";"세종";"지프";"Grand Cherokee";"대형SUV";"가솔린";8730;191.28;27.61;100.0;30.88;"해당사항 없음";"해당사항 없음"
253;"19";"세종";"지프";"Grand Cherokee";"대형SUV";"하이브리드";8730;191.28;27.61;100.0;30.88;"해당사항 없음";"해당사항 없음"
252;"18";"울산";"지프";"Grand Cherokee";"대형SUV";"가솔린";8730;189.44;28.48;100.0;30.88;"해당사항 없음";"해당사항 없음"
253;"18";"울산";"지프";"Grand Cherokee";"대형SUV";"하이브리드";8730;189.44;28.48;100.0;30.88;"해당사항 없음";"해당사항 없음"
252;"02";"경기";"지프";"Grand Cherokee";"대형SUV";"가솔린";8730;191.24;27.67;100.0;30.88;"해당사항 없음";"해당사항 없음"
253;"02";"경기";"지프";"Grand Cherokee";"대형SUV";"하이브리드";8730;191.24;27.67;100.0;30.88;"해당사항 없음";"해당사항 없음"
252;"01";"서울";"지프";"Grand Cherokee";"대형SUV";"가솔린";8730;196.32;25.06;100.0;30.88;"해당사항 없음";"해당사항 없음"
253;"01";"서울";"지프";"Grand Cherokee";"대형SUV";"하이브리드";8730;196.32;25.06;100.0;30.88;"해당사항 없음";"해당사항 없음"
252;"03";"강원";"지프";"Grand Cherokee";"대형SUV";"가솔린";8730;192.77;26.68;100.0;30.88;"해당사항 없음";"해당사항 없음"
253;"03";"강원";"지프";"Grand Cherokee";"대형SUV";"하이브리드";8730;192.77;26.68;100.0;30.88;"해당사항 없음";"해당사항 없음"
252;"14";"대구";"지프";"Grand Cherokee";"대형SUV";"가솔린";8730;188.71;28.8;100.0;30.88;"해당사항 없음";"해당사항 없음"
253;"14";"대구";"지프";"Grand Cherokee";"대형SUV";"하이브리드";8730;188.71;28.8;100.0;30.88;"해당사항 없음";"해당사항 없음"
252;"10";"부산";"지프";"Grand Cherokee";"대형SUV";"가솔린";8730;189.86;28.38;100.0;30.88;"해당사항 없음";"해당사항 없음"
253;"10";"부산";"지프";"Grand Cherokee";"대형SUV";"하이브리드";8730;189.86;28.38;100.0;30.88;"해당사항 없음";"해당사항 없음"
236;"19";"세종";"BMW";"M2";"스포츠카";"가솔린";8740;218.28;17.43;100.0;30.24;"해당사항 없음";"해당사항 없음"
236;"18";"울산";"BMW";"M2";"스포츠카";"가솔린";8740;216.18;18.84;100.0;30.24;"해당사항 없음";"해당사항 없음"
236;"02";"경기";"BMW";"M2";"스포츠카";"가솔린";8740;218.23;17.49;100.0;30.24;"해당사항 없음";"해당사항 없음"
236;"01";"서울";"BMW";"M2";"스포츠카";"가솔린";8740;224.04;13.62;100.0;30.24;"해당사항 없음";"해당사항 없음"
236;"03";"강원";"BMW";"M2";"스포츠카";"가솔린";8740;219.98;16.09;100.0;30.24;"해당사항 없음";"해당사항 없음"
236;"14";"대구";"BMW";"M2";"스포츠카";"가솔린";8740;215.35;19.55;100.0;30.24;"해당사항 없음";"해당사항 없음"
236;"10";"부산";"BMW";"M2";"스포츠카";"가솔린";8740;216.66;18.58;100.0;30.24;"해당사항 없음";"해당사항 없음"
236;"15";"인천";"BMW";"M2";"스포츠카";"가솔린";8740;217.14;18.4;100.0;30.24;"해당사항 없음";"해당사항 없음"
236;"11";"제주";"BMW";"M2";"스포츠카";"가솔린";8740;222.19;14.57;100.0;30.24;"해당사항 없음";"해당사항 없음"
236;"17";"대전";"BMW";"M2";"스포츠카";"가솔린";8740;216.06;19.03;100.0;30.24;"해당사항 없음";"해당사항 없음"
236;"06";"전북";"BMW";"M2";"스포츠카";"가솔린";8740;218.79;17.04;100.0;30.24;"해당사항 없음";"해당사항 없음"
236;"05";"충남";"BMW";"M2";"스포츠카";"가솔린";8740;219.35;16.52;100.0;30.24;"해당사항 없음";"해당사항 없음"
236;"04";"충북";"BMW";"M2";"스포츠카";"가솔린";8740;219.48;16.43;100.0;30.24;"해당사항 없음";"해당사항 없음"
236;"08";"경북";"BMW";"M2";"스포츠카";"가솔린";8740;217.97;17.65;100.0;30.24;"해당사항 없음";"해당사항 없음"
236;"09";"경남";"BMW";"M2";"스포츠카";"가솔린";8740;217.99;17.59;100.0;30.24;"해당사항 없음";"해당사항 없음"
236;"20";"전남광주";"BMW";"M2";"스포츠카";"가솔린";8740;219.09;16.8;100.0;30.24;"해당사항 없음";"해당사항 없음"
143;"06";"전북";"토요타";"Alphard";"대형MPV";"하이브리드";8790;137.76;61.4;100.0;29.91;"해당사항 없음";"해당사항 없음"
126;"06";"전북";"렉서스";"RX";"대형SUV";"하이브리드";8790;150.58;51.55;100.0;29.91;"해당사항 없음";"해당사항 없음"
143;"05";"충남";"토요타";"Alphard";"대형MPV";"하이브리드";8790;138.11;61.14;100.0;29.91;"해당사항 없음";"해당사항 없음"
126;"05";"충남";"렉서스";"RX";"대형SUV";"하이브리드";8790;150.97;50.76;100.0;29.91;"해당사항 없음";"해당사항 없음"
143;"04";"충북";"토요타";"Alphard";"대형MPV";"하이브리드";8790;138.19;61.02;100.0;29.91;"해당사항 없음";"해당사항 없음"
126;"04";"충북";"렉서스";"RX";"대형SUV";"하이브리드";8790;151.06;50.7;100.0;29.91;"해당사항 없음";"해당사항 없음"
143;"08";"경북";"토요타";"Alphard";"대형MPV";"하이브리드";8790;137.24;61.89;100.0;29.91;"해당사항 없음";"해당사항 없음"
126;"08";"경북";"렉서스";"RX";"대형SUV";"하이브리드";8790;150.02;52.46;100.0;29.91;"해당사항 없음";"해당사항 없음"
143;"09";"경남";"토요타";"Alphard";"대형MPV";"하이브리드";8790;137.25;61.81;100.0;29.91;"해당사항 없음";"해당사항 없음"
126;"09";"경남";"렉서스";"RX";"대형SUV";"하이브리드";8790;150.04;52.38;100.0;29.91;"해당사항 없음";"해당사항 없음"
143;"20";"전남광주";"토요타";"Alphard";"대형MPV";"하이브리드";8790;137.95;61.26;100.0;29.91;"해당사항 없음";"해당사항 없음"
126;"20";"전남광주";"렉서스";"RX";"대형SUV";"하이브리드";8790;150.79;51.14;100.0;29.91;"해당사항 없음";"해당사항 없음"
143;"15";"인천";"토요타";"Alphard";"대형MPV";"하이브리드";8790;136.72;62.27;100.0;29.91;"해당사항 없음";"해당사항 없음"
143;"19";"세종";"토요타";"Alphard";"대형MPV";"하이브리드";8790;137.44;61.63;100.0;29.91;"해당사항 없음";"해당사항 없음"
126;"19";"세종";"렉서스";"RX";"대형SUV";"하이브리드";8790;150.24;51.93;100.0;29.91;"해당사항 없음";"해당사항 없음"
143;"18";"울산";"토요타";"Alphard";"대형MPV";"하이브리드";8790;136.11;62.82;100.0;29.91;"해당사항 없음";"해당사항 없음"
126;"18";"울산";"렉서스";"RX";"대형SUV";"하이브리드";8790;148.79;54.69;100.0;29.91;"해당사항 없음";"해당사항 없음"
143;"02";"경기";"토요타";"Alphard";"대형MPV";"하이브리드";8790;137.41;61.71;100.0;29.91;"해당사항 없음";"해당사항 없음"
126;"02";"경기";"렉서스";"RX";"대형SUV";"하이브리드";8790;150.2;52.01;100.0;29.91;"해당사항 없음";"해당사항 없음"
143;"01";"서울";"토요타";"Alphard";"대형MPV";"하이브리드";8790;141.06;60.11;100.0;29.91;"해당사항 없음";"해당사항 없음"
126;"01";"서울";"렉서스";"RX";"대형SUV";"하이브리드";8790;154.2;47.91;100.0;29.91;"해당사항 없음";"해당사항 없음"
143;"03";"강원";"토요타";"Alphard";"대형MPV";"하이브리드";8790;138.51;60.9;100.0;29.91;"해당사항 없음";"해당사항 없음"
126;"03";"강원";"렉서스";"RX";"대형SUV";"하이브리드";8790;151.4;50.17;100.0;29.91;"해당사항 없음";"해당사항 없음"
143;"14";"대구";"토요타";"Alphard";"대형MPV";"하이브리드";8790;135.59;63.25;100.0;29.91;"해당사항 없음";"해당사항 없음"
126;"14";"대구";"렉서스";"RX";"대형SUV";"하이브리드";8790;148.22;55.39;100.0;29.91;"해당사항 없음";"해당사항 없음"
143;"10";"부산";"토요타";"Alphard";"대형MPV";"하이브리드";8790;136.42;62.5;100.0;29.91;"해당사항 없음";"해당사항 없음"
126;"10";"부산";"렉서스";"RX";"대형SUV";"하이브리드";8790;149.12;54.08;100.0;29.91;"해당사항 없음";"해당사항 없음"
143;"17";"대전";"토요타";"Alphard";"대형MPV";"하이브리드";8790;136.04;62.96;100.0;29.91;"해당사항 없음";"해당사항 없음"
126;"17";"대전";"렉서스";"RX";"대형SUV";"하이브리드";8790;148.71;54.85;100.0;29.91;"해당사항 없음";"해당사항 없음"
126;"15";"인천";"렉서스";"RX";"대형SUV";"하이브리드";8790;149.45;53.29;100.0;29.91;"해당사항 없음";"해당사항 없음"
143;"11";"제주";"토요타";"Alphard";"대형MPV";"하이브리드";8790;139.9;60.49;100.0;29.91;"해당사항 없음";"해당사항 없음"
126;"11";"제주";"렉서스";"RX";"대형SUV";"하이브리드";8790;152.92;48.63;100.0;29.91;"해당사항 없음";"해당사항 없음"
260;"05";"충남";"벤츠";"EQE";"준대형";"전기(배터리)";11000;88.61;79.94;44.32;29.27;"충전기당 전기차 수 : 1.48";"2200"
260;"04";"충북";"벤츠";"EQE";"준대형";"전기(배터리)";11000;88.61;79.94;38.69;29.27;"충전기당 전기차 수 : 1.52";"2200"
164;"15";"인천";"볼보";"XC90";"대형SUV";"가솔린";8820;180.07;32.32;100.0;29.23;"해당사항 없음";"해당사항 없음"
165;"15";"인천";"볼보";"XC90";"대형SUV";"하이브리드";8820;180.07;32.32;100.0;29.23;"해당사항 없음";"해당사항 없음"
164;"11";"제주";"볼보";"XC90";"대형SUV";"가솔린";8820;184.25;30.18;100.0;29.23;"해당사항 없음";"해당사항 없음"
165;"11";"제주";"볼보";"XC90";"대형SUV";"하이브리드";8820;184.25;30.18;100.0;29.23;"해당사항 없음";"해당사항 없음"
156;"06";"전북";"볼보";"EX90";"대형SUV";"전기(배터리)";10620;90.91;79.13;49.95;29.23;"충전기당 전기차 수 : 1.46";"1800"
164;"17";"대전";"볼보";"XC90";"대형SUV";"가솔린";8820;179.18;33.05;100.0;29.23;"해당사항 없음";"해당사항 없음"
165;"17";"대전";"볼보";"XC90";"대형SUV";"하이브리드";8820;179.18;33.05;100.0;29.23;"해당사항 없음";"해당사항 없음"
164;"06";"전북";"볼보";"XC90";"대형SUV";"가솔린";8820;181.43;31.53;100.0;29.23;"해당사항 없음";"해당사항 없음"
165;"06";"전북";"볼보";"XC90";"대형SUV";"하이브리드";8820;181.43;31.53;100.0;29.23;"해당사항 없음";"해당사항 없음"
164;"05";"충남";"볼보";"XC90";"대형SUV";"가솔린";8820;181.9;31.15;100.0;29.23;"해당사항 없음";"해당사항 없음"
165;"05";"충남";"볼보";"XC90";"대형SUV";"하이브리드";8820;181.9;31.15;100.0;29.23;"해당사항 없음";"해당사항 없음"
164;"04";"충북";"볼보";"XC90";"대형SUV";"가솔린";8820;182.01;31.03;100.0;29.23;"해당사항 없음";"해당사항 없음"
165;"04";"충북";"볼보";"XC90";"대형SUV";"하이브리드";8820;182.01;31.03;100.0;29.23;"해당사항 없음";"해당사항 없음"
164;"08";"경북";"볼보";"XC90";"대형SUV";"가솔린";8820;180.75;31.88;100.0;29.23;"해당사항 없음";"해당사항 없음"
165;"08";"경북";"볼보";"XC90";"대형SUV";"하이브리드";8820;180.75;31.88;100.0;29.23;"해당사항 없음";"해당사항 없음"
164;"09";"경남";"볼보";"XC90";"대형SUV";"가솔린";8820;180.77;31.84;100.0;29.23;"해당사항 없음";"해당사항 없음"
165;"09";"경남";"볼보";"XC90";"대형SUV";"하이브리드";8820;180.77;31.84;100.0;29.23;"해당사항 없음";"해당사항 없음"
164;"20";"전남광주";"볼보";"XC90";"대형SUV";"가솔린";8820;181.69;31.27;100.0;29.23;"해당사항 없음";"해당사항 없음"
165;"20";"전남광주";"볼보";"XC90";"대형SUV";"하이브리드";8820;181.69;31.27;100.0;29.23;"해당사항 없음";"해당사항 없음"
164;"19";"세종";"볼보";"XC90";"대형SUV";"가솔린";8820;181.02;31.69;100.0;29.23;"해당사항 없음";"해당사항 없음"
165;"19";"세종";"볼보";"XC90";"대형SUV";"하이브리드";8820;181.02;31.69;100.0;29.23;"해당사항 없음";"해당사항 없음"
164;"18";"울산";"볼보";"XC90";"대형SUV";"가솔린";8820;179.27;32.97;100.0;29.23;"해당사항 없음";"해당사항 없음"
165;"18";"울산";"볼보";"XC90";"대형SUV";"하이브리드";8820;179.27;32.97;100.0;29.23;"해당사항 없음";"해당사항 없음"
164;"02";"경기";"볼보";"XC90";"대형SUV";"가솔린";8820;180.97;31.73;100.0;29.23;"해당사항 없음";"해당사항 없음"
165;"02";"경기";"볼보";"XC90";"대형SUV";"하이브리드";8820;180.97;31.73;100.0;29.23;"해당사항 없음";"해당사항 없음"
164;"01";"서울";"볼보";"XC90";"대형SUV";"가솔린";8820;185.79;29.71;100.0;29.23;"해당사항 없음";"해당사항 없음"
165;"01";"서울";"볼보";"XC90";"대형SUV";"하이브리드";8820;185.79;29.71;100.0;29.23;"해당사항 없음";"해당사항 없음"
164;"03";"강원";"볼보";"XC90";"대형SUV";"가솔린";8820;182.42;30.82;100.0;29.23;"해당사항 없음";"해당사항 없음"
165;"03";"강원";"볼보";"XC90";"대형SUV";"하이브리드";8820;182.42;30.82;100.0;29.23;"해당사항 없음";"해당사항 없음"
164;"14";"대구";"볼보";"XC90";"대형SUV";"가솔린";8820;178.59;33.54;100.0;29.23;"해당사항 없음";"해당사항 없음"
165;"14";"대구";"볼보";"XC90";"대형SUV";"하이브리드";8820;178.59;33.54;100.0;29.23;"해당사항 없음";"해당사항 없음"
164;"10";"부산";"볼보";"XC90";"대형SUV";"가솔린";8820;179.67;32.65;100.0;29.23;"해당사항 없음";"해당사항 없음"
165;"10";"부산";"볼보";"XC90";"대형SUV";"하이브리드";8820;179.67;32.65;100.0;29.23;"해당사항 없음";"해당사항 없음"
260;"08";"경북";"벤츠";"EQE";"준대형";"전기(배터리)";11000;88.61;79.94;33.06;28.56;"충전기당 전기차 수 : 1.58";"2100"
260;"09";"경남";"벤츠";"EQE";"준대형";"전기(배터리)";11000;88.61;79.94;27.43;28.56;"충전기당 전기차 수 : 1.64";"2100"
156;"18";"울산";"볼보";"EX90";"대형SUV";"전기(배터리)";10620;90.91;79.13;89.37;28.52;"충전기당 전기차 수 : 0.96";"1700"
156;"02";"경기";"볼보";"EX90";"대형SUV";"전기(배터리)";10620;90.91;79.13;83.74;28.52;"충전기당 전기차 수 : 1.01";"1700"
260;"03";"강원";"벤츠";"EQE";"준대형";"전기(배터리)";11000;88.61;79.94;72.48;28.48;"충전기당 전기차 수 : 1.22";"2040"
214;"15";"인천";"아우디";"Q7";"대형SUV";"디젤";9012;212.72;20.83;100.0;28.46;"해당사항 없음";"해당사항 없음"
213;"15";"인천";"아우디";"Q7";"대형SUV";"가솔린";9012;214.61;19.88;100.0;28.46;"해당사항 없음";"해당사항 없음"
214;"11";"제주";"아우디";"Q7";"대형SUV";"디젤";9012;217.43;18.18;100.0;28.46;"해당사항 없음";"해당사항 없음"
213;"11";"제주";"아우디";"Q7";"대형SUV";"가솔린";9012;219.6;16.21;100.0;28.46;"해당사항 없음";"해당사항 없음"
214;"19";"세종";"아우디";"Q7";"대형SUV";"디젤";9012;214.12;20.16;100.0;28.46;"해당사항 없음";"해당사항 없음"
213;"19";"세종";"아우디";"Q7";"대형SUV";"가솔린";9012;215.75;19.27;100.0;28.46;"해당사항 없음";"해당사항 없음"
214;"18";"울산";"아우디";"Q7";"대형SUV";"디젤";9012;212.38;21.01;100.0;28.46;"해당사항 없음";"해당사항 없음"
213;"18";"울산";"아우디";"Q7";"대형SUV";"가솔린";9012;213.67;20.38;100.0;28.46;"해당사항 없음";"해당사항 없음"
214;"02";"경기";"아우디";"Q7";"대형SUV";"디젤";9012;213.75;20.26;100.0;28.46;"해당사항 없음";"해당사항 없음"
213;"02";"경기";"아우디";"Q7";"대형SUV";"가솔린";9012;215.7;19.29;100.0;28.46;"해당사항 없음";"해당사항 없음"
214;"01";"서울";"아우디";"Q7";"대형SUV";"디젤";9012;219.36;16.45;100.0;28.46;"해당사항 없음";"해당사항 없음"
213;"01";"서울";"아우디";"Q7";"대형SUV";"가솔린";9012;221.43;14.9;100.0;28.46;"해당사항 없음";"해당사항 없음"
214;"03";"강원";"아우디";"Q7";"대형SUV";"디젤";9012;216.3;18.76;100.0;28.46;"해당사항 없음";"해당사항 없음"
213;"03";"강원";"아우디";"Q7";"대형SUV";"가솔린";9012;217.42;18.2;100.0;28.46;"해당사항 없음";"해당사항 없음"
214;"14";"대구";"아우디";"Q7";"대형SUV";"디젤";9012;211.09;21.66;100.0;28.46;"해당사항 없음";"해당사항 없음"
213;"14";"대구";"아우디";"Q7";"대형SUV";"가솔린";9012;212.85;20.73;100.0;28.46;"해당사항 없음";"해당사항 없음"
214;"10";"부산";"아우디";"Q7";"대형SUV";"디젤";9012;212.14;21.15;100.0;28.46;"해당사항 없음";"해당사항 없음"
213;"10";"부산";"아우디";"Q7";"대형SUV";"가솔린";9012;214.14;20.14;100.0;28.46;"해당사항 없음";"해당사항 없음"
214;"17";"대전";"아우디";"Q7";"대형SUV";"디젤";9012;212.2;21.13;100.0;28.46;"해당사항 없음";"해당사항 없음"
213;"17";"대전";"아우디";"Q7";"대형SUV";"가솔린";9012;213.55;20.42;100.0;28.46;"해당사항 없음";"해당사항 없음"
214;"06";"전북";"아우디";"Q7";"대형SUV";"디젤";9012;214.75;19.85;100.0;28.46;"해당사항 없음";"해당사항 없음"
213;"06";"전북";"아우디";"Q7";"대형SUV";"가솔린";9012;216.24;18.78;100.0;28.46;"해당사항 없음";"해당사항 없음"
214;"05";"충남";"아우디";"Q7";"대형SUV";"디젤";9012;215.19;19.65;100.0;28.46;"해당사항 없음";"해당사항 없음"
213;"05";"충남";"아우디";"Q7";"대형SUV";"가솔린";9012;216.8;18.48;100.0;28.46;"해당사항 없음";"해당사항 없음"
214;"04";"충북";"아우디";"Q7";"대형SUV";"디젤";9012;215.26;19.63;100.0;28.46;"해당사항 없음";"해당사항 없음"
213;"04";"충북";"아우디";"Q7";"대형SUV";"가솔린";9012;216.93;18.46;100.0;28.46;"해당사항 없음";"해당사항 없음"
214;"08";"경북";"아우디";"Q7";"대형SUV";"디젤";9012;213.8;20.24;100.0;28.46;"해당사항 없음";"해당사항 없음"
213;"08";"경북";"아우디";"Q7";"대형SUV";"가솔린";9012;215.43;19.47;100.0;28.46;"해당사항 없음";"해당사항 없음"
214;"09";"경남";"아우디";"Q7";"대형SUV";"디젤";9012;213.61;20.4;100.0;28.46;"해당사항 없음";"해당사항 없음"
213;"09";"경남";"아우디";"Q7";"대형SUV";"가솔린";9012;215.46;19.45;100.0;28.46;"해당사항 없음";"해당사항 없음"
214;"20";"전남광주";"아우디";"Q7";"대형SUV";"디젤";9012;215.17;19.67;100.0;28.46;"해당사항 없음";"해당사항 없음"
213;"20";"전남광주";"아우디";"Q7";"대형SUV";"가솔린";9012;216.54;18.68;100.0;28.46;"해당사항 없음";"해당사항 없음"
260;"17";"대전";"벤츠";"EQE";"준대형";"전기(배터리)";11000;88.61;79.94;55.58;27.81;"충전기당 전기차 수 : 1.45";"1900"
179;"20";"전남광주";"BMW";"iX";"대형SUV";"전기(배터리)";11430;93.33;77.92;21.79;27.79;"충전기당 전기차 수 : 1.65";"2300"
260;"06";"전북";"벤츠";"EQE";"준대형";"전기(배터리)";11000;88.61;79.94;49.95;27.77;"충전기당 전기차 수 : 1.46";"1800"
179;"05";"충남";"BMW";"iX";"대형SUV";"전기(배터리)";11430;93.33;77.92;44.32;27.75;"충전기당 전기차 수 : 1.48";"2200"
179;"04";"충북";"BMW";"iX";"대형SUV";"전기(배터리)";11430;93.33;77.92;38.69;27.75;"충전기당 전기차 수 : 1.52";"2200"
260;"18";"울산";"벤츠";"EQE";"준대형";"전기(배터리)";11000;88.61;79.94;89.37;27.71;"충전기당 전기차 수 : 0.96";"1700"
260;"02";"경기";"벤츠";"EQE";"준대형";"전기(배터리)";11000;88.61;79.94;83.74;27.71;"충전기당 전기차 수 : 1.01";"1700"
179;"08";"경북";"BMW";"iX";"대형SUV";"전기(배터리)";11430;93.33;77.92;33.06;27.67;"충전기당 전기차 수 : 1.58";"2100"
179;"09";"경남";"BMW";"iX";"대형SUV";"전기(배터리)";11430;93.33;77.92;27.43;27.67;"충전기당 전기차 수 : 1.64";"2100"
179;"03";"강원";"BMW";"iX";"대형SUV";"전기(배터리)";11430;93.33;77.92;72.48;27.63;"충전기당 전기차 수 : 1.22";"2040"
210;"19";"세종";"아우디";"A6 e-tron";"준대형";"전기(배터리)";9459;77.78;86.01;95.0;27.61;"충전기당 전기차 수 : 0.88";"현재 지자체의 예산이 소진되어 지원금을 받을 수 없습니다"
210;"01";"서울";"아우디";"A6 e-tron";"준대형";"전기(배터리)";9459;77.78;86.01;78.11;27.61;"충전기당 전기차 수 : 1.13";"현재 지자체의 예산이 소진되어 지원금을 받을 수 없습니다"
210;"14";"대구";"아우디";"A6 e-tron";"준대형";"전기(배터리)";9459;77.78;86.01;66.84;27.61;"충전기당 전기차 수 : 1.42";"현재 지자체의 예산이 소진되어 지원금을 받을 수 없습니다"
210;"10";"부산";"아우디";"A6 e-tron";"준대형";"전기(배터리)";9459;77.78;86.01;61.21;27.61;"충전기당 전기차 수 : 1.42";"현재 지자체의 예산이 소진되어 지원금을 받을 수 없습니다"
210;"15";"인천";"아우디";"A6 e-tron";"준대형";"전기(배터리)";9459;77.78;86.01;16.16;27.61;"충전기당 전기차 수 : 1.75";"현재 지자체의 예산이 소진되어 지원금을 받을 수 없습니다"
210;"11";"제주";"아우디";"A6 e-tron";"준대형";"전기(배터리)";9459;77.78;86.01;10.53;27.61;"충전기당 전기차 수 : 5.83";"현재 지자체의 예산이 소진되어 지원금을 받을 수 없습니다"
197;"19";"세종";"아우디";"Q6 e-tron";"중형SUV";"전기(배터리)";9522;86.42;81.16;95.0;27.48;"충전기당 전기차 수 : 0.88";"현재 지자체의 예산이 소진되어 지원금을 받을 수 없습니다"
197;"01";"서울";"아우디";"Q6 e-tron";"중형SUV";"전기(배터리)";9522;86.42;81.16;78.11;27.48;"충전기당 전기차 수 : 1.13";"현재 지자체의 예산이 소진되어 지원금을 받을 수 없습니다"
197;"14";"대구";"아우디";"Q6 e-tron";"중형SUV";"전기(배터리)";9522;86.42;81.16;66.84;27.48;"충전기당 전기차 수 : 1.42";"현재 지자체의 예산이 소진되어 지원금을 받을 수 없습니다"
197;"10";"부산";"아우디";"Q6 e-tron";"중형SUV";"전기(배터리)";9522;86.42;81.16;61.21;27.48;"충전기당 전기차 수 : 1.42";"현재 지자체의 예산이 소진되어 지원금을 받을 수 없습니다"
197;"15";"인천";"아우디";"Q6 e-tron";"중형SUV";"전기(배터리)";9522;86.42;81.16;16.16;27.48;"충전기당 전기차 수 : 1.75";"현재 지자체의 예산이 소진되어 지원금을 받을 수 없습니다"
197;"11";"제주";"아우디";"Q6 e-tron";"중형SUV";"전기(배터리)";9522;86.42;81.16;10.53;27.48;"충전기당 전기차 수 : 5.83";"현재 지자체의 예산이 소진되어 지원금을 받을 수 없습니다"
256;"15";"인천";"랜드로버";"Range Rover Velar";"대형SUV";"가솔린";9530;213.37;20.48;100.0;27.36;"해당사항 없음";"해당사항 없음"
257;"15";"인천";"랜드로버";"Range Rover Velar";"대형SUV";"하이브리드";9530;213.37;20.48;100.0;27.36;"해당사항 없음";"해당사항 없음"
256;"11";"제주";"랜드로버";"Range Rover Velar";"대형SUV";"가솔린";9530;218.34;17.37;100.0;27.36;"해당사항 없음";"해당사항 없음"
257;"11";"제주";"랜드로버";"Range Rover Velar";"대형SUV";"하이브리드";9530;218.34;17.37;100.0;27.36;"해당사항 없음";"해당사항 없음"
179;"17";"대전";"BMW";"iX";"대형SUV";"전기(배터리)";11430;93.33;77.92;55.58;27.36;"충전기당 전기차 수 : 1.45";"1900"
256;"17";"대전";"랜드로버";"Range Rover Velar";"대형SUV";"가솔린";9530;212.32;21.07;100.0;27.36;"해당사항 없음";"해당사항 없음"
257;"17";"대전";"랜드로버";"Range Rover Velar";"대형SUV";"하이브리드";9530;212.32;21.07;100.0;27.36;"해당사항 없음";"해당사항 없음"
256;"06";"전북";"랜드로버";"Range Rover Velar";"대형SUV";"가솔린";9530;214.99;19.73;100.0;27.36;"해당사항 없음";"해당사항 없음"
257;"06";"전북";"랜드로버";"Range Rover Velar";"대형SUV";"하이브리드";9530;214.99;19.73;100.0;27.36;"해당사항 없음";"해당사항 없음"
256;"05";"충남";"랜드로버";"Range Rover Velar";"대형SUV";"가솔린";9530;215.55;19.43;100.0;27.36;"해당사항 없음";"해당사항 없음"
257;"05";"충남";"랜드로버";"Range Rover Velar";"대형SUV";"하이브리드";9530;215.55;19.43;100.0;27.36;"해당사항 없음";"해당사항 없음"
256;"04";"충북";"랜드로버";"Range Rover Velar";"대형SUV";"가솔린";9530;215.68;19.35;100.0;27.36;"해당사항 없음";"해당사항 없음"
257;"04";"충북";"랜드로버";"Range Rover Velar";"대형SUV";"하이브리드";9530;215.68;19.35;100.0;27.36;"해당사항 없음";"해당사항 없음"
256;"08";"경북";"랜드로버";"Range Rover Velar";"대형SUV";"가솔린";9530;214.19;20.12;100.0;27.36;"해당사항 없음";"해당사항 없음"
257;"08";"경북";"랜드로버";"Range Rover Velar";"대형SUV";"하이브리드";9530;214.19;20.12;100.0;27.36;"해당사항 없음";"해당사항 없음"
256;"09";"경남";"랜드로버";"Range Rover Velar";"대형SUV";"가솔린";9530;214.21;20.06;100.0;27.36;"해당사항 없음";"해당사항 없음"
257;"09";"경남";"랜드로버";"Range Rover Velar";"대형SUV";"하이브리드";9530;214.21;20.06;100.0;27.36;"해당사항 없음";"해당사항 없음"
256;"20";"전남광주";"랜드로버";"Range Rover Velar";"대형SUV";"가솔린";9530;215.29;19.61;100.0;27.36;"해당사항 없음";"해당사항 없음"
257;"20";"전남광주";"랜드로버";"Range Rover Velar";"대형SUV";"하이브리드";9530;215.29;19.61;100.0;27.36;"해당사항 없음";"해당사항 없음"
256;"19";"세종";"랜드로버";"Range Rover Velar";"대형SUV";"가솔린";9530;214.5;19.94;100.0;27.36;"해당사항 없음";"해당사항 없음"
257;"19";"세종";"랜드로버";"Range Rover Velar";"대형SUV";"하이브리드";9530;214.5;19.94;100.0;27.36;"해당사항 없음";"해당사항 없음"
256;"18";"울산";"랜드로버";"Range Rover Velar";"대형SUV";"가솔린";9530;212.43;20.99;100.0;27.36;"해당사항 없음";"해당사항 없음"
257;"18";"울산";"랜드로버";"Range Rover Velar";"대형SUV";"하이브리드";9530;212.43;20.99;100.0;27.36;"해당사항 없음";"해당사항 없음"
256;"02";"경기";"랜드로버";"Range Rover Velar";"대형SUV";"가솔린";9530;214.45;20.0;100.0;27.36;"해당사항 없음";"해당사항 없음"
257;"02";"경기";"랜드로버";"Range Rover Velar";"대형SUV";"하이브리드";9530;214.45;20.0;100.0;27.36;"해당사항 없음";"해당사항 없음"
256;"01";"서울";"랜드로버";"Range Rover Velar";"대형SUV";"가솔린";9530;220.15;15.85;100.0;27.36;"해당사항 없음";"해당사항 없음"
257;"01";"서울";"랜드로버";"Range Rover Velar";"대형SUV";"하이브리드";9530;220.15;15.85;100.0;27.36;"해당사항 없음";"해당사항 없음"
256;"03";"강원";"랜드로버";"Range Rover Velar";"대형SUV";"가솔린";9530;216.17;18.9;100.0;27.36;"해당사항 없음";"해당사항 없음"
257;"03";"강원";"랜드로버";"Range Rover Velar";"대형SUV";"하이브리드";9530;216.17;18.9;100.0;27.36;"해당사항 없음";"해당사항 없음"
256;"14";"대구";"랜드로버";"Range Rover Velar";"대형SUV";"가솔린";9530;211.62;21.55;100.0;27.36;"해당사항 없음";"해당사항 없음"
257;"14";"대구";"랜드로버";"Range Rover Velar";"대형SUV";"하이브리드";9530;211.62;21.55;100.0;27.36;"해당사항 없음";"해당사항 없음"
256;"10";"부산";"랜드로버";"Range Rover Velar";"대형SUV";"가솔린";9530;212.9;20.7;100.0;27.36;"해당사항 없음";"해당사항 없음"
257;"10";"부산";"랜드로버";"Range Rover Velar";"대형SUV";"하이브리드";9530;212.9;20.7;100.0;27.36;"해당사항 없음";"해당사항 없음"
179;"06";"전북";"BMW";"iX";"대형SUV";"전기(배터리)";11430;93.33;77.92;49.95;26.7;"충전기당 전기차 수 : 1.46";"1800"
224;"19";"세종";"벤츠";"EQE SUV";"대형SUV";"전기(배터리)";9646;87.5;80.71;95.0;26.68;"충전기당 전기차 수 : 0.88";"현재 지자체의 예산이 소진되어 지원금을 받을 수 없습니다"
224;"01";"서울";"벤츠";"EQE SUV";"대형SUV";"전기(배터리)";9646;87.5;80.71;78.11;26.68;"충전기당 전기차 수 : 1.13";"현재 지자체의 예산이 소진되어 지원금을 받을 수 없습니다"
224;"14";"대구";"벤츠";"EQE SUV";"대형SUV";"전기(배터리)";9646;87.5;80.71;66.84;26.68;"충전기당 전기차 수 : 1.42";"현재 지자체의 예산이 소진되어 지원금을 받을 수 없습니다"
224;"10";"부산";"벤츠";"EQE SUV";"대형SUV";"전기(배터리)";9646;87.5;80.71;61.21;26.68;"충전기당 전기차 수 : 1.42";"현재 지자체의 예산이 소진되어 지원금을 받을 수 없습니다"
224;"15";"인천";"벤츠";"EQE SUV";"대형SUV";"전기(배터리)";9646;87.5;80.71;16.16;26.68;"충전기당 전기차 수 : 1.75";"현재 지자체의 예산이 소진되어 지원금을 받을 수 없습니다"
224;"11";"제주";"벤츠";"EQE SUV";"대형SUV";"전기(배터리)";9646;87.5;80.71;10.53;26.68;"충전기당 전기차 수 : 5.83";"현재 지자체의 예산이 소진되어 지원금을 받을 수 없습니다"
179;"18";"울산";"BMW";"iX";"대형SUV";"전기(배터리)";11430;93.33;77.92;89.37;26.55;"충전기당 전기차 수 : 0.96";"1700"
179;"02";"경기";"BMW";"iX";"대형SUV";"전기(배터리)";11430;93.33;77.92;83.74;26.55;"충전기당 전기차 수 : 1.01";"1700"
105;"15";"인천";"제네시스";"G90";"대형";"가솔린";9748;213.37;20.48;100.0;26.51;"해당사항 없음";"해당사항 없음"
105;"11";"제주";"제네시스";"G90";"대형";"가솔린";9748;218.34;17.37;100.0;26.51;"해당사항 없음";"해당사항 없음"
105;"19";"세종";"제네시스";"G90";"대형";"가솔린";9748;214.5;19.94;100.0;26.51;"해당사항 없음";"해당사항 없음"
105;"18";"울산";"제네시스";"G90";"대형";"가솔린";9748;212.43;20.99;100.0;26.51;"해당사항 없음";"해당사항 없음"
105;"02";"경기";"제네시스";"G90";"대형";"가솔린";9748;214.45;20.0;100.0;26.51;"해당사항 없음";"해당사항 없음"
105;"01";"서울";"제네시스";"G90";"대형";"가솔린";9748;220.15;15.85;100.0;26.51;"해당사항 없음";"해당사항 없음"
105;"03";"강원";"제네시스";"G90";"대형";"가솔린";9748;216.17;18.9;100.0;26.51;"해당사항 없음";"해당사항 없음"
105;"14";"대구";"제네시스";"G90";"대형";"가솔린";9748;211.62;21.55;100.0;26.51;"해당사항 없음";"해당사항 없음"
105;"10";"부산";"제네시스";"G90";"대형";"가솔린";9748;212.9;20.7;100.0;26.51;"해당사항 없음";"해당사항 없음"
105;"17";"대전";"제네시스";"G90";"대형";"가솔린";9748;212.32;21.07;100.0;26.51;"해당사항 없음";"해당사항 없음"
105;"06";"전북";"제네시스";"G90";"대형";"가솔린";9748;214.99;19.73;100.0;26.51;"해당사항 없음";"해당사항 없음"
105;"05";"충남";"제네시스";"G90";"대형";"가솔린";9748;215.55;19.43;100.0;26.51;"해당사항 없음";"해당사항 없음"
105;"04";"충북";"제네시스";"G90";"대형";"가솔린";9748;215.68;19.35;100.0;26.51;"해당사항 없음";"해당사항 없음"
105;"08";"경북";"제네시스";"G90";"대형";"가솔린";9748;214.19;20.12;100.0;26.51;"해당사항 없음";"해당사항 없음"
105;"09";"경남";"제네시스";"G90";"대형";"가솔린";9748;214.21;20.06;100.0;26.51;"해당사항 없음";"해당사항 없음"
105;"20";"전남광주";"제네시스";"G90";"대형";"가솔린";9748;215.29;19.61;100.0;26.51;"해당사항 없음";"해당사항 없음"
229;"19";"세종";"제네시스";"GV60 MAGMA";"중형SUV";"전기(배터리)";9788;94.59;77.51;95.0;26.19;"충전기당 전기차 수 : 0.88";"현재 지자체의 예산이 소진되어 지원금을 받을 수 없습니다"
229;"01";"서울";"제네시스";"GV60 MAGMA";"중형SUV";"전기(배터리)";9788;94.59;77.51;78.11;26.19;"충전기당 전기차 수 : 1.13";"현재 지자체의 예산이 소진되어 지원금을 받을 수 없습니다"
229;"14";"대구";"제네시스";"GV60 MAGMA";"중형SUV";"전기(배터리)";9788;94.59;77.51;66.84;26.19;"충전기당 전기차 수 : 1.42";"현재 지자체의 예산이 소진되어 지원금을 받을 수 없습니다"
229;"10";"부산";"제네시스";"GV60 MAGMA";"중형SUV";"전기(배터리)";9788;94.59;77.51;61.21;26.19;"충전기당 전기차 수 : 1.42";"현재 지자체의 예산이 소진되어 지원금을 받을 수 없습니다"
229;"15";"인천";"제네시스";"GV60 MAGMA";"중형SUV";"전기(배터리)";9788;94.59;77.51;16.16;26.19;"충전기당 전기차 수 : 1.75";"현재 지자체의 예산이 소진되어 지원금을 받을 수 없습니다"
229;"11";"제주";"제네시스";"GV60 MAGMA";"중형SUV";"전기(배터리)";9788;94.59;77.51;10.53;26.19;"충전기당 전기차 수 : 5.83";"현재 지자체의 예산이 소진되어 지원금을 받을 수 없습니다"
242;"15";"인천";"랜드로버";"Discovery";"대형SUV";"디젤";9950;199.94;24.31;100.0;26.07;"해당사항 없음";"해당사항 없음"
241;"15";"인천";"랜드로버";"Discovery";"대형SUV";"가솔린";9950;201.71;23.9;100.0;26.07;"해당사항 없음";"해당사항 없음"
242;"11";"제주";"랜드로버";"Discovery";"대형SUV";"디젤";9950;204.36;23.48;100.0;26.07;"해당사항 없음";"해당사항 없음"
241;"11";"제주";"랜드로버";"Discovery";"대형SUV";"가솔린";9950;206.4;23.11;100.0;26.07;"해당사항 없음";"해당사항 없음"
242;"17";"대전";"랜드로버";"Discovery";"대형SUV";"디젤";9950;199.44;24.37;100.0;26.07;"해당사항 없음";"해당사항 없음"
241;"17";"대전";"랜드로버";"Discovery";"대형SUV";"가솔린";9950;200.72;24.15;100.0;26.07;"해당사항 없음";"해당사항 없음"
242;"06";"전북";"랜드로버";"Discovery";"대형SUV";"디젤";9950;201.85;23.88;100.0;26.07;"해당사항 없음";"해당사항 없음"
241;"06";"전북";"랜드로버";"Discovery";"대형SUV";"가솔린";9950;203.25;23.68;100.0;26.07;"해당사항 없음";"해당사항 없음"
242;"05";"충남";"랜드로버";"Discovery";"대형SUV";"디젤";9950;202.26;23.82;100.0;26.07;"해당사항 없음";"해당사항 없음"
241;"05";"충남";"랜드로버";"Discovery";"대형SUV";"가솔린";9950;203.77;23.6;100.0;26.07;"해당사항 없음";"해당사항 없음"
242;"04";"충북";"랜드로버";"Discovery";"대형SUV";"디젤";9950;202.32;23.8;100.0;26.07;"해당사항 없음";"해당사항 없음"
241;"04";"충북";"랜드로버";"Discovery";"대형SUV";"가솔린";9950;203.89;23.58;100.0;26.07;"해당사항 없음";"해당사항 없음"
242;"08";"경북";"랜드로버";"Discovery";"대형SUV";"디젤";9950;200.95;24.04;100.0;26.07;"해당사항 없음";"해당사항 없음"
241;"08";"경북";"랜드로버";"Discovery";"대형SUV";"가솔린";9950;202.48;23.78;100.0;26.07;"해당사항 없음";"해당사항 없음"
242;"09";"경남";"랜드로버";"Discovery";"대형SUV";"디젤";9950;200.77;24.13;100.0;26.07;"해당사항 없음";"해당사항 없음"
241;"09";"경남";"랜드로버";"Discovery";"대형SUV";"가솔린";9950;202.51;23.76;100.0;26.07;"해당사항 없음";"해당사항 없음"
242;"20";"전남광주";"랜드로버";"Discovery";"대형SUV";"디젤";9950;202.24;23.84;100.0;26.07;"해당사항 없음";"해당사항 없음"
241;"20";"전남광주";"랜드로버";"Discovery";"대형SUV";"가솔린";9950;203.53;23.62;100.0;26.07;"해당사항 없음";"해당사항 없음"
242;"19";"세종";"랜드로버";"Discovery";"대형SUV";"디젤";9950;201.25;24.0;100.0;26.07;"해당사항 없음";"해당사항 없음"
241;"19";"세종";"랜드로버";"Discovery";"대형SUV";"가솔린";9950;202.78;23.7;100.0;26.07;"해당사항 없음";"해당사항 없음"
242;"18";"울산";"랜드로버";"Discovery";"대형SUV";"디젤";9950;199.61;24.33;100.0;26.07;"해당사항 없음";"해당사항 없음"
241;"18";"울산";"랜드로버";"Discovery";"대형SUV";"가솔린";9950;200.82;24.11;100.0;26.07;"해당사항 없음";"해당사항 없음"
242;"02";"경기";"랜드로버";"Discovery";"대형SUV";"디젤";9950;200.9;24.08;100.0;26.07;"해당사항 없음";"해당사항 없음"
241;"02";"경기";"랜드로버";"Discovery";"대형SUV";"가솔린";9950;202.73;23.72;100.0;26.07;"해당사항 없음";"해당사항 없음"
242;"01";"서울";"랜드로버";"Discovery";"대형SUV";"디젤";9950;206.17;23.17;100.0;26.07;"해당사항 없음";"해당사항 없음"
241;"01";"서울";"랜드로버";"Discovery";"대형SUV";"가솔린";9950;208.12;22.69;100.0;26.07;"해당사항 없음";"해당사항 없음"
242;"03";"강원";"랜드로버";"Discovery";"대형SUV";"디젤";9950;203.3;23.66;100.0;26.07;"해당사항 없음";"해당사항 없음"
241;"03";"강원";"랜드로버";"Discovery";"대형SUV";"가솔린";9950;204.36;23.48;100.0;26.07;"해당사항 없음";"해당사항 없음"
242;"14";"대구";"랜드로버";"Discovery";"대형SUV";"디젤";9950;198.4;24.57;100.0;26.07;"해당사항 없음";"해당사항 없음"
241;"14";"대구";"랜드로버";"Discovery";"대형SUV";"가솔린";9950;200.06;24.29;100.0;26.07;"해당사항 없음";"해당사항 없음"
242;"10";"부산";"랜드로버";"Discovery";"대형SUV";"디젤";9950;199.39;24.39;100.0;26.07;"해당사항 없음";"해당사항 없음"
241;"10";"부산";"랜드로버";"Discovery";"대형SUV";"가솔린";9950;201.27;23.98;100.0;26.07;"해당사항 없음";"해당사항 없음"
208;"19";"세종";"아우디";"Q8";"대형SUV";"디젤";10262;221.86;14.8;100.0;25.42;"해당사항 없음";"해당사항 없음"
207;"19";"세종";"아우디";"Q8";"대형SUV";"가솔린";10262;223.54;13.76;100.0;25.42;"해당사항 없음";"해당사항 없음"
208;"18";"울산";"아우디";"Q8";"대형SUV";"디젤";10262;220.05;16.03;100.0;25.42;"해당사항 없음";"해당사항 없음"
207;"18";"울산";"아우디";"Q8";"대형SUV";"가솔린";10262;221.39;15.0;100.0;25.42;"해당사항 없음";"해당사항 없음"
208;"02";"경기";"아우디";"Q8";"대형SUV";"디젤";10262;221.47;14.88;100.0;25.42;"해당사항 없음";"해당사항 없음"
207;"02";"경기";"아우디";"Q8";"대형SUV";"가솔린";10262;223.49;13.9;100.0;25.42;"해당사항 없음";"해당사항 없음"
208;"01";"서울";"아우디";"Q8";"대형SUV";"디젤";10262;227.28;12.35;100.0;25.42;"해당사항 없음";"해당사항 없음"
207;"01";"서울";"아우디";"Q8";"대형SUV";"가솔린";10262;229.43;11.76;100.0;25.42;"해당사항 없음";"해당사항 없음"
208;"03";"강원";"아우디";"Q8";"대형SUV";"디젤";10262;224.12;13.46;100.0;25.42;"해당사항 없음";"해당사항 없음"
207;"03";"강원";"아우디";"Q8";"대형SUV";"가솔린";10262;225.28;13.05;100.0;25.42;"해당사항 없음";"해당사항 없음"
208;"14";"대구";"아우디";"Q8";"대형SUV";"디젤";10262;218.72;17.1;100.0;25.42;"해당사항 없음";"해당사항 없음"
207;"14";"대구";"아우디";"Q8";"대형SUV";"가솔린";10262;220.54;15.69;100.0;25.42;"해당사항 없음";"해당사항 없음"
208;"10";"부산";"아우디";"Q8";"대형SUV";"디젤";10262;219.81;16.15;100.0;25.42;"해당사항 없음";"해당사항 없음"
207;"10";"부산";"아우디";"Q8";"대형SUV";"가솔린";10262;221.88;14.78;100.0;25.42;"해당사항 없음";"해당사항 없음"
208;"15";"인천";"아우디";"Q8";"대형SUV";"디젤";10262;220.41;15.71;100.0;25.42;"해당사항 없음";"해당사항 없음"
207;"15";"인천";"아우디";"Q8";"대형SUV";"가솔린";10262;222.37;14.49;100.0;25.42;"해당사항 없음";"해당사항 없음"
208;"11";"제주";"아우디";"Q8";"대형SUV";"디젤";10262;225.29;12.99;100.0;25.42;"해당사항 없음";"해당사항 없음"
207;"11";"제주";"아우디";"Q8";"대형SUV";"가솔린";10262;227.54;12.2;100.0;25.42;"해당사항 없음";"해당사항 없음"
208;"17";"대전";"아우디";"Q8";"대형SUV";"디젤";10262;219.87;16.13;100.0;25.42;"해당사항 없음";"해당사항 없음"
207;"17";"대전";"아우디";"Q8";"대형SUV";"가솔린";10262;221.27;15.24;100.0;25.42;"해당사항 없음";"해당사항 없음"
208;"06";"전북";"아우디";"Q8";"대형SUV";"디젤";10262;222.52;14.41;100.0;25.42;"해당사항 없음";"해당사항 없음"
207;"06";"전북";"아우디";"Q8";"대형SUV";"가솔린";10262;224.06;13.56;100.0;25.42;"해당사항 없음";"해당사항 없음"
208;"05";"충남";"아우디";"Q8";"대형SUV";"디젤";10262;222.97;14.25;100.0;25.42;"해당사항 없음";"해당사항 없음"
207;"05";"충남";"아우디";"Q8";"대형SUV";"가솔린";10262;224.64;13.28;100.0;25.42;"해당사항 없음";"해당사항 없음"
208;"04";"충북";"아우디";"Q8";"대형SUV";"디젤";10262;223.04;14.21;100.0;25.42;"해당사항 없음";"해당사항 없음"
207;"04";"충북";"아우디";"Q8";"대형SUV";"가솔린";10262;224.77;13.22;100.0;25.42;"해당사항 없음";"해당사항 없음"
208;"08";"경북";"아우디";"Q8";"대형SUV";"디젤";10262;221.53;14.86;100.0;25.42;"해당사항 없음";"해당사항 없음"
207;"08";"경북";"아우디";"Q8";"대형SUV";"가솔린";10262;223.22;14.17;100.0;25.42;"해당사항 없음";"해당사항 없음"
208;"09";"경남";"아우디";"Q8";"대형SUV";"디젤";10262;221.33;15.04;100.0;25.42;"해당사항 없음";"해당사항 없음"
207;"09";"경남";"아우디";"Q8";"대형SUV";"가솔린";10262;223.25;14.07;100.0;25.42;"해당사항 없음";"해당사항 없음"
208;"20";"전남광주";"아우디";"Q8";"대형SUV";"디젤";10262;222.95;14.27;100.0;25.42;"해당사항 없음";"해당사항 없음"
207;"20";"전남광주";"아우디";"Q8";"대형SUV";"가솔린";10262;224.37;13.4;100.0;25.42;"해당사항 없음";"해당사항 없음"
233;"17";"대전";"아우디";"A8";"대형";"디젤";10602;192.09;27.04;100.0;24.77;"해당사항 없음";"해당사항 없음"
232;"17";"대전";"아우디";"A8";"대형";"가솔린";10602;193.32;26.31;100.0;24.77;"해당사항 없음";"해당사항 없음"
233;"06";"전북";"아우디";"A8";"대형";"디젤";10602;194.41;25.7;100.0;24.77;"해당사항 없음";"해당사항 없음"
232;"06";"전북";"아우디";"A8";"대형";"가솔린";10602;195.76;25.22;100.0;24.77;"해당사항 없음";"해당사항 없음"
233;"05";"충남";"아우디";"A8";"대형";"디젤";10602;194.81;25.52;100.0;24.77;"해당사항 없음";"해당사항 없음"
232;"05";"충남";"아우디";"A8";"대형";"가솔린";10602;196.26;25.1;100.0;24.77;"해당사항 없음";"해당사항 없음"
233;"04";"충북";"아우디";"A8";"대형";"디젤";10602;194.87;25.5;100.0;24.77;"해당사항 없음";"해당사항 없음"
232;"04";"충북";"아우디";"A8";"대형";"가솔린";10602;196.38;25.0;100.0;24.77;"해당사항 없음";"해당사항 없음"
233;"08";"경북";"아우디";"A8";"대형";"디젤";10602;193.55;26.15;100.0;24.77;"해당사항 없음";"해당사항 없음"
232;"08";"경북";"아우디";"A8";"대형";"가솔린";10602;195.02;25.48;100.0;24.77;"해당사항 없음";"해당사항 없음"
233;"09";"경남";"아우디";"A8";"대형";"디젤";10602;193.38;26.23;100.0;24.77;"해당사항 없음";"해당사항 없음"
232;"09";"경남";"아우디";"A8";"대형";"가솔린";10602;195.05;25.44;100.0;24.77;"해당사항 없음";"해당사항 없음"
233;"20";"전남광주";"아우디";"A8";"대형";"디젤";10602;194.79;25.54;100.0;24.77;"해당사항 없음";"해당사항 없음"
232;"20";"전남광주";"아우디";"A8";"대형";"가솔린";10602;196.03;25.14;100.0;24.77;"해당사항 없음";"해당사항 없음"
233;"19";"세종";"아우디";"A8";"대형";"디젤";10602;193.84;25.99;100.0;24.77;"해당사항 없음";"해당사항 없음"
232;"19";"세종";"아우디";"A8";"대형";"가솔린";10602;195.31;25.36;100.0;24.77;"해당사항 없음";"해당사항 없음"
233;"18";"울산";"아우디";"A8";"대형";"디젤";10602;192.26;26.96;100.0;24.77;"해당사항 없음";"해당사항 없음"
232;"18";"울산";"아우디";"A8";"대형";"가솔린";10602;193.43;26.21;100.0;24.77;"해당사항 없음";"해당사항 없음"
233;"02";"경기";"아우디";"A8";"대형";"디젤";10602;193.5;26.17;100.0;24.77;"해당사항 없음";"해당사항 없음"
232;"02";"경기";"아우디";"A8";"대형";"가솔린";10602;195.26;25.4;100.0;24.77;"해당사항 없음";"해당사항 없음"
233;"01";"서울";"아우디";"A8";"대형";"디젤";10602;198.57;24.51;100.0;24.77;"해당사항 없음";"해당사항 없음"
232;"01";"서울";"아우디";"A8";"대형";"가솔린";10602;200.45;24.23;100.0;24.77;"해당사항 없음";"해당사항 없음"
233;"03";"강원";"아우디";"A8";"대형";"디젤";10602;195.81;25.18;100.0;24.77;"해당사항 없음";"해당사항 없음"
232;"03";"강원";"아우디";"A8";"대형";"가솔린";10602;196.83;24.87;100.0;24.77;"해당사항 없음";"해당사항 없음"
233;"14";"대구";"아우디";"A8";"대형";"디젤";10602;191.09;27.73;100.0;24.77;"해당사항 없음";"해당사항 없음"
232;"14";"대구";"아우디";"A8";"대형";"가솔린";10602;192.69;26.76;100.0;24.77;"해당사항 없음";"해당사항 없음"
233;"10";"부산";"아우디";"A8";"대형";"디젤";10602;192.05;27.06;100.0;24.77;"해당사항 없음";"해당사항 없음"
232;"10";"부산";"아우디";"A8";"대형";"가솔린";10602;193.85;25.97;100.0;24.77;"해당사항 없음";"해당사항 없음"
233;"15";"인천";"아우디";"A8";"대형";"디젤";10602;192.57;26.78;100.0;24.77;"해당사항 없음";"해당사항 없음"
232;"15";"인천";"아우디";"A8";"대형";"가솔린";10602;194.28;25.81;100.0;24.77;"해당사항 없음";"해당사항 없음"
233;"11";"제주";"아우디";"A8";"대형";"디젤";10602;196.83;24.87;100.0;24.77;"해당사항 없음";"해당사항 없음"
232;"11";"제주";"아우디";"A8";"대형";"가솔린";10602;198.8;24.47;100.0;24.77;"해당사항 없음";"해당사항 없음"
97;"15";"인천";"벤츠";"GLE-Class";"대형SUV";"디젤";10620;190.56;28.01;100.0;24.13;"해당사항 없음";"해당사항 없음"
95;"15";"인천";"벤츠";"GLE-Class";"대형SUV";"가솔린";10620;192.26;26.96;100.0;24.13;"해당사항 없음";"해당사항 없음"
96;"15";"인천";"벤츠";"GLE-Class";"대형SUV";"하이브리드";10620;192.26;26.96;100.0;24.13;"해당사항 없음";"해당사항 없음"
97;"11";"제주";"벤츠";"GLE-Class";"대형SUV";"디젤";10620;194.78;25.62;100.0;24.13;"해당사항 없음";"해당사항 없음"
95;"11";"제주";"벤츠";"GLE-Class";"대형SUV";"가솔린";10620;196.73;24.93;100.0;24.13;"해당사항 없음";"해당사항 없음"
96;"11";"제주";"벤츠";"GLE-Class";"대형SUV";"하이브리드";10620;196.73;24.93;100.0;24.13;"해당사항 없음";"해당사항 없음"
156;"19";"세종";"볼보";"EX90";"대형SUV";"전기(배터리)";10620;90.91;79.13;95.0;24.13;"충전기당 전기차 수 : 0.88";"현재 지자체의 예산이 소진되어 지원금을 받을 수 없습니다"
156;"01";"서울";"볼보";"EX90";"대형SUV";"전기(배터리)";10620;90.91;79.13;78.11;24.13;"충전기당 전기차 수 : 1.13";"현재 지자체의 예산이 소진되어 지원금을 받을 수 없습니다"
156;"14";"대구";"볼보";"EX90";"대형SUV";"전기(배터리)";10620;90.91;79.13;66.84;24.13;"충전기당 전기차 수 : 1.42";"현재 지자체의 예산이 소진되어 지원금을 받을 수 없습니다"
156;"10";"부산";"볼보";"EX90";"대형SUV";"전기(배터리)";10620;90.91;79.13;61.21;24.13;"충전기당 전기차 수 : 1.42";"현재 지자체의 예산이 소진되어 지원금을 받을 수 없습니다"
156;"15";"인천";"볼보";"EX90";"대형SUV";"전기(배터리)";10620;90.91;79.13;16.16;24.13;"충전기당 전기차 수 : 1.75";"현재 지자체의 예산이 소진되어 지원금을 받을 수 없습니다"
156;"11";"제주";"볼보";"EX90";"대형SUV";"전기(배터리)";10620;90.91;79.13;10.53;24.13;"충전기당 전기차 수 : 5.83";"현재 지자체의 예산이 소진되어 지원금을 받을 수 없습니다"
97;"17";"대전";"벤츠";"GLE-Class";"대형SUV";"디젤";10620;190.09;28.23;100.0;24.13;"해당사항 없음";"해당사항 없음"
95;"17";"대전";"벤츠";"GLE-Class";"대형SUV";"가솔린";10620;191.31;27.57;100.0;24.13;"해당사항 없음";"해당사항 없음"
96;"17";"대전";"벤츠";"GLE-Class";"대형SUV";"하이브리드";10620;191.31;27.57;100.0;24.13;"해당사항 없음";"해당사항 없음"
97;"06";"전북";"벤츠";"GLE-Class";"대형SUV";"디젤";10620;192.38;26.8;100.0;24.13;"해당사항 없음";"해당사항 없음"
95;"06";"전북";"벤츠";"GLE-Class";"대형SUV";"가솔린";10620;193.72;26.09;100.0;24.13;"해당사항 없음";"해당사항 없음"
96;"06";"전북";"벤츠";"GLE-Class";"대형SUV";"하이브리드";10620;193.72;26.09;100.0;24.13;"해당사항 없음";"해당사항 없음"
97;"05";"충남";"벤츠";"GLE-Class";"대형SUV";"디젤";10620;192.78;26.63;100.0;24.13;"해당사항 없음";"해당사항 없음"
95;"05";"충남";"벤츠";"GLE-Class";"대형SUV";"가솔린";10620;194.22;25.87;100.0;24.13;"해당사항 없음";"해당사항 없음"
96;"05";"충남";"벤츠";"GLE-Class";"대형SUV";"하이브리드";10620;194.22;25.87;100.0;24.13;"해당사항 없음";"해당사항 없음"
97;"04";"충북";"벤츠";"GLE-Class";"대형SUV";"디젤";10620;192.84;26.61;100.0;24.13;"해당사항 없음";"해당사항 없음"
95;"04";"충북";"벤츠";"GLE-Class";"대형SUV";"가솔린";10620;194.34;25.76;100.0;24.13;"해당사항 없음";"해당사항 없음"
96;"04";"충북";"벤츠";"GLE-Class";"대형SUV";"하이브리드";10620;194.34;25.76;100.0;24.13;"해당사항 없음";"해당사항 없음"
97;"08";"경북";"벤츠";"GLE-Class";"대형SUV";"디젤";10620;191.53;27.34;100.0;24.13;"해당사항 없음";"해당사항 없음"
95;"08";"경북";"벤츠";"GLE-Class";"대형SUV";"가솔린";10620;192.99;26.57;100.0;24.13;"해당사항 없음";"해당사항 없음"
96;"08";"경북";"벤츠";"GLE-Class";"대형SUV";"하이브리드";10620;192.99;26.57;100.0;24.13;"해당사항 없음";"해당사항 없음"
97;"09";"경남";"벤츠";"GLE-Class";"대형SUV";"디젤";10620;191.36;27.46;100.0;24.13;"해당사항 없음";"해당사항 없음"
95;"09";"경남";"벤츠";"GLE-Class";"대형SUV";"가솔린";10620;193.01;26.51;100.0;24.13;"해당사항 없음";"해당사항 없음"
96;"09";"경남";"벤츠";"GLE-Class";"대형SUV";"하이브리드";10620;193.01;26.51;100.0;24.13;"해당사항 없음";"해당사항 없음"
97;"20";"전남광주";"벤츠";"GLE-Class";"대형SUV";"디젤";10620;192.76;26.7;100.0;24.13;"해당사항 없음";"해당사항 없음"
95;"20";"전남광주";"벤츠";"GLE-Class";"대형SUV";"가솔린";10620;193.99;25.93;100.0;24.13;"해당사항 없음";"해당사항 없음"
96;"20";"전남광주";"벤츠";"GLE-Class";"대형SUV";"하이브리드";10620;193.99;25.93;100.0;24.13;"해당사항 없음";"해당사항 없음"
97;"19";"세종";"벤츠";"GLE-Class";"대형SUV";"디젤";10620;191.82;27.22;100.0;24.13;"해당사항 없음";"해당사항 없음"
95;"19";"세종";"벤츠";"GLE-Class";"대형SUV";"가솔린";10620;193.27;26.37;100.0;24.13;"해당사항 없음";"해당사항 없음"
96;"19";"세종";"벤츠";"GLE-Class";"대형SUV";"하이브리드";10620;193.27;26.37;100.0;24.13;"해당사항 없음";"해당사항 없음"
97;"18";"울산";"벤츠";"GLE-Class";"대형SUV";"디젤";10620;190.26;28.21;100.0;24.13;"해당사항 없음";"해당사항 없음"
95;"18";"울산";"벤츠";"GLE-Class";"대형SUV";"가솔린";10620;191.41;27.44;100.0;24.13;"해당사항 없음";"해당사항 없음"
96;"18";"울산";"벤츠";"GLE-Class";"대형SUV";"하이브리드";10620;191.41;27.44;100.0;24.13;"해당사항 없음";"해당사항 없음"
97;"02";"경기";"벤츠";"GLE-Class";"대형SUV";"디젤";10620;191.48;27.38;100.0;24.13;"해당사항 없음";"해당사항 없음"
95;"02";"경기";"벤츠";"GLE-Class";"대형SUV";"가솔린";10620;193.23;26.43;100.0;24.13;"해당사항 없음";"해당사항 없음"
96;"02";"경기";"벤츠";"GLE-Class";"대형SUV";"하이브리드";10620;193.23;26.43;100.0;24.13;"해당사항 없음";"해당사항 없음"
97;"01";"서울";"벤츠";"GLE-Class";"대형SUV";"디젤";10620;196.51;24.96;100.0;24.13;"해당사항 없음";"해당사항 없음"
95;"01";"서울";"벤츠";"GLE-Class";"대형SUV";"가솔린";10620;198.37;24.63;100.0;24.13;"해당사항 없음";"해당사항 없음"
96;"01";"서울";"벤츠";"GLE-Class";"대형SUV";"하이브리드";10620;198.37;24.63;100.0;24.13;"해당사항 없음";"해당사항 없음"
97;"03";"강원";"벤츠";"GLE-Class";"대형SUV";"디젤";10620;193.77;26.03;100.0;24.13;"해당사항 없음";"해당사항 없음"
95;"03";"강원";"벤츠";"GLE-Class";"대형SUV";"가솔린";10620;194.78;25.62;100.0;24.13;"해당사항 없음";"해당사항 없음"
96;"03";"강원";"벤츠";"GLE-Class";"대형SUV";"하이브리드";10620;194.78;25.62;100.0;24.13;"해당사항 없음";"해당사항 없음"
97;"14";"대구";"벤츠";"GLE-Class";"대형SUV";"디젤";10620;189.1;28.62;100.0;24.13;"해당사항 없음";"해당사항 없음"
95;"14";"대구";"벤츠";"GLE-Class";"대형SUV";"가솔린";10620;190.68;27.99;100.0;24.13;"해당사항 없음";"해당사항 없음"
96;"14";"대구";"벤츠";"GLE-Class";"대형SUV";"하이브리드";10620;190.68;27.99;100.0;24.13;"해당사항 없음";"해당사항 없음"
97;"10";"부산";"벤츠";"GLE-Class";"대형SUV";"디젤";10620;190.05;28.29;100.0;24.13;"해당사항 없음";"해당사항 없음"
95;"10";"부산";"벤츠";"GLE-Class";"대형SUV";"가솔린";10620;191.83;27.2;100.0;24.13;"해당사항 없음";"해당사항 없음"
96;"10";"부산";"벤츠";"GLE-Class";"대형SUV";"하이브리드";10620;191.83;27.2;100.0;24.13;"해당사항 없음";"해당사항 없음"
209;"19";"세종";"폭스바겐";"Touareg";"대형SUV";"디젤";10835;170.51;38.56;100.0;23.03;"해당사항 없음";"해당사항 없음"
209;"18";"울산";"폭스바겐";"Touareg";"대형SUV";"디젤";10835;169.12;39.06;100.0;23.03;"해당사항 없음";"해당사항 없음"
209;"02";"경기";"폭스바겐";"Touareg";"대형SUV";"디젤";10835;170.21;38.6;100.0;23.03;"해당사항 없음";"해당사항 없음"
209;"01";"서울";"폭스바겐";"Touareg";"대형SUV";"디젤";10835;174.67;36.69;100.0;23.03;"해당사항 없음";"해당사항 없음"
209;"03";"강원";"폭스바겐";"Touareg";"대형SUV";"디젤";10835;172.24;37.83;100.0;23.03;"해당사항 없음";"해당사항 없음"
209;"14";"대구";"폭스바겐";"Touareg";"대형SUV";"디젤";10835;168.09;39.53;100.0;23.03;"해당사항 없음";"해당사항 없음"
209;"10";"부산";"폭스바겐";"Touareg";"대형SUV";"디젤";10835;168.93;39.12;100.0;23.03;"해당사항 없음";"해당사항 없음"
209;"15";"인천";"폭스바겐";"Touareg";"대형SUV";"디젤";10835;169.39;38.86;100.0;23.03;"해당사항 없음";"해당사항 없음"
209;"11";"제주";"폭스바겐";"Touareg";"대형SUV";"디젤";10835;173.14;37.48;100.0;23.03;"해당사항 없음";"해당사항 없음"
209;"17";"대전";"폭스바겐";"Touareg";"대형SUV";"디젤";10835;168.97;39.08;100.0;23.03;"해당사항 없음";"해당사항 없음"
209;"06";"전북";"폭스바겐";"Touareg";"대형SUV";"디젤";10835;171.01;38.31;100.0;23.03;"해당사항 없음";"해당사항 없음"
209;"05";"충남";"폭스바겐";"Touareg";"대형SUV";"디젤";10835;171.36;38.21;100.0;23.03;"해당사항 없음";"해당사항 없음"
209;"04";"충북";"폭스바겐";"Touareg";"대형SUV";"디젤";10835;171.41;38.17;100.0;23.03;"해당사항 없음";"해당사항 없음"
209;"08";"경북";"폭스바겐";"Touareg";"대형SUV";"디젤";10835;170.25;38.58;100.0;23.03;"해당사항 없음";"해당사항 없음"
209;"09";"경남";"폭스바겐";"Touareg";"대형SUV";"디젤";10835;170.1;38.66;100.0;23.03;"해당사항 없음";"해당사항 없음"
209;"20";"전남광주";"폭스바겐";"Touareg";"대형SUV";"디젤";10835;171.34;38.23;100.0;23.03;"해당사항 없음";"해당사항 없음"
260;"19";"세종";"벤츠";"EQE";"준대형";"전기(배터리)";11000;88.61;79.94;95.0;22.71;"충전기당 전기차 수 : 0.88";"현재 지자체의 예산이 소진되어 지원금을 받을 수 없습니다"
260;"01";"서울";"벤츠";"EQE";"준대형";"전기(배터리)";11000;88.61;79.94;78.11;22.71;"충전기당 전기차 수 : 1.13";"현재 지자체의 예산이 소진되어 지원금을 받을 수 없습니다"
260;"14";"대구";"벤츠";"EQE";"준대형";"전기(배터리)";11000;88.61;79.94;66.84;22.71;"충전기당 전기차 수 : 1.42";"현재 지자체의 예산이 소진되어 지원금을 받을 수 없습니다"
260;"10";"부산";"벤츠";"EQE";"준대형";"전기(배터리)";11000;88.61;79.94;61.21;22.71;"충전기당 전기차 수 : 1.42";"현재 지자체의 예산이 소진되어 지원금을 받을 수 없습니다"
260;"15";"인천";"벤츠";"EQE";"준대형";"전기(배터리)";11000;88.61;79.94;16.16;22.71;"충전기당 전기차 수 : 1.75";"현재 지자체의 예산이 소진되어 지원금을 받을 수 없습니다"
260;"11";"제주";"벤츠";"EQE";"준대형";"전기(배터리)";11000;88.61;79.94;10.53;22.71;"충전기당 전기차 수 : 5.83";"현재 지자체의 예산이 소진되어 지원금을 받을 수 없습니다"
78;"15";"인천";"BMW";"X5";"대형SUV";"디젤";11020;176.75;35.09;100.0;22.59;"해당사항 없음";"해당사항 없음"
76;"15";"인천";"BMW";"X5";"대형SUV";"가솔린";11020;178.33;33.8;100.0;22.59;"해당사항 없음";"해당사항 없음"
77;"15";"인천";"BMW";"X5";"대형SUV";"하이브리드";11020;178.33;33.8;100.0;22.59;"해당사항 없음";"해당사항 없음"
78;"11";"제주";"BMW";"X5";"대형SUV";"디젤";11020;180.67;31.94;100.0;22.59;"해당사항 없음";"해당사항 없음"
76;"11";"제주";"BMW";"X5";"대형SUV";"가솔린";11020;182.47;30.78;100.0;22.59;"해당사항 없음";"해당사항 없음"
77;"11";"제주";"BMW";"X5";"대형SUV";"하이브리드";11020;182.47;30.78;100.0;22.59;"해당사항 없음";"해당사항 없음"
76;"19";"세종";"BMW";"X5";"대형SUV";"가솔린";11020;179.27;32.97;100.0;22.59;"해당사항 없음";"해당사항 없음"
77;"19";"세종";"BMW";"X5";"대형SUV";"하이브리드";11020;179.27;32.97;100.0;22.59;"해당사항 없음";"해당사항 없음"
78;"19";"세종";"BMW";"X5";"대형SUV";"디젤";11020;177.92;34.31;100.0;22.59;"해당사항 없음";"해당사항 없음"
78;"18";"울산";"BMW";"X5";"대형SUV";"디젤";11020;176.47;35.46;100.0;22.59;"해당사항 없음";"해당사항 없음"
76;"18";"울산";"BMW";"X5";"대형SUV";"가솔린";11020;177.54;34.51;100.0;22.59;"해당사항 없음";"해당사항 없음"
77;"18";"울산";"BMW";"X5";"대형SUV";"하이브리드";11020;177.54;34.51;100.0;22.59;"해당사항 없음";"해당사항 없음"
78;"02";"경기";"BMW";"X5";"대형SUV";"디젤";11020;177.61;34.37;100.0;22.59;"해당사항 없음";"해당사항 없음"
76;"02";"경기";"BMW";"X5";"대형SUV";"가솔린";11020;179.23;33.01;100.0;22.59;"해당사항 없음";"해당사항 없음"
77;"02";"경기";"BMW";"X5";"대형SUV";"하이브리드";11020;179.23;33.01;100.0;22.59;"해당사항 없음";"해당사항 없음"
78;"01";"서울";"BMW";"X5";"대형SUV";"디젤";11020;182.27;30.95;100.0;22.59;"해당사항 없음";"해당사항 없음"
76;"01";"서울";"BMW";"X5";"대형SUV";"가솔린";11020;183.99;30.26;100.0;22.59;"해당사항 없음";"해당사항 없음"
77;"01";"서울";"BMW";"X5";"대형SUV";"하이브리드";11020;183.99;30.26;100.0;22.59;"해당사항 없음";"해당사항 없음"
78;"03";"강원";"BMW";"X5";"대형SUV";"디젤";11020;179.73;32.56;100.0;22.59;"해당사항 없음";"해당사항 없음"
76;"03";"강원";"BMW";"X5";"대형SUV";"가솔린";11020;180.66;31.98;100.0;22.59;"해당사항 없음";"해당사항 없음"
77;"03";"강원";"BMW";"X5";"대형SUV";"하이브리드";11020;180.66;31.98;100.0;22.59;"해당사항 없음";"해당사항 없음"
78;"14";"대구";"BMW";"X5";"대형SUV";"디젤";11020;175.4;36.27;100.0;22.59;"해당사항 없음";"해당사항 없음"
76;"14";"대구";"BMW";"X5";"대형SUV";"가솔린";11020;176.86;34.97;100.0;22.59;"해당사항 없음";"해당사항 없음"
77;"14";"대구";"BMW";"X5";"대형SUV";"하이브리드";11020;176.86;34.97;100.0;22.59;"해당사항 없음";"해당사항 없음"
78;"10";"부산";"BMW";"X5";"대형SUV";"디젤";11020;176.27;35.6;100.0;22.59;"해당사항 없음";"해당사항 없음"
76;"10";"부산";"BMW";"X5";"대형SUV";"가솔린";11020;177.93;34.28;100.0;22.59;"해당사항 없음";"해당사항 없음"
77;"10";"부산";"BMW";"X5";"대형SUV";"하이브리드";11020;177.93;34.28;100.0;22.59;"해당사항 없음";"해당사항 없음"
78;"17";"대전";"BMW";"X5";"대형SUV";"디젤";11020;176.32;35.56;100.0;22.59;"해당사항 없음";"해당사항 없음"
76;"17";"대전";"BMW";"X5";"대형SUV";"가솔린";11020;177.44;34.67;100.0;22.59;"해당사항 없음";"해당사항 없음"
77;"17";"대전";"BMW";"X5";"대형SUV";"하이브리드";11020;177.44;34.67;100.0;22.59;"해당사항 없음";"해당사항 없음"
78;"06";"전북";"BMW";"X5";"대형SUV";"디젤";11020;178.44;33.6;100.0;22.59;"해당사항 없음";"해당사항 없음"
76;"06";"전북";"BMW";"X5";"대형SUV";"가솔린";11020;179.68;32.61;100.0;22.59;"해당사항 없음";"해당사항 없음"
77;"06";"전북";"BMW";"X5";"대형SUV";"하이브리드";11020;179.68;32.61;100.0;22.59;"해당사항 없음";"해당사항 없음"
78;"05";"충남";"BMW";"X5";"대형SUV";"디젤";11020;178.81;33.48;100.0;22.59;"해당사항 없음";"해당사항 없음"
76;"05";"충남";"BMW";"X5";"대형SUV";"가솔린";11020;180.14;32.26;100.0;22.59;"해당사항 없음";"해당사항 없음"
77;"05";"충남";"BMW";"X5";"대형SUV";"하이브리드";11020;180.14;32.26;100.0;22.59;"해당사항 없음";"해당사항 없음"
78;"04";"충북";"BMW";"X5";"대형SUV";"디젤";11020;178.86;33.37;100.0;22.59;"해당사항 없음";"해당사항 없음"
76;"04";"충북";"BMW";"X5";"대형SUV";"가솔린";11020;180.25;32.14;100.0;22.59;"해당사항 없음";"해당사항 없음"
77;"04";"충북";"BMW";"X5";"대형SUV";"하이브리드";11020;180.25;32.14;100.0;22.59;"해당사항 없음";"해당사항 없음"
78;"08";"경북";"BMW";"X5";"대형SUV";"디젤";11020;177.65;34.35;100.0;22.59;"해당사항 없음";"해당사항 없음"
76;"08";"경북";"BMW";"X5";"대형SUV";"가솔린";11020;179.01;33.23;100.0;22.59;"해당사항 없음";"해당사항 없음"
77;"08";"경북";"BMW";"X5";"대형SUV";"하이브리드";11020;179.01;33.23;100.0;22.59;"해당사항 없음";"해당사항 없음"
76;"09";"경남";"BMW";"X5";"대형SUV";"가솔린";11020;179.03;33.17;100.0;22.59;"해당사항 없음";"해당사항 없음"
77;"09";"경남";"BMW";"X5";"대형SUV";"하이브리드";11020;179.03;33.17;100.0;22.59;"해당사항 없음";"해당사항 없음"
78;"09";"경남";"BMW";"X5";"대형SUV";"디젤";11020;177.49;34.57;100.0;22.59;"해당사항 없음";"해당사항 없음"
78;"20";"전남광주";"BMW";"X5";"대형SUV";"디젤";11020;178.79;33.5;100.0;22.59;"해당사항 없음";"해당사항 없음"
76;"20";"전남광주";"BMW";"X5";"대형SUV";"가솔린";11020;179.93;32.42;100.0;22.59;"해당사항 없음";"해당사항 없음"
77;"20";"전남광주";"BMW";"X5";"대형SUV";"하이브리드";11020;179.93;32.42;100.0;22.59;"해당사항 없음";"해당사항 없음"
190;"17";"대전";"랜드로버";"Defender";"대형SUV";"디젤";11280;215.96;19.09;100.0;21.62;"해당사항 없음";"해당사항 없음"
189;"17";"대전";"랜드로버";"Defender";"대형SUV";"가솔린";11280;217.34;18.34;100.0;21.62;"해당사항 없음";"해당사항 없음"
190;"06";"전북";"랜드로버";"Defender";"대형SUV";"디젤";11280;218.57;17.22;100.0;21.62;"해당사항 없음";"해당사항 없음"
189;"06";"전북";"랜드로버";"Defender";"대형SUV";"가솔린";11280;220.08;15.99;100.0;21.62;"해당사항 없음";"해당사항 없음"
190;"05";"충남";"랜드로버";"Defender";"대형SUV";"디젤";11280;219.01;16.92;100.0;21.62;"해당사항 없음";"해당사항 없음"
189;"05";"충남";"랜드로버";"Defender";"대형SUV";"가솔린";11280;220.65;15.52;100.0;21.62;"해당사항 없음";"해당사항 없음"
190;"04";"충북";"랜드로버";"Defender";"대형SUV";"디젤";11280;219.08;16.86;100.0;21.62;"해당사항 없음";"해당사항 없음"
189;"04";"충북";"랜드로버";"Defender";"대형SUV";"가솔린";11280;220.78;15.44;100.0;21.62;"해당사항 없음";"해당사항 없음"
190;"08";"경북";"랜드로버";"Defender";"대형SUV";"디젤";11280;217.6;17.99;100.0;21.62;"해당사항 없음";"해당사항 없음"
189;"08";"경북";"랜드로버";"Defender";"대형SUV";"가솔린";11280;219.26;16.68;100.0;21.62;"해당사항 없음";"해당사항 없음"
190;"09";"경남";"랜드로버";"Defender";"대형SUV";"디젤";11280;217.4;18.26;100.0;21.62;"해당사항 없음";"해당사항 없음"
189;"09";"경남";"랜드로버";"Defender";"대형SUV";"가솔린";11280;219.28;16.6;100.0;21.62;"해당사항 없음";"해당사항 없음"
190;"20";"전남광주";"랜드로버";"Defender";"대형SUV";"디젤";11280;218.99;16.98;100.0;21.62;"해당사항 없음";"해당사항 없음"
189;"20";"전남광주";"랜드로버";"Defender";"대형SUV";"가솔린";11280;220.39;15.79;100.0;21.62;"해당사항 없음";"해당사항 없음"
190;"15";"인천";"랜드로버";"Defender";"대형SUV";"디젤";11280;216.5;18.74;100.0;21.62;"해당사항 없음";"해당사항 없음"
189;"15";"인천";"랜드로버";"Defender";"대형SUV";"가솔린";11280;218.42;17.3;100.0;21.62;"해당사항 없음";"해당사항 없음"
190;"11";"제주";"랜드로버";"Defender";"대형SUV";"디젤";11280;221.29;15.1;100.0;21.62;"해당사항 없음";"해당사항 없음"
189;"11";"제주";"랜드로버";"Defender";"대형SUV";"가솔린";11280;223.5;13.84;100.0;21.62;"해당사항 없음";"해당사항 없음"
190;"19";"세종";"랜드로버";"Defender";"대형SUV";"디젤";11280;217.93;17.79;100.0;21.62;"해당사항 없음";"해당사항 없음"
189;"19";"세종";"랜드로버";"Defender";"대형SUV";"가솔린";11280;219.58;16.29;100.0;21.62;"해당사항 없음";"해당사항 없음"
190;"18";"울산";"랜드로버";"Defender";"대형SUV";"디젤";11280;216.15;18.96;100.0;21.62;"해당사항 없음";"해당사항 없음"
189;"18";"울산";"랜드로버";"Defender";"대형SUV";"가솔린";11280;217.46;18.15;100.0;21.62;"해당사항 없음";"해당사항 없음"
190;"02";"경기";"랜드로버";"Defender";"대형SUV";"디젤";11280;217.54;18.05;100.0;21.62;"해당사항 없음";"해당사항 없음"
189;"02";"경기";"랜드로버";"Defender";"대형SUV";"가솔린";11280;219.53;16.37;100.0;21.62;"해당사항 없음";"해당사항 없음"
190;"01";"서울";"랜드로버";"Defender";"대형SUV";"디젤";11280;223.25;14.07;100.0;21.62;"해당사항 없음";"해당사항 없음"
189;"01";"서울";"랜드로버";"Defender";"대형SUV";"가솔린";11280;225.36;12.97;100.0;21.62;"해당사항 없음";"해당사항 없음"
190;"03";"강원";"랜드로버";"Defender";"대형SUV";"디젤";11280;220.14;15.91;100.0;21.62;"해당사항 없음";"해당사항 없음"
189;"03";"강원";"랜드로버";"Defender";"대형SUV";"가솔린";11280;221.28;15.18;100.0;21.62;"해당사항 없음";"해당사항 없음"
190;"14";"대구";"랜드로버";"Defender";"대형SUV";"디젤";11280;214.83;19.81;100.0;21.62;"해당사항 없음";"해당사항 없음"
189;"14";"대구";"랜드로버";"Defender";"대형SUV";"가솔린";11280;216.63;18.66;100.0;21.62;"해당사항 없음";"해당사항 없음"
190;"10";"부산";"랜드로버";"Defender";"대형SUV";"디젤";11280;215.91;19.15;100.0;21.62;"해당사항 없음";"해당사항 없음"
189;"10";"부산";"랜드로버";"Defender";"대형SUV";"가솔린";11280;217.94;17.73;100.0;21.62;"해당사항 없음";"해당사항 없음"
179;"19";"세종";"BMW";"iX";"대형SUV";"전기(배터리)";11430;93.33;77.92;95.0;20.97;"충전기당 전기차 수 : 0.88";"현재 지자체의 예산이 소진되어 지원금을 받을 수 없습니다"
179;"01";"서울";"BMW";"iX";"대형SUV";"전기(배터리)";11430;93.33;77.92;78.11;20.97;"충전기당 전기차 수 : 1.13";"현재 지자체의 예산이 소진되어 지원금을 받을 수 없습니다"
179;"14";"대구";"BMW";"iX";"대형SUV";"전기(배터리)";11430;93.33;77.92;66.84;20.97;"충전기당 전기차 수 : 1.42";"현재 지자체의 예산이 소진되어 지원금을 받을 수 없습니다"
179;"10";"부산";"BMW";"iX";"대형SUV";"전기(배터리)";11430;93.33;77.92;61.21;20.97;"충전기당 전기차 수 : 1.42";"현재 지자체의 예산이 소진되어 지원금을 받을 수 없습니다"
179;"15";"인천";"BMW";"iX";"대형SUV";"전기(배터리)";11430;93.33;77.92;16.16;20.97;"충전기당 전기차 수 : 1.75";"현재 지자체의 예산이 소진되어 지원금을 받을 수 없습니다"
179;"11";"제주";"BMW";"iX";"대형SUV";"전기(배터리)";11430;93.33;77.92;10.53;20.97;"충전기당 전기차 수 : 5.83";"현재 지자체의 예산이 소진되어 지원금을 받을 수 없습니다"
139;"15";"인천";"BMW";"X6";"대형SUV";"디젤";11980;185.73;29.73;100.0;20.85;"해당사항 없음";"해당사항 없음"
138;"15";"인천";"BMW";"X6";"대형SUV";"가솔린";11980;187.38;29.23;100.0;20.85;"해당사항 없음";"해당사항 없음"
139;"11";"제주";"BMW";"X6";"대형SUV";"디젤";11980;189.84;28.4;100.0;20.85;"해당사항 없음";"해당사항 없음"
138;"11";"제주";"BMW";"X6";"대형SUV";"가솔린";11980;191.74;27.28;100.0;20.85;"해당사항 없음";"해당사항 없음"
139;"17";"대전";"BMW";"X6";"대형SUV";"디젤";11980;185.27;29.89;100.0;20.85;"해당사항 없음";"해당사항 없음"
138;"17";"대전";"BMW";"X6";"대형SUV";"가솔린";11980;186.45;29.57;100.0;20.85;"해당사항 없음";"해당사항 없음"
139;"06";"전북";"BMW";"X6";"대형SUV";"디젤";11980;187.5;29.18;100.0;20.85;"해당사항 없음";"해당사항 없음"
138;"06";"전북";"BMW";"X6";"대형SUV";"가솔린";11980;188.8;28.76;100.0;20.85;"해당사항 없음";"해당사항 없음"
139;"05";"충남";"BMW";"X6";"대형SUV";"디젤";11980;187.88;29.08;100.0;20.85;"해당사항 없음";"해당사항 없음"
138;"05";"충남";"BMW";"X6";"대형SUV";"가솔린";11980;189.29;28.6;100.0;20.85;"해당사항 없음";"해당사항 없음"
139;"04";"충북";"BMW";"X6";"대형SUV";"디젤";11980;187.94;29.06;100.0;20.85;"해당사항 없음";"해당사항 없음"
138;"04";"충북";"BMW";"X6";"대형SUV";"가솔린";11980;189.4;28.5;100.0;20.85;"해당사항 없음";"해당사항 없음"
139;"08";"경북";"BMW";"X6";"대형SUV";"디젤";11980;186.67;29.45;100.0;20.85;"해당사항 없음";"해당사항 없음"
138;"08";"경북";"BMW";"X6";"대형SUV";"가솔린";11980;188.09;29.04;100.0;20.85;"해당사항 없음";"해당사항 없음"
139;"09";"경남";"BMW";"X6";"대형SUV";"디젤";11980;186.5;29.53;100.0;20.85;"해당사항 없음";"해당사항 없음"
138;"09";"경남";"BMW";"X6";"대형SUV";"가솔린";11980;188.12;29.0;100.0;20.85;"해당사항 없음";"해당사항 없음"
139;"20";"전남광주";"BMW";"X6";"대형SUV";"디젤";11980;187.86;29.1;100.0;20.85;"해당사항 없음";"해당사항 없음"
138;"20";"전남광주";"BMW";"X6";"대형SUV";"가솔린";11980;189.06;28.64;100.0;20.85;"해당사항 없음";"해당사항 없음"
139;"19";"세종";"BMW";"X6";"대형SUV";"디젤";11980;186.95;29.37;100.0;20.85;"해당사항 없음";"해당사항 없음"
138;"19";"세종";"BMW";"X6";"대형SUV";"가솔린";11980;188.37;28.9;100.0;20.85;"해당사항 없음";"해당사항 없음"
139;"18";"울산";"BMW";"X6";"대형SUV";"디젤";11980;185.43;29.83;100.0;20.85;"해당사항 없음";"해당사항 없음"
138;"18";"울산";"BMW";"X6";"대형SUV";"가솔린";11980;186.55;29.51;100.0;20.85;"해당사항 없음";"해당사항 없음"
139;"02";"경기";"BMW";"X6";"대형SUV";"디젤";11980;186.62;29.47;100.0;20.85;"해당사항 없음";"해당사항 없음"
138;"02";"경기";"BMW";"X6";"대형SUV";"가솔린";11980;188.32;28.98;100.0;20.85;"해당사항 없음";"해당사항 없음"
139;"01";"서울";"BMW";"X6";"대형SUV";"디젤";11980;191.52;27.36;100.0;20.85;"해당사항 없음";"해당사항 없음"
138;"01";"서울";"BMW";"X6";"대형SUV";"가솔린";11980;193.33;26.27;100.0;20.85;"해당사항 없음";"해당사항 없음"
139;"03";"강원";"BMW";"X6";"대형SUV";"디젤";11980;188.85;28.74;100.0;20.85;"해당사항 없음";"해당사항 없음"
138;"03";"강원";"BMW";"X6";"대형SUV";"가솔린";11980;189.83;28.42;100.0;20.85;"해당사항 없음";"해당사항 없음"
139;"14";"대구";"BMW";"X6";"대형SUV";"디젤";11980;184.3;30.14;100.0;20.85;"해당사항 없음";"해당사항 없음"
138;"14";"대구";"BMW";"X6";"대형SUV";"가솔린";11980;185.84;29.67;100.0;20.85;"해당사항 없음";"해당사항 없음"
139;"10";"부산";"BMW";"X6";"대형SUV";"디젤";11980;185.22;29.91;100.0;20.85;"해당사항 없음";"해당사항 없음"
138;"10";"부산";"BMW";"X6";"대형SUV";"가솔린";11980;186.97;29.35;100.0;20.85;"해당사항 없음";"해당사항 없음"
193;"20";"전남광주";"BMW";"i7";"대형";"전기(배터리)";14350;98.59;76.54;21.79;20.2;"충전기당 전기차 수 : 1.65";"2300"
193;"05";"충남";"BMW";"i7";"대형";"전기(배터리)";14350;98.59;76.54;44.32;20.18;"충전기당 전기차 수 : 1.48";"2200"
193;"04";"충북";"BMW";"i7";"대형";"전기(배터리)";14350;98.59;76.54;38.69;20.18;"충전기당 전기차 수 : 1.52";"2200"
193;"08";"경북";"BMW";"i7";"대형";"전기(배터리)";14350;98.59;76.54;33.06;20.14;"충전기당 전기차 수 : 1.58";"2100"
193;"09";"경남";"BMW";"i7";"대형";"전기(배터리)";14350;98.59;76.54;27.43;20.14;"충전기당 전기차 수 : 1.64";"2100"
193;"03";"강원";"BMW";"i7";"대형";"전기(배터리)";14350;98.59;76.54;72.48;20.1;"충전기당 전기차 수 : 1.22";"2040"
193;"17";"대전";"BMW";"i7";"대형";"전기(배터리)";14350;98.59;76.54;55.58;20.08;"충전기당 전기차 수 : 1.45";"1900"
265;"15";"인천";"포드";"Expedition";"대형SUV";"가솔린";12500;271.42;6.25;100.0;20.06;"해당사항 없음";"해당사항 없음"
265;"11";"제주";"포드";"Expedition";"대형SUV";"가솔린";12500;277.74;5.99;100.0;20.06;"해당사항 없음";"해당사항 없음"
265;"19";"세종";"포드";"Expedition";"대형SUV";"가솔린";12500;272.85;6.15;100.0;20.06;"해당사항 없음";"해당사항 없음"
265;"18";"울산";"포드";"Expedition";"대형SUV";"가솔린";12500;270.23;6.34;100.0;20.06;"해당사항 없음";"해당사항 없음"
265;"02";"경기";"포드";"Expedition";"대형SUV";"가솔린";12500;272.79;6.17;100.0;20.06;"해당사항 없음";"해당사항 없음"
265;"01";"서울";"포드";"Expedition";"대형SUV";"가솔린";12500;280.05;5.97;100.0;20.06;"해당사항 없음";"해당사항 없음"
265;"03";"강원";"포드";"Expedition";"대형SUV";"가솔린";12500;274.98;6.03;100.0;20.06;"해당사항 없음";"해당사항 없음"
265;"14";"대구";"포드";"Expedition";"대형SUV";"가솔린";12500;269.19;6.46;100.0;20.06;"해당사항 없음";"해당사항 없음"
265;"10";"부산";"포드";"Expedition";"대형SUV";"가솔린";12500;270.83;6.3;100.0;20.06;"해당사항 없음";"해당사항 없음"
265;"17";"대전";"포드";"Expedition";"대형SUV";"가솔린";12500;270.08;6.38;100.0;20.06;"해당사항 없음";"해당사항 없음"
265;"06";"전북";"포드";"Expedition";"대형SUV";"가솔린";12500;273.49;6.13;100.0;20.06;"해당사항 없음";"해당사항 없음"
265;"05";"충남";"포드";"Expedition";"대형SUV";"가솔린";12500;274.19;6.07;100.0;20.06;"해당사항 없음";"해당사항 없음"
265;"04";"충북";"포드";"Expedition";"대형SUV";"가솔린";12500;274.36;6.05;100.0;20.06;"해당사항 없음";"해당사항 없음"
265;"08";"경북";"포드";"Expedition";"대형SUV";"가솔린";12500;272.46;6.21;100.0;20.06;"해당사항 없음";"해당사항 없음"
265;"09";"경남";"포드";"Expedition";"대형SUV";"가솔린";12500;272.49;6.19;100.0;20.06;"해당사항 없음";"해당사항 없음"
265;"20";"전남광주";"포드";"Expedition";"대형SUV";"가솔린";12500;273.86;6.09;100.0;20.06;"해당사항 없음";"해당사항 없음"
193;"06";"전북";"BMW";"i7";"대형";"전기(배터리)";14350;98.59;76.54;49.95;19.73;"충전기당 전기차 수 : 1.46";"1800"
275;"20";"전남광주";"벤츠";"EQS";"대형";"전기(배터리)";14900;85.37;81.91;21.79;19.71;"충전기당 전기차 수 : 1.65";"2300"
266;"20";"전남광주";"벤츠";"EQS SUV";"대형SUV";"전기(배터리)";14940;97.22;76.87;21.79;19.69;"충전기당 전기차 수 : 1.65";"2300"
193;"18";"울산";"BMW";"i7";"대형";"전기(배터리)";14350;98.59;76.54;89.37;19.67;"충전기당 전기차 수 : 0.96";"1700"
193;"02";"경기";"BMW";"i7";"대형";"전기(배터리)";14350;98.59;76.54;83.74;19.67;"충전기당 전기차 수 : 1.01";"1700"
275;"05";"충남";"벤츠";"EQS";"대형";"전기(배터리)";14900;85.37;81.91;44.32;19.63;"충전기당 전기차 수 : 1.48";"2200"
275;"04";"충북";"벤츠";"EQS";"대형";"전기(배터리)";14900;85.37;81.91;38.69;19.63;"충전기당 전기차 수 : 1.52";"2200"
266;"05";"충남";"벤츠";"EQS SUV";"대형SUV";"전기(배터리)";14940;97.22;76.87;44.32;19.59;"충전기당 전기차 수 : 1.48";"2200"
266;"04";"충북";"벤츠";"EQS SUV";"대형SUV";"전기(배터리)";14940;97.22;76.87;38.69;19.59;"충전기당 전기차 수 : 1.52";"2200"
275;"08";"경북";"벤츠";"EQS";"대형";"전기(배터리)";14900;85.37;81.91;33.06;19.55;"충전기당 전기차 수 : 1.58";"2100"
275;"09";"경남";"벤츠";"EQS";"대형";"전기(배터리)";14900;85.37;81.91;27.43;19.55;"충전기당 전기차 수 : 1.64";"2100"
266;"08";"경북";"벤츠";"EQS SUV";"대형SUV";"전기(배터리)";14940;97.22;76.87;33.06;19.51;"충전기당 전기차 수 : 1.58";"2100"
266;"09";"경남";"벤츠";"EQS SUV";"대형SUV";"전기(배터리)";14940;97.22;76.87;27.43;19.51;"충전기당 전기차 수 : 1.64";"2100"
275;"03";"강원";"벤츠";"EQS";"대형";"전기(배터리)";14900;85.37;81.91;72.48;19.47;"충전기당 전기차 수 : 1.22";"2040"
215;"15";"인천";"BMW";"M3";"스포츠카";"가솔린";12900;229.28;11.78;100.0;19.45;"해당사항 없음";"해당사항 없음"
215;"11";"제주";"BMW";"M3";"스포츠카";"가솔린";12900;234.61;9.94;100.0;19.45;"해당사항 없음";"해당사항 없음"
266;"03";"강원";"벤츠";"EQS SUV";"대형SUV";"전기(배터리)";14940;97.22;76.87;72.48;19.45;"충전기당 전기차 수 : 1.22";"2040"
215;"17";"대전";"BMW";"M3";"스포츠카";"가솔린";12900;228.14;12.04;100.0;19.45;"해당사항 없음";"해당사항 없음"
215;"06";"전북";"BMW";"M3";"스포츠카";"가솔린";12900;231.02;11.15;100.0;19.45;"해당사항 없음";"해당사항 없음"
215;"05";"충남";"BMW";"M3";"스포츠카";"가솔린";12900;231.61;10.97;100.0;19.45;"해당사항 없음";"해당사항 없음"
215;"04";"충북";"BMW";"M3";"스포츠카";"가솔린";12900;231.75;10.85;100.0;19.45;"해당사항 없음";"해당사항 없음"
215;"08";"경북";"BMW";"M3";"스포츠카";"가솔린";12900;230.15;11.42;100.0;19.45;"해당사항 없음";"해당사항 없음"
215;"09";"경남";"BMW";"M3";"스포츠카";"가솔린";12900;230.18;11.4;100.0;19.45;"해당사항 없음";"해당사항 없음"
215;"20";"전남광주";"BMW";"M3";"스포츠카";"가솔린";12900;231.34;11.03;100.0;19.45;"해당사항 없음";"해당사항 없음"
215;"19";"세종";"BMW";"M3";"스포츠카";"가솔린";12900;230.49;11.25;100.0;19.45;"해당사항 없음";"해당사항 없음"
215;"18";"울산";"BMW";"M3";"스포츠카";"가솔린";12900;228.27;12.0;100.0;19.45;"해당사항 없음";"해당사항 없음"
215;"02";"경기";"BMW";"M3";"스포츠카";"가솔린";12900;230.43;11.27;100.0;19.45;"해당사항 없음";"해당사항 없음"
215;"01";"서울";"BMW";"M3";"스포츠카";"가솔린";12900;236.56;9.37;100.0;19.45;"해당사항 없음";"해당사항 없음"
215;"03";"강원";"BMW";"M3";"스포츠카";"가솔린";12900;232.28;10.75;100.0;19.45;"해당사항 없음";"해당사항 없음"
215;"14";"대구";"BMW";"M3";"스포츠카";"가솔린";12900;227.39;12.27;100.0;19.45;"해당사항 없음";"해당사항 없음"
215;"10";"부산";"BMW";"M3";"스포츠카";"가솔린";12900;228.77;11.86;100.0;19.45;"해당사항 없음";"해당사항 없음"
275;"17";"대전";"벤츠";"EQS";"대형";"전기(배터리)";14900;85.37;81.91;55.58;19.11;"충전기당 전기차 수 : 1.45";"1900"
266;"17";"대전";"벤츠";"EQS SUV";"대형SUV";"전기(배터리)";14940;97.22;76.87;55.58;19.09;"충전기당 전기차 수 : 1.45";"1900"
275;"06";"전북";"벤츠";"EQS";"대형";"전기(배터리)";14900;85.37;81.91;49.95;19.07;"충전기당 전기차 수 : 1.46";"1800"
266;"06";"전북";"벤츠";"EQS SUV";"대형SUV";"전기(배터리)";14940;97.22;76.87;49.95;19.05;"충전기당 전기차 수 : 1.46";"1800"
275;"18";"울산";"벤츠";"EQS";"대형";"전기(배터리)";14900;85.37;81.91;89.37;19.03;"충전기당 전기차 수 : 0.96";"1700"
275;"02";"경기";"벤츠";"EQS";"대형";"전기(배터리)";14900;85.37;81.91;83.74;19.03;"충전기당 전기차 수 : 1.01";"1700"
225;"15";"인천";"BMW";"8 Series";"대형";"가솔린";13210;241.26;8.38;100.0;18.98;"해당사항 없음";"해당사항 없음"
225;"11";"제주";"BMW";"8 Series";"대형";"가솔린";13210;246.88;7.67;100.0;18.98;"해당사항 없음";"해당사항 없음"
225;"19";"세종";"BMW";"8 Series";"대형";"가솔린";13210;242.54;8.16;100.0;18.98;"해당사항 없음";"해당사항 없음"
225;"18";"울산";"BMW";"8 Series";"대형";"가솔린";13210;240.2;8.62;100.0;18.98;"해당사항 없음";"해당사항 없음"
225;"02";"경기";"BMW";"8 Series";"대형";"가솔린";13210;242.48;8.18;100.0;18.98;"해당사항 없음";"해당사항 없음"
225;"01";"서울";"BMW";"8 Series";"대형";"가솔린";13210;248.93;7.49;100.0;18.98;"해당사항 없음";"해당사항 없음"
225;"03";"강원";"BMW";"8 Series";"대형";"가솔린";13210;244.42;7.93;100.0;18.98;"해당사항 없음";"해당사항 없음"
225;"14";"대구";"BMW";"8 Series";"대형";"가솔린";13210;239.28;8.76;100.0;18.98;"해당사항 없음";"해당사항 없음"
225;"10";"부산";"BMW";"8 Series";"대형";"가솔린";13210;240.73;8.52;100.0;18.98;"해당사항 없음";"해당사항 없음"
225;"17";"대전";"BMW";"8 Series";"대형";"가솔린";13210;240.07;8.64;100.0;18.98;"해당사항 없음";"해당사항 없음"
225;"06";"전북";"BMW";"8 Series";"대형";"가솔린";13210;243.1;8.12;100.0;18.98;"해당사항 없음";"해당사항 없음"
225;"05";"충남";"BMW";"8 Series";"대형";"가솔린";13210;243.73;8.02;100.0;18.98;"해당사항 없음";"해당사항 없음"
225;"04";"충북";"BMW";"8 Series";"대형";"가솔린";13210;243.87;8.0;100.0;18.98;"해당사항 없음";"해당사항 없음"
225;"08";"경북";"BMW";"8 Series";"대형";"가솔린";13210;242.19;8.26;100.0;18.98;"해당사항 없음";"해당사항 없음"
225;"09";"경남";"BMW";"8 Series";"대형";"가솔린";13210;242.21;8.24;100.0;18.98;"해당사항 없음";"해당사항 없음"
225;"20";"전남광주";"BMW";"8 Series";"대형";"가솔린";13210;243.44;8.06;100.0;18.98;"해당사항 없음";"해당사항 없음"
266;"18";"울산";"벤츠";"EQS SUV";"대형SUV";"전기(배터리)";14940;97.22;76.87;89.37;18.66;"충전기당 전기차 수 : 0.96";"1700"
266;"02";"경기";"벤츠";"EQS SUV";"대형SUV";"전기(배터리)";14940;97.22;76.87;83.74;18.66;"충전기당 전기차 수 : 1.01";"1700"
231;"15";"인천";"BMW";"M4";"스포츠카";"가솔린";13350;227.86;12.14;100.0;18.62;"해당사항 없음";"해당사항 없음"
231;"11";"제주";"BMW";"M4";"스포츠카";"가솔린";13350;233.16;10.3;100.0;18.62;"해당사항 없음";"해당사항 없음"
231;"17";"대전";"BMW";"M4";"스포츠카";"가솔린";13350;226.73;12.53;100.0;18.62;"해당사항 없음";"해당사항 없음"
231;"06";"전북";"BMW";"M4";"스포츠카";"가솔린";13350;229.59;11.62;100.0;18.62;"해당사항 없음";"해당사항 없음"
231;"05";"충남";"BMW";"M4";"스포츠카";"가솔린";13350;230.19;11.38;100.0;18.62;"해당사항 없음";"해당사항 없음"
231;"04";"충북";"BMW";"M4";"스포츠카";"가솔린";13350;230.32;11.33;100.0;18.62;"해당사항 없음";"해당사항 없음"
231;"08";"경북";"BMW";"M4";"스포츠카";"가솔린";13350;228.73;11.92;100.0;18.62;"해당사항 없음";"해당사항 없음"
231;"09";"경남";"BMW";"M4";"스포츠카";"가솔린";13350;228.76;11.88;100.0;18.62;"해당사항 없음";"해당사항 없음"
231;"20";"전남광주";"BMW";"M4";"스포츠카";"가솔린";13350;229.91;11.5;100.0;18.62;"해당사항 없음";"해당사항 없음"
231;"19";"세종";"BMW";"M4";"스포츠카";"가솔린";13350;229.06;11.8;100.0;18.62;"해당사항 없음";"해당사항 없음"
231;"18";"울산";"BMW";"M4";"스포츠카";"가솔린";13350;226.86;12.45;100.0;18.62;"해당사항 없음";"해당사항 없음"
231;"02";"경기";"BMW";"M4";"스포츠카";"가솔린";13350;229.01;11.82;100.0;18.62;"해당사항 없음";"해당사항 없음"
231;"01";"서울";"BMW";"M4";"스포츠카";"가솔린";13350;235.1;9.78;100.0;18.62;"해당사항 없음";"해당사항 없음"
231;"03";"강원";"BMW";"M4";"스포츠카";"가솔린";13350;230.85;11.21;100.0;18.62;"해당사항 없음";"해당사항 없음"
231;"14";"대구";"BMW";"M4";"스포츠카";"가솔린";13350;225.99;12.73;100.0;18.62;"해당사항 없음";"해당사항 없음"
231;"10";"부산";"BMW";"M4";"스포츠카";"가솔린";13350;227.36;12.33;100.0;18.62;"해당사항 없음";"해당사항 없음"
200;"19";"세종";"벤츠";"The New AMG GT";"스포츠카";"가솔린";13605;234.86;9.84;100.0;18.3;"해당사항 없음";"해당사항 없음"
201;"19";"세종";"벤츠";"The New AMG GT";"스포츠카";"하이브리드";13605;234.86;9.84;100.0;18.3;"해당사항 없음";"해당사항 없음"
200;"18";"울산";"벤츠";"The New AMG GT";"스포츠카";"가솔린";13605;232.6;10.59;100.0;18.3;"해당사항 없음";"해당사항 없음"
201;"18";"울산";"벤츠";"The New AMG GT";"스포츠카";"하이브리드";13605;232.6;10.59;100.0;18.3;"해당사항 없음";"해당사항 없음"
200;"02";"경기";"벤츠";"The New AMG GT";"스포츠카";"가솔린";13605;234.81;9.9;100.0;18.3;"해당사항 없음";"해당사항 없음"
201;"02";"경기";"벤츠";"The New AMG GT";"스포츠카";"하이브리드";13605;234.81;9.9;100.0;18.3;"해당사항 없음";"해당사항 없음"
200;"01";"서울";"벤츠";"The New AMG GT";"스포츠카";"가솔린";13605;241.05;8.44;100.0;18.3;"해당사항 없음";"해당사항 없음"
201;"01";"서울";"벤츠";"The New AMG GT";"스포츠카";"하이브리드";13605;241.05;8.44;100.0;18.3;"해당사항 없음";"해당사항 없음"
200;"03";"강원";"벤츠";"The New AMG GT";"스포츠카";"가솔린";13605;236.69;9.33;100.0;18.3;"해당사항 없음";"해당사항 없음"
201;"03";"강원";"벤츠";"The New AMG GT";"스포츠카";"하이브리드";13605;236.69;9.33;100.0;18.3;"해당사항 없음";"해당사항 없음"
200;"14";"대구";"벤츠";"The New AMG GT";"스포츠카";"가솔린";13605;231.71;10.91;100.0;18.3;"해당사항 없음";"해당사항 없음"
201;"14";"대구";"벤츠";"The New AMG GT";"스포츠카";"하이브리드";13605;231.71;10.91;100.0;18.3;"해당사항 없음";"해당사항 없음"
200;"10";"부산";"벤츠";"The New AMG GT";"스포츠카";"가솔린";13605;233.12;10.36;100.0;18.3;"해당사항 없음";"해당사항 없음"
201;"10";"부산";"벤츠";"The New AMG GT";"스포츠카";"하이브리드";13605;233.12;10.36;100.0;18.3;"해당사항 없음";"해당사항 없음"
200;"15";"인천";"벤츠";"The New AMG GT";"스포츠카";"가솔린";13605;233.63;10.26;100.0;18.3;"해당사항 없음";"해당사항 없음"
201;"15";"인천";"벤츠";"The New AMG GT";"스포츠카";"하이브리드";13605;233.63;10.26;100.0;18.3;"해당사항 없음";"해당사항 없음"
200;"11";"제주";"벤츠";"The New AMG GT";"스포츠카";"가솔린";13605;239.06;8.91;100.0;18.3;"해당사항 없음";"해당사항 없음"
201;"11";"제주";"벤츠";"The New AMG GT";"스포츠카";"하이브리드";13605;239.06;8.91;100.0;18.3;"해당사항 없음";"해당사항 없음"
200;"17";"대전";"벤츠";"The New AMG GT";"스포츠카";"가솔린";13605;232.47;10.67;100.0;18.3;"해당사항 없음";"해당사항 없음"
201;"17";"대전";"벤츠";"The New AMG GT";"스포츠카";"하이브리드";13605;232.47;10.67;100.0;18.3;"해당사항 없음";"해당사항 없음"
200;"06";"전북";"벤츠";"The New AMG GT";"스포츠카";"가솔린";13605;235.41;9.74;100.0;18.3;"해당사항 없음";"해당사항 없음"
201;"06";"전북";"벤츠";"The New AMG GT";"스포츠카";"하이브리드";13605;235.41;9.74;100.0;18.3;"해당사항 없음";"해당사항 없음"
200;"05";"충남";"벤츠";"The New AMG GT";"스포츠카";"가솔린";13605;236.01;9.55;100.0;18.3;"해당사항 없음";"해당사항 없음"
201;"05";"충남";"벤츠";"The New AMG GT";"스포츠카";"하이브리드";13605;236.01;9.55;100.0;18.3;"해당사항 없음";"해당사항 없음"
200;"04";"충북";"벤츠";"The New AMG GT";"스포츠카";"가솔린";13605;236.15;9.45;100.0;18.3;"해당사항 없음";"해당사항 없음"
201;"04";"충북";"벤츠";"The New AMG GT";"스포츠카";"하이브리드";13605;236.15;9.45;100.0;18.3;"해당사항 없음";"해당사항 없음"
200;"08";"경북";"벤츠";"The New AMG GT";"스포츠카";"가솔린";13605;234.52;10.06;100.0;18.3;"해당사항 없음";"해당사항 없음"
201;"08";"경북";"벤츠";"The New AMG GT";"스포츠카";"하이브리드";13605;234.52;10.06;100.0;18.3;"해당사항 없음";"해당사항 없음"
200;"09";"경남";"벤츠";"The New AMG GT";"스포츠카";"가솔린";13605;234.55;10.0;100.0;18.3;"해당사항 없음";"해당사항 없음"
201;"09";"경남";"벤츠";"The New AMG GT";"스포츠카";"하이브리드";13605;234.55;10.0;100.0;18.3;"해당사항 없음";"해당사항 없음"
200;"20";"전남광주";"벤츠";"The New AMG GT";"스포츠카";"가솔린";13605;235.73;9.61;100.0;18.3;"해당사항 없음";"해당사항 없음"
201;"20";"전남광주";"벤츠";"The New AMG GT";"스포츠카";"하이브리드";13605;235.73;9.61;100.0;18.3;"해당사항 없음";"해당사항 없음"
182;"17";"대전";"랜드로버";"Range Rover Sport";"대형SUV";"디젤";13800;208.56;22.49;100.0;17.65;"해당사항 없음";"해당사항 없음"
180;"17";"대전";"랜드로버";"Range Rover Sport";"대형SUV";"가솔린";13800;209.89;22.14;100.0;17.65;"해당사항 없음";"해당사항 없음"
181;"17";"대전";"랜드로버";"Range Rover Sport";"대형SUV";"하이브리드";13800;209.89;22.14;100.0;17.65;"해당사항 없음";"해당사항 없음"
182;"06";"전북";"랜드로버";"Range Rover Sport";"대형SUV";"디젤";13800;211.07;21.68;100.0;17.65;"해당사항 없음";"해당사항 없음"
180;"06";"전북";"랜드로버";"Range Rover Sport";"대형SUV";"가솔린";13800;212.54;20.93;100.0;17.65;"해당사항 없음";"해당사항 없음"
181;"06";"전북";"랜드로버";"Range Rover Sport";"대형SUV";"하이브리드";13800;212.54;20.93;100.0;17.65;"해당사항 없음";"해당사항 없음"
182;"05";"충남";"랜드로버";"Range Rover Sport";"대형SUV";"디젤";13800;211.5;21.62;100.0;17.65;"해당사항 없음";"해당사항 없음"
180;"05";"충남";"랜드로버";"Range Rover Sport";"대형SUV";"가솔린";13800;213.09;20.64;100.0;17.65;"해당사항 없음";"해당사항 없음"
181;"05";"충남";"랜드로버";"Range Rover Sport";"대형SUV";"하이브리드";13800;213.09;20.64;100.0;17.65;"해당사항 없음";"해당사항 없음"
182;"04";"충북";"랜드로버";"Range Rover Sport";"대형SUV";"디젤";13800;211.57;21.6;100.0;17.65;"해당사항 없음";"해당사항 없음"
180;"04";"충북";"랜드로버";"Range Rover Sport";"대형SUV";"가솔린";13800;213.21;20.56;100.0;17.65;"해당사항 없음";"해당사항 없음"
181;"04";"충북";"랜드로버";"Range Rover Sport";"대형SUV";"하이브리드";13800;213.21;20.56;100.0;17.65;"해당사항 없음";"해당사항 없음"
182;"08";"경북";"랜드로버";"Range Rover Sport";"대형SUV";"디젤";13800;210.14;21.88;100.0;17.65;"해당사항 없음";"해당사항 없음"
180;"08";"경북";"랜드로버";"Range Rover Sport";"대형SUV";"가솔린";13800;211.74;21.49;100.0;17.65;"해당사항 없음";"해당사항 없음"
181;"08";"경북";"랜드로버";"Range Rover Sport";"대형SUV";"하이브리드";13800;211.74;21.49;100.0;17.65;"해당사항 없음";"해당사항 없음"
182;"09";"경남";"랜드로버";"Range Rover Sport";"대형SUV";"디젤";13800;209.95;22.06;100.0;17.65;"해당사항 없음";"해당사항 없음"
180;"09";"경남";"랜드로버";"Range Rover Sport";"대형SUV";"가솔린";13800;211.76;21.41;100.0;17.65;"해당사항 없음";"해당사항 없음"
181;"09";"경남";"랜드로버";"Range Rover Sport";"대형SUV";"하이브리드";13800;211.76;21.41;100.0;17.65;"해당사항 없음";"해당사항 없음"
182;"20";"전남광주";"랜드로버";"Range Rover Sport";"대형SUV";"디젤";13800;211.48;21.64;100.0;17.65;"해당사항 없음";"해당사항 없음"
180;"20";"전남광주";"랜드로버";"Range Rover Sport";"대형SUV";"가솔린";13800;212.83;20.81;100.0;17.65;"해당사항 없음";"해당사항 없음"
181;"20";"전남광주";"랜드로버";"Range Rover Sport";"대형SUV";"하이브리드";13800;212.83;20.81;100.0;17.65;"해당사항 없음";"해당사항 없음"
182;"19";"세종";"랜드로버";"Range Rover Sport";"대형SUV";"디젤";13800;210.45;21.86;100.0;17.65;"해당사항 없음";"해당사항 없음"
180;"19";"세종";"랜드로버";"Range Rover Sport";"대형SUV";"가솔린";13800;212.05;21.23;100.0;17.65;"해당사항 없음";"해당사항 없음"
181;"19";"세종";"랜드로버";"Range Rover Sport";"대형SUV";"하이브리드";13800;212.05;21.23;100.0;17.65;"해당사항 없음";"해당사항 없음"
182;"18";"울산";"랜드로버";"Range Rover Sport";"대형SUV";"디젤";13800;208.74;22.47;100.0;17.65;"해당사항 없음";"해당사항 없음"
180;"18";"울산";"랜드로버";"Range Rover Sport";"대형SUV";"가솔린";13800;210.0;22.04;100.0;17.65;"해당사항 없음";"해당사항 없음"
181;"18";"울산";"랜드로버";"Range Rover Sport";"대형SUV";"하이브리드";13800;210.0;22.04;100.0;17.65;"해당사항 없음";"해당사항 없음"
182;"02";"경기";"랜드로버";"Range Rover Sport";"대형SUV";"디젤";13800;210.08;21.96;100.0;17.65;"해당사항 없음";"해당사항 없음"
180;"02";"경기";"랜드로버";"Range Rover Sport";"대형SUV";"가솔린";13800;212.0;21.31;100.0;17.65;"해당사항 없음";"해당사항 없음"
181;"02";"경기";"랜드로버";"Range Rover Sport";"대형SUV";"하이브리드";13800;212.0;21.31;100.0;17.65;"해당사항 없음";"해당사항 없음"
182;"01";"서울";"랜드로버";"Range Rover Sport";"대형SUV";"디젤";13800;215.6;19.37;100.0;17.65;"해당사항 없음";"해당사항 없음"
180;"01";"서울";"랜드로버";"Range Rover Sport";"대형SUV";"가솔린";13800;217.64;17.93;100.0;17.65;"해당사항 없음";"해당사항 없음"
181;"01";"서울";"랜드로버";"Range Rover Sport";"대형SUV";"하이브리드";13800;217.64;17.93;100.0;17.65;"해당사항 없음";"해당사항 없음"
182;"03";"강원";"랜드로버";"Range Rover Sport";"대형SUV";"디젤";13800;212.59;20.85;100.0;17.65;"해당사항 없음";"해당사항 없음"
180;"03";"강원";"랜드로버";"Range Rover Sport";"대형SUV";"가솔린";13800;213.7;20.36;100.0;17.65;"해당사항 없음";"해당사항 없음"
181;"03";"강원";"랜드로버";"Range Rover Sport";"대형SUV";"하이브리드";13800;213.7;20.36;100.0;17.65;"해당사항 없음";"해당사항 없음"
182;"14";"대구";"랜드로버";"Range Rover Sport";"대형SUV";"디젤";13800;207.47;22.81;100.0;17.65;"해당사항 없음";"해당사항 없음"
180;"14";"대구";"랜드로버";"Range Rover Sport";"대형SUV";"가솔린";13800;209.2;22.36;100.0;17.65;"해당사항 없음";"해당사항 없음"
181;"14";"대구";"랜드로버";"Range Rover Sport";"대형SUV";"하이브리드";13800;209.2;22.36;100.0;17.65;"해당사항 없음";"해당사항 없음"
182;"10";"부산";"랜드로버";"Range Rover Sport";"대형SUV";"디젤";13800;208.51;22.51;100.0;17.65;"해당사항 없음";"해당사항 없음"
180;"10";"부산";"랜드로버";"Range Rover Sport";"대형SUV";"가솔린";13800;210.47;21.84;100.0;17.65;"해당사항 없음";"해당사항 없음"
181;"10";"부산";"랜드로버";"Range Rover Sport";"대형SUV";"하이브리드";13800;210.47;21.84;100.0;17.65;"해당사항 없음";"해당사항 없음"
182;"15";"인천";"랜드로버";"Range Rover Sport";"대형SUV";"디젤";13800;209.08;22.38;100.0;17.65;"해당사항 없음";"해당사항 없음"
180;"15";"인천";"랜드로버";"Range Rover Sport";"대형SUV";"가솔린";13800;210.93;21.76;100.0;17.65;"해당사항 없음";"해당사항 없음"
181;"15";"인천";"랜드로버";"Range Rover Sport";"대형SUV";"하이브리드";13800;210.93;21.76;100.0;17.65;"해당사항 없음";"해당사항 없음"
182;"11";"제주";"랜드로버";"Range Rover Sport";"대형SUV";"디젤";13800;213.7;20.36;100.0;17.65;"해당사항 없음";"해당사항 없음"
180;"11";"제주";"랜드로버";"Range Rover Sport";"대형SUV";"가솔린";13800;215.84;19.25;100.0;17.65;"해당사항 없음";"해당사항 없음"
181;"11";"제주";"랜드로버";"Range Rover Sport";"대형SUV";"하이브리드";13800;215.84;19.25;100.0;17.65;"해당사항 없음";"해당사항 없음"
131;"15";"인천";"벤츠";"S-Class";"대형";"디젤";13950;179.35;32.83;100.0;16.68;"해당사항 없음";"해당사항 없음"
129;"15";"인천";"벤츠";"S-Class";"대형";"가솔린";13950;180.95;31.8;100.0;16.68;"해당사항 없음";"해당사항 없음"
130;"15";"인천";"벤츠";"S-Class";"대형";"하이브리드";13950;180.95;31.8;100.0;16.68;"해당사항 없음";"해당사항 없음"
131;"11";"제주";"벤츠";"S-Class";"대형";"디젤";13950;183.32;30.46;100.0;16.68;"해당사항 없음";"해당사항 없음"
129;"11";"제주";"벤츠";"S-Class";"대형";"가솔린";13950;185.16;29.97;100.0;16.68;"해당사항 없음";"해당사항 없음"
130;"11";"제주";"벤츠";"S-Class";"대형";"하이브리드";13950;185.16;29.97;100.0;16.68;"해당사항 없음";"해당사항 없음"
131;"17";"대전";"벤츠";"S-Class";"대형";"디젤";13950;178.91;33.29;100.0;16.68;"해당사항 없음";"해당사항 없음"
129;"17";"대전";"벤츠";"S-Class";"대형";"가솔린";13950;180.05;32.38;100.0;16.68;"해당사항 없음";"해당사항 없음"
130;"17";"대전";"벤츠";"S-Class";"대형";"하이브리드";13950;180.05;32.38;100.0;16.68;"해당사항 없음";"해당사항 없음"
131;"06";"전북";"벤츠";"S-Class";"대형";"디젤";13950;181.07;31.65;100.0;16.68;"해당사항 없음";"해당사항 없음"
129;"06";"전북";"벤츠";"S-Class";"대형";"가솔린";13950;182.32;30.93;100.0;16.68;"해당사항 없음";"해당사항 없음"
130;"06";"전북";"벤츠";"S-Class";"대형";"하이브리드";13950;182.32;30.93;100.0;16.68;"해당사항 없음";"해당사항 없음"
131;"05";"충남";"벤츠";"S-Class";"대형";"디젤";13950;181.44;31.49;100.0;16.68;"해당사항 없음";"해당사항 없음"
129;"05";"충남";"벤츠";"S-Class";"대형";"가솔린";13950;182.79;30.66;100.0;16.68;"해당사항 없음";"해당사항 없음"
130;"05";"충남";"벤츠";"S-Class";"대형";"하이브리드";13950;182.79;30.66;100.0;16.68;"해당사항 없음";"해당사항 없음"
131;"04";"충북";"벤츠";"S-Class";"대형";"디젤";13950;181.5;31.47;100.0;16.68;"해당사항 없음";"해당사항 없음"
129;"04";"충북";"벤츠";"S-Class";"대형";"가솔린";13950;182.9;30.6;100.0;16.68;"해당사항 없음";"해당사항 없음"
130;"04";"충북";"벤츠";"S-Class";"대형";"하이브리드";13950;182.9;30.6;100.0;16.68;"해당사항 없음";"해당사항 없음"
131;"08";"경북";"벤츠";"S-Class";"대형";"디젤";13950;180.26;32.1;100.0;16.68;"해당사항 없음";"해당사항 없음"
129;"08";"경북";"벤츠";"S-Class";"대형";"가솔린";13950;181.64;31.39;100.0;16.68;"해당사항 없음";"해당사항 없음"
130;"08";"경북";"벤츠";"S-Class";"대형";"하이브리드";13950;181.64;31.39;100.0;16.68;"해당사항 없음";"해당사항 없음"
131;"09";"경남";"벤츠";"S-Class";"대형";"디젤";13950;180.1;32.28;100.0;16.68;"해당사항 없음";"해당사항 없음"
129;"09";"경남";"벤츠";"S-Class";"대형";"가솔린";13950;181.66;31.33;100.0;16.68;"해당사항 없음";"해당사항 없음"
130;"09";"경남";"벤츠";"S-Class";"대형";"하이브리드";13950;181.66;31.33;100.0;16.68;"해당사항 없음";"해당사항 없음"
131;"20";"전남광주";"벤츠";"S-Class";"대형";"디젤";13950;181.42;31.55;100.0;16.68;"해당사항 없음";"해당사항 없음"
129;"20";"전남광주";"벤츠";"S-Class";"대형";"가솔린";13950;182.58;30.74;100.0;16.68;"해당사항 없음";"해당사항 없음"
130;"20";"전남광주";"벤츠";"S-Class";"대형";"하이브리드";13950;182.58;30.74;100.0;16.68;"해당사항 없음";"해당사항 없음"
131;"19";"세종";"벤츠";"S-Class";"대형";"디젤";13950;180.54;32.06;100.0;16.68;"해당사항 없음";"해당사항 없음"
129;"19";"세종";"벤츠";"S-Class";"대형";"가솔린";13950;181.9;31.15;100.0;16.68;"해당사항 없음";"해당사항 없음"
130;"19";"세종";"벤츠";"S-Class";"대형";"하이브리드";13950;181.9;31.15;100.0;16.68;"해당사항 없음";"해당사항 없음"
131;"18";"울산";"벤츠";"S-Class";"대형";"디젤";13950;179.06;33.13;100.0;16.68;"해당사항 없음";"해당사항 없음"
129;"18";"울산";"벤츠";"S-Class";"대형";"가솔린";13950;180.15;32.22;100.0;16.68;"해당사항 없음";"해당사항 없음"
130;"18";"울산";"벤츠";"S-Class";"대형";"하이브리드";13950;180.15;32.22;100.0;16.68;"해당사항 없음";"해당사항 없음"
131;"02";"경기";"벤츠";"S-Class";"대형";"디젤";13950;180.22;32.16;100.0;16.68;"해당사항 없음";"해당사항 없음"
129;"02";"경기";"벤츠";"S-Class";"대형";"가솔린";13950;181.86;31.21;100.0;16.68;"해당사항 없음";"해당사항 없음"
130;"02";"경기";"벤츠";"S-Class";"대형";"하이브리드";13950;181.86;31.21;100.0;16.68;"해당사항 없음";"해당사항 없음"
131;"01";"서울";"벤츠";"S-Class";"대형";"디젤";13950;184.95;30.01;100.0;16.68;"해당사항 없음";"해당사항 없음"
129;"01";"서울";"벤츠";"S-Class";"대형";"가솔린";13950;186.7;29.43;100.0;16.68;"해당사항 없음";"해당사항 없음"
130;"01";"서울";"벤츠";"S-Class";"대형";"하이브리드";13950;186.7;29.43;100.0;16.68;"해당사항 없음";"해당사항 없음"
131;"03";"강원";"벤츠";"S-Class";"대형";"디젤";13950;182.37;30.84;100.0;16.68;"해당사항 없음";"해당사항 없음"
129;"03";"강원";"벤츠";"S-Class";"대형";"가솔린";13950;183.32;30.46;100.0;16.68;"해당사항 없음";"해당사항 없음"
130;"03";"강원";"벤츠";"S-Class";"대형";"하이브리드";13950;183.32;30.46;100.0;16.68;"해당사항 없음";"해당사항 없음"
131;"14";"대구";"벤츠";"S-Class";"대형";"디젤";13950;177.98;34.08;100.0;16.68;"해당사항 없음";"해당사항 없음"
129;"14";"대구";"벤츠";"S-Class";"대형";"가솔린";13950;179.46;32.75;100.0;16.68;"해당사항 없음";"해당사항 없음"
130;"14";"대구";"벤츠";"S-Class";"대형";"하이브리드";13950;179.46;32.75;100.0;16.68;"해당사항 없음";"해당사항 없음"
131;"10";"부산";"벤츠";"S-Class";"대형";"디젤";13950;178.87;33.31;100.0;16.68;"해당사항 없음";"해당사항 없음"
129;"10";"부산";"벤츠";"S-Class";"대형";"가솔린";13950;180.55;32.04;100.0;16.68;"해당사항 없음";"해당사항 없음"
130;"10";"부산";"벤츠";"S-Class";"대형";"하이브리드";13950;180.55;32.04;100.0;16.68;"해당사항 없음";"해당사항 없음"
108;"19";"세종";"BMW";"7 Series";"대형";"디젤";14220;145.57;57.84;100.0;15.71;"해당사항 없음";"해당사항 없음"
106;"19";"세종";"BMW";"7 Series";"대형";"가솔린";14220;146.67;56.87;100.0;15.71;"해당사항 없음";"해당사항 없음"
107;"19";"세종";"BMW";"7 Series";"대형";"하이브리드";14220;146.67;56.87;100.0;15.71;"해당사항 없음";"해당사항 없음"
108;"18";"울산";"BMW";"7 Series";"대형";"디젤";14220;144.38;58.65;100.0;15.71;"해당사항 없음";"해당사항 없음"
106;"18";"울산";"BMW";"7 Series";"대형";"가솔린";14220;145.26;58.17;100.0;15.71;"해당사항 없음";"해당사항 없음"
107;"18";"울산";"BMW";"7 Series";"대형";"하이브리드";14220;145.26;58.17;100.0;15.71;"해당사항 없음";"해당사항 없음"
108;"02";"경기";"BMW";"7 Series";"대형";"디젤";14220;145.32;58.04;100.0;15.71;"해당사항 없음";"해당사항 없음"
106;"02";"경기";"BMW";"7 Series";"대형";"가솔린";14220;146.64;56.95;100.0;15.71;"해당사항 없음";"해당사항 없음"
107;"02";"경기";"BMW";"7 Series";"대형";"하이브리드";14220;146.64;56.95;100.0;15.71;"해당사항 없음";"해당사항 없음"
108;"01";"서울";"BMW";"7 Series";"대형";"디젤";14220;149.13;54.02;100.0;15.71;"해당사항 없음";"해당사항 없음"
106;"01";"서울";"BMW";"7 Series";"대형";"가솔린";14220;150.54;51.63;100.0;15.71;"해당사항 없음";"해당사항 없음"
107;"01";"서울";"BMW";"7 Series";"대형";"하이브리드";14220;150.54;51.63;100.0;15.71;"해당사항 없음";"해당사항 없음"
108;"03";"강원";"BMW";"7 Series";"대형";"디젤";14220;147.05;56.53;100.0;15.71;"해당사항 없음";"해당사항 없음"
106;"03";"강원";"BMW";"7 Series";"대형";"가솔린";14220;147.81;55.74;100.0;15.71;"해당사항 없음";"해당사항 없음"
107;"03";"강원";"BMW";"7 Series";"대형";"하이브리드";14220;147.81;55.74;100.0;15.71;"해당사항 없음";"해당사항 없음"
108;"14";"대구";"BMW";"7 Series";"대형";"디젤";14220;143.51;59.1;100.0;15.71;"해당사항 없음";"해당사항 없음"
106;"14";"대구";"BMW";"7 Series";"대형";"가솔린";14220;144.7;58.53;100.0;15.71;"해당사항 없음";"해당사항 없음"
107;"14";"대구";"BMW";"7 Series";"대형";"하이브리드";14220;144.7;58.53;100.0;15.71;"해당사항 없음";"해당사항 없음"
108;"10";"부산";"BMW";"7 Series";"대형";"디젤";14220;144.22;58.69;100.0;15.71;"해당사항 없음";"해당사항 없음"
106;"10";"부산";"BMW";"7 Series";"대형";"가솔린";14220;145.58;57.82;100.0;15.71;"해당사항 없음";"해당사항 없음"
107;"10";"부산";"BMW";"7 Series";"대형";"하이브리드";14220;145.58;57.82;100.0;15.71;"해당사항 없음";"해당사항 없음"
108;"17";"대전";"BMW";"7 Series";"대형";"디젤";14220;144.26;58.67;100.0;15.71;"해당사항 없음";"해당사항 없음"
106;"17";"대전";"BMW";"7 Series";"대형";"가솔린";14220;145.18;58.27;100.0;15.71;"해당사항 없음";"해당사항 없음"
107;"17";"대전";"BMW";"7 Series";"대형";"하이브리드";14220;145.18;58.27;100.0;15.71;"해당사항 없음";"해당사항 없음"
108;"11";"제주";"BMW";"7 Series";"대형";"디젤";14220;147.82;55.7;100.0;15.71;"해당사항 없음";"해당사항 없음"
106;"11";"제주";"BMW";"7 Series";"대형";"가솔린";14220;149.3;53.86;100.0;15.71;"해당사항 없음";"해당사항 없음"
107;"11";"제주";"BMW";"7 Series";"대형";"하이브리드";14220;149.3;53.86;100.0;15.71;"해당사항 없음";"해당사항 없음"
108;"06";"전북";"BMW";"7 Series";"대형";"디젤";14220;146.0;57.44;100.0;15.71;"해당사항 없음";"해당사항 없음"
106;"06";"전북";"BMW";"7 Series";"대형";"가솔린";14220;147.01;56.67;100.0;15.71;"해당사항 없음";"해당사항 없음"
107;"06";"전북";"BMW";"7 Series";"대형";"하이브리드";14220;147.01;56.67;100.0;15.71;"해당사항 없음";"해당사항 없음"
108;"05";"충남";"BMW";"7 Series";"대형";"디젤";14220;146.3;57.24;100.0;15.71;"해당사항 없음";"해당사항 없음"
106;"05";"충남";"BMW";"7 Series";"대형";"가솔린";14220;147.39;56.2;100.0;15.71;"해당사항 없음";"해당사항 없음"
107;"05";"충남";"BMW";"7 Series";"대형";"하이브리드";14220;147.39;56.2;100.0;15.71;"해당사항 없음";"해당사항 없음"
108;"04";"충북";"BMW";"7 Series";"대형";"디젤";14220;146.34;57.17;100.0;15.71;"해당사항 없음";"해당사항 없음"
106;"04";"충북";"BMW";"7 Series";"대형";"가솔린";14220;147.48;56.16;100.0;15.71;"해당사항 없음";"해당사항 없음"
107;"04";"충북";"BMW";"7 Series";"대형";"하이브리드";14220;147.48;56.16;100.0;15.71;"해당사항 없음";"해당사항 없음"
108;"08";"경북";"BMW";"7 Series";"대형";"디젤";14220;145.35;57.98;100.0;15.71;"해당사항 없음";"해당사항 없음"
106;"08";"경북";"BMW";"7 Series";"대형";"가솔린";14220;146.46;57.07;100.0;15.71;"해당사항 없음";"해당사항 없음"
107;"08";"경북";"BMW";"7 Series";"대형";"하이브리드";14220;146.46;57.07;100.0;15.71;"해당사항 없음";"해당사항 없음"
108;"09";"경남";"BMW";"7 Series";"대형";"디젤";14220;145.22;58.21;100.0;15.71;"해당사항 없음";"해당사항 없음"
106;"09";"경남";"BMW";"7 Series";"대형";"가솔린";14220;146.48;57.03;100.0;15.71;"해당사항 없음";"해당사항 없음"
107;"09";"경남";"BMW";"7 Series";"대형";"하이브리드";14220;146.48;57.03;100.0;15.71;"해당사항 없음";"해당사항 없음"
108;"20";"전남광주";"BMW";"7 Series";"대형";"디젤";14220;146.28;57.26;100.0;15.71;"해당사항 없음";"해당사항 없음"
106;"20";"전남광주";"BMW";"7 Series";"대형";"가솔린";14220;147.22;56.36;100.0;15.71;"해당사항 없음";"해당사항 없음"
107;"20";"전남광주";"BMW";"7 Series";"대형";"하이브리드";14220;147.22;56.36;100.0;15.71;"해당사항 없음";"해당사항 없음"
108;"15";"인천";"BMW";"7 Series";"대형";"디젤";14220;144.62;58.55;100.0;15.71;"해당사항 없음";"해당사항 없음"
106;"15";"인천";"BMW";"7 Series";"대형";"가솔린";14220;145.9;57.58;100.0;15.71;"해당사항 없음";"해당사항 없음"
107;"15";"인천";"BMW";"7 Series";"대형";"하이브리드";14220;145.9;57.58;100.0;15.71;"해당사항 없음";"해당사항 없음"
193;"19";"세종";"BMW";"i7";"대형";"전기(배터리)";14350;98.59;76.54;95.0;14.73;"충전기당 전기차 수 : 0.88";"현재 지자체의 예산이 소진되어 지원금을 받을 수 없습니다"
193;"01";"서울";"BMW";"i7";"대형";"전기(배터리)";14350;98.59;76.54;78.11;14.73;"충전기당 전기차 수 : 1.13";"현재 지자체의 예산이 소진되어 지원금을 받을 수 없습니다"
193;"14";"대구";"BMW";"i7";"대형";"전기(배터리)";14350;98.59;76.54;66.84;14.73;"충전기당 전기차 수 : 1.42";"현재 지자체의 예산이 소진되어 지원금을 받을 수 없습니다"
193;"10";"부산";"BMW";"i7";"대형";"전기(배터리)";14350;98.59;76.54;61.21;14.73;"충전기당 전기차 수 : 1.42";"현재 지자체의 예산이 소진되어 지원금을 받을 수 없습니다"
193;"15";"인천";"BMW";"i7";"대형";"전기(배터리)";14350;98.59;76.54;16.16;14.73;"충전기당 전기차 수 : 1.75";"현재 지자체의 예산이 소진되어 지원금을 받을 수 없습니다"
193;"11";"제주";"BMW";"i7";"대형";"전기(배터리)";14350;98.59;76.54;10.53;14.73;"충전기당 전기차 수 : 5.83";"현재 지자체의 예산이 소진되어 지원금을 받을 수 없습니다"
122;"15";"인천";"BMW";"X7";"대형SUV";"디젤";14487;216.5;18.74;100.0;14.61;"해당사항 없음";"해당사항 없음"
121;"15";"인천";"BMW";"X7";"대형SUV";"가솔린";14487;218.42;17.3;100.0;14.61;"해당사항 없음";"해당사항 없음"
122;"11";"제주";"BMW";"X7";"대형SUV";"디젤";14487;221.29;15.1;100.0;14.61;"해당사항 없음";"해당사항 없음"
121;"11";"제주";"BMW";"X7";"대형SUV";"가솔린";14487;223.5;13.84;100.0;14.61;"해당사항 없음";"해당사항 없음"
122;"19";"세종";"BMW";"X7";"대형SUV";"디젤";14487;217.93;17.79;100.0;14.61;"해당사항 없음";"해당사항 없음"
121;"19";"세종";"BMW";"X7";"대형SUV";"가솔린";14487;219.58;16.29;100.0;14.61;"해당사항 없음";"해당사항 없음"
122;"18";"울산";"BMW";"X7";"대형SUV";"디젤";14487;216.15;18.96;100.0;14.61;"해당사항 없음";"해당사항 없음"
121;"18";"울산";"BMW";"X7";"대형SUV";"가솔린";14487;217.46;18.15;100.0;14.61;"해당사항 없음";"해당사항 없음"
122;"02";"경기";"BMW";"X7";"대형SUV";"디젤";14487;217.54;18.05;100.0;14.61;"해당사항 없음";"해당사항 없음"
121;"02";"경기";"BMW";"X7";"대형SUV";"가솔린";14487;219.53;16.37;100.0;14.61;"해당사항 없음";"해당사항 없음"
122;"01";"서울";"BMW";"X7";"대형SUV";"디젤";14487;223.25;14.07;100.0;14.61;"해당사항 없음";"해당사항 없음"
121;"01";"서울";"BMW";"X7";"대형SUV";"가솔린";14487;225.36;12.97;100.0;14.61;"해당사항 없음";"해당사항 없음"
122;"03";"강원";"BMW";"X7";"대형SUV";"디젤";14487;220.14;15.91;100.0;14.61;"해당사항 없음";"해당사항 없음"
121;"03";"강원";"BMW";"X7";"대형SUV";"가솔린";14487;221.28;15.18;100.0;14.61;"해당사항 없음";"해당사항 없음"
122;"14";"대구";"BMW";"X7";"대형SUV";"디젤";14487;214.83;19.81;100.0;14.61;"해당사항 없음";"해당사항 없음"
121;"14";"대구";"BMW";"X7";"대형SUV";"가솔린";14487;216.63;18.66;100.0;14.61;"해당사항 없음";"해당사항 없음"
122;"10";"부산";"BMW";"X7";"대형SUV";"디젤";14487;215.91;19.15;100.0;14.61;"해당사항 없음";"해당사항 없음"
121;"10";"부산";"BMW";"X7";"대형SUV";"가솔린";14487;217.94;17.73;100.0;14.61;"해당사항 없음";"해당사항 없음"
122;"17";"대전";"BMW";"X7";"대형SUV";"디젤";14487;215.96;19.09;100.0;14.61;"해당사항 없음";"해당사항 없음"
121;"17";"대전";"BMW";"X7";"대형SUV";"가솔린";14487;217.34;18.34;100.0;14.61;"해당사항 없음";"해당사항 없음"
122;"06";"전북";"BMW";"X7";"대형SUV";"디젤";14487;218.57;17.22;100.0;14.61;"해당사항 없음";"해당사항 없음"
121;"06";"전북";"BMW";"X7";"대형SUV";"가솔린";14487;220.08;15.99;100.0;14.61;"해당사항 없음";"해당사항 없음"
122;"05";"충남";"BMW";"X7";"대형SUV";"디젤";14487;219.01;16.92;100.0;14.61;"해당사항 없음";"해당사항 없음"
121;"05";"충남";"BMW";"X7";"대형SUV";"가솔린";14487;220.65;15.52;100.0;14.61;"해당사항 없음";"해당사항 없음"
122;"04";"충북";"BMW";"X7";"대형SUV";"디젤";14487;219.08;16.86;100.0;14.61;"해당사항 없음";"해당사항 없음"
121;"04";"충북";"BMW";"X7";"대형SUV";"가솔린";14487;220.78;15.44;100.0;14.61;"해당사항 없음";"해당사항 없음"
122;"08";"경북";"BMW";"X7";"대형SUV";"디젤";14487;217.6;17.99;100.0;14.61;"해당사항 없음";"해당사항 없음"
121;"08";"경북";"BMW";"X7";"대형SUV";"가솔린";14487;219.26;16.68;100.0;14.61;"해당사항 없음";"해당사항 없음"
122;"09";"경남";"BMW";"X7";"대형SUV";"디젤";14487;217.4;18.26;100.0;14.61;"해당사항 없음";"해당사항 없음"
121;"09";"경남";"BMW";"X7";"대형SUV";"가솔린";14487;219.28;16.6;100.0;14.61;"해당사항 없음";"해당사항 없음"
122;"20";"전남광주";"BMW";"X7";"대형SUV";"디젤";14487;218.99;16.98;100.0;14.61;"해당사항 없음";"해당사항 없음"
121;"20";"전남광주";"BMW";"X7";"대형SUV";"가솔린";14487;220.39;15.79;100.0;14.61;"해당사항 없음";"해당사항 없음"
249;"17";"대전";"렉서스";"LS";"대형";"가솔린";14670;209.89;22.14;100.0;13.97;"해당사항 없음";"해당사항 없음"
250;"17";"대전";"렉서스";"LS";"대형";"하이브리드";14670;209.89;22.14;100.0;13.97;"해당사항 없음";"해당사항 없음"
249;"06";"전북";"렉서스";"LS";"대형";"가솔린";14670;212.54;20.93;100.0;13.97;"해당사항 없음";"해당사항 없음"
250;"06";"전북";"렉서스";"LS";"대형";"하이브리드";14670;212.54;20.93;100.0;13.97;"해당사항 없음";"해당사항 없음"
249;"05";"충남";"렉서스";"LS";"대형";"가솔린";14670;213.09;20.64;100.0;13.97;"해당사항 없음";"해당사항 없음"
250;"05";"충남";"렉서스";"LS";"대형";"하이브리드";14670;213.09;20.64;100.0;13.97;"해당사항 없음";"해당사항 없음"
249;"04";"충북";"렉서스";"LS";"대형";"가솔린";14670;213.21;20.56;100.0;13.97;"해당사항 없음";"해당사항 없음"
250;"04";"충북";"렉서스";"LS";"대형";"하이브리드";14670;213.21;20.56;100.0;13.97;"해당사항 없음";"해당사항 없음"
249;"08";"경북";"렉서스";"LS";"대형";"가솔린";14670;211.74;21.49;100.0;13.97;"해당사항 없음";"해당사항 없음"
250;"08";"경북";"렉서스";"LS";"대형";"하이브리드";14670;211.74;21.49;100.0;13.97;"해당사항 없음";"해당사항 없음"
249;"09";"경남";"렉서스";"LS";"대형";"가솔린";14670;211.76;21.41;100.0;13.97;"해당사항 없음";"해당사항 없음"
250;"09";"경남";"렉서스";"LS";"대형";"하이브리드";14670;211.76;21.41;100.0;13.97;"해당사항 없음";"해당사항 없음"
249;"20";"전남광주";"렉서스";"LS";"대형";"가솔린";14670;212.83;20.81;100.0;13.97;"해당사항 없음";"해당사항 없음"
250;"20";"전남광주";"렉서스";"LS";"대형";"하이브리드";14670;212.83;20.81;100.0;13.97;"해당사항 없음";"해당사항 없음"
249;"15";"인천";"렉서스";"LS";"대형";"가솔린";14670;210.93;21.76;100.0;13.97;"해당사항 없음";"해당사항 없음"
250;"15";"인천";"렉서스";"LS";"대형";"하이브리드";14670;210.93;21.76;100.0;13.97;"해당사항 없음";"해당사항 없음"
249;"11";"제주";"렉서스";"LS";"대형";"가솔린";14670;215.84;19.25;100.0;13.97;"해당사항 없음";"해당사항 없음"
250;"11";"제주";"렉서스";"LS";"대형";"하이브리드";14670;215.84;19.25;100.0;13.97;"해당사항 없음";"해당사항 없음"
249;"19";"세종";"렉서스";"LS";"대형";"가솔린";14670;212.05;21.23;100.0;13.97;"해당사항 없음";"해당사항 없음"
250;"19";"세종";"렉서스";"LS";"대형";"하이브리드";14670;212.05;21.23;100.0;13.97;"해당사항 없음";"해당사항 없음"
249;"18";"울산";"렉서스";"LS";"대형";"가솔린";14670;210.0;22.04;100.0;13.97;"해당사항 없음";"해당사항 없음"
250;"18";"울산";"렉서스";"LS";"대형";"하이브리드";14670;210.0;22.04;100.0;13.97;"해당사항 없음";"해당사항 없음"
249;"02";"경기";"렉서스";"LS";"대형";"가솔린";14670;212.0;21.31;100.0;13.97;"해당사항 없음";"해당사항 없음"
250;"02";"경기";"렉서스";"LS";"대형";"하이브리드";14670;212.0;21.31;100.0;13.97;"해당사항 없음";"해당사항 없음"
249;"01";"서울";"렉서스";"LS";"대형";"가솔린";14670;217.64;17.93;100.0;13.97;"해당사항 없음";"해당사항 없음"
250;"01";"서울";"렉서스";"LS";"대형";"하이브리드";14670;217.64;17.93;100.0;13.97;"해당사항 없음";"해당사항 없음"
249;"03";"강원";"렉서스";"LS";"대형";"가솔린";14670;213.7;20.36;100.0;13.97;"해당사항 없음";"해당사항 없음"
250;"03";"강원";"렉서스";"LS";"대형";"하이브리드";14670;213.7;20.36;100.0;13.97;"해당사항 없음";"해당사항 없음"
249;"14";"대구";"렉서스";"LS";"대형";"가솔린";14670;209.2;22.36;100.0;13.97;"해당사항 없음";"해당사항 없음"
250;"14";"대구";"렉서스";"LS";"대형";"하이브리드";14670;209.2;22.36;100.0;13.97;"해당사항 없음";"해당사항 없음"
249;"10";"부산";"렉서스";"LS";"대형";"가솔린";14670;210.47;21.84;100.0;13.97;"해당사항 없음";"해당사항 없음"
250;"10";"부산";"렉서스";"LS";"대형";"하이브리드";14670;210.47;21.84;100.0;13.97;"해당사항 없음";"해당사항 없음"
243;"20";"전남광주";"아우디";"The new e-tron GT";"준대형";"전기(배터리)";17012;98.59;76.54;21.79;13.32;"충전기당 전기차 수 : 1.65";"2300"
235;"15";"인천";"렉서스";"LM";"대형MPV";"하이브리드";14800;182.74;30.68;100.0;13.3;"해당사항 없음";"해당사항 없음"
235;"11";"제주";"렉서스";"LM";"대형MPV";"하이브리드";14800;186.99;29.33;100.0;13.3;"해당사항 없음";"해당사항 없음"
235;"17";"대전";"렉서스";"LM";"대형MPV";"하이브리드";14800;181.84;31.23;100.0;13.3;"해당사항 없음";"해당사항 없음"
235;"06";"전북";"렉서스";"LM";"대형MPV";"하이브리드";14800;184.13;30.22;100.0;13.3;"해당사항 없음";"해당사항 없음"
235;"05";"충남";"렉서스";"LM";"대형MPV";"하이브리드";14800;184.6;30.08;100.0;13.3;"해당사항 없음";"해당사항 없음"
235;"04";"충북";"렉서스";"LM";"대형MPV";"하이브리드";14800;184.71;30.06;100.0;13.3;"해당사항 없음";"해당사항 없음"
235;"08";"경북";"렉서스";"LM";"대형MPV";"하이브리드";14800;183.44;30.38;100.0;13.3;"해당사항 없음";"해당사항 없음"
235;"09";"경남";"렉서스";"LM";"대형MPV";"하이브리드";14800;183.46;30.36;100.0;13.3;"해당사항 없음";"해당사항 없음"
235;"20";"전남광주";"렉서스";"LM";"대형MPV";"하이브리드";14800;184.38;30.12;100.0;13.3;"해당사항 없음";"해당사항 없음"
235;"19";"세종";"렉서스";"LM";"대형MPV";"하이브리드";14800;183.7;30.3;100.0;13.3;"해당사항 없음";"해당사항 없음"
235;"18";"울산";"렉서스";"LM";"대형MPV";"하이브리드";14800;181.93;31.05;100.0;13.3;"해당사항 없음";"해당사항 없음"
235;"02";"경기";"렉서스";"LM";"대형MPV";"하이브리드";14800;183.66;30.34;100.0;13.3;"해당사항 없음";"해당사항 없음"
235;"01";"서울";"렉서스";"LM";"대형MPV";"하이브리드";14800;188.55;28.82;100.0;13.3;"해당사항 없음";"해당사항 없음"
235;"03";"강원";"렉서스";"LM";"대형MPV";"하이브리드";14800;185.13;29.99;100.0;13.3;"해당사항 없음";"해당사항 없음"
235;"14";"대구";"렉서스";"LM";"대형MPV";"하이브리드";14800;181.24;31.63;100.0;13.3;"해당사항 없음";"해당사항 없음"
235;"10";"부산";"렉서스";"LM";"대형MPV";"하이브리드";14800;182.34;30.86;100.0;13.3;"해당사항 없음";"해당사항 없음"
243;"05";"충남";"아우디";"The new e-tron GT";"준대형";"전기(배터리)";17012;98.59;76.54;44.32;12.97;"충전기당 전기차 수 : 1.48";"2200"
243;"04";"충북";"아우디";"The new e-tron GT";"준대형";"전기(배터리)";17012;98.59;76.54;38.69;12.97;"충전기당 전기차 수 : 1.52";"2200"
275;"19";"세종";"벤츠";"EQS";"대형";"전기(배터리)";14900;85.37;81.91;95.0;12.93;"충전기당 전기차 수 : 0.88";"현재 지자체의 예산이 소진되어 지원금을 받을 수 없습니다"
275;"01";"서울";"벤츠";"EQS";"대형";"전기(배터리)";14900;85.37;81.91;78.11;12.93;"충전기당 전기차 수 : 1.13";"현재 지자체의 예산이 소진되어 지원금을 받을 수 없습니다"
275;"14";"대구";"벤츠";"EQS";"대형";"전기(배터리)";14900;85.37;81.91;66.84;12.93;"충전기당 전기차 수 : 1.42";"현재 지자체의 예산이 소진되어 지원금을 받을 수 없습니다"
275;"10";"부산";"벤츠";"EQS";"대형";"전기(배터리)";14900;85.37;81.91;61.21;12.93;"충전기당 전기차 수 : 1.42";"현재 지자체의 예산이 소진되어 지원금을 받을 수 없습니다"
275;"15";"인천";"벤츠";"EQS";"대형";"전기(배터리)";14900;85.37;81.91;16.16;12.93;"충전기당 전기차 수 : 1.75";"현재 지자체의 예산이 소진되어 지원금을 받을 수 없습니다"
275;"11";"제주";"벤츠";"EQS";"대형";"전기(배터리)";14900;85.37;81.91;10.53;12.93;"충전기당 전기차 수 : 5.83";"현재 지자체의 예산이 소진되어 지원금을 받을 수 없습니다"
243;"08";"경북";"아우디";"The new e-tron GT";"준대형";"전기(배터리)";17012;98.59;76.54;33.06;12.81;"충전기당 전기차 수 : 1.58";"2100"
243;"09";"경남";"아우디";"The new e-tron GT";"준대형";"전기(배터리)";17012;98.59;76.54;27.43;12.81;"충전기당 전기차 수 : 1.64";"2100"
247;"15";"인천";"벤츠";"AMG GT";"스포츠카";"가솔린";14924;238.15;9.05;100.0;12.77;"해당사항 없음";"해당사항 없음"
247;"11";"제주";"벤츠";"AMG GT";"스포츠카";"가솔린";14924;243.69;8.04;100.0;12.77;"해당사항 없음";"해당사항 없음"
247;"19";"세종";"벤츠";"AMG GT";"스포츠카";"가솔린";14924;239.41;8.72;100.0;12.77;"해당사항 없음";"해당사항 없음"
247;"18";"울산";"벤츠";"AMG GT";"스포츠카";"가솔린";14924;237.1;9.23;100.0;12.77;"해당사항 없음";"해당사항 없음"
247;"02";"경기";"벤츠";"AMG GT";"스포츠카";"가솔린";14924;239.35;8.74;100.0;12.77;"해당사항 없음";"해당사항 없음"
247;"01";"서울";"벤츠";"AMG GT";"스포츠카";"가솔린";14924;245.72;7.79;100.0;12.77;"해당사항 없음";"해당사항 없음"
247;"03";"강원";"벤츠";"AMG GT";"스포츠카";"가솔린";14924;241.27;8.36;100.0;12.77;"해당사항 없음";"해당사항 없음"
247;"14";"대구";"벤츠";"AMG GT";"스포츠카";"가솔린";14924;236.19;9.39;100.0;12.77;"해당사항 없음";"해당사항 없음"
247;"10";"부산";"벤츠";"AMG GT";"스포츠카";"가솔린";14924;237.63;9.15;100.0;12.77;"해당사항 없음";"해당사항 없음"
247;"17";"대전";"벤츠";"AMG GT";"스포츠카";"가솔린";14924;236.97;9.25;100.0;12.77;"해당사항 없음";"해당사항 없음"
247;"06";"전북";"벤츠";"AMG GT";"스포츠카";"가솔린";14924;239.96;8.66;100.0;12.77;"해당사항 없음";"해당사항 없음"
247;"05";"충남";"벤츠";"AMG GT";"스포츠카";"가솔린";14924;240.58;8.58;100.0;12.77;"해당사항 없음";"해당사항 없음"
247;"04";"충북";"벤츠";"AMG GT";"스포츠카";"가솔린";14924;240.73;8.52;100.0;12.77;"해당사항 없음";"해당사항 없음"
247;"08";"경북";"벤츠";"AMG GT";"스포츠카";"가솔린";14924;239.06;8.91;100.0;12.77;"해당사항 없음";"해당사항 없음"
247;"09";"경남";"벤츠";"AMG GT";"스포츠카";"가솔린";14924;239.09;8.83;100.0;12.77;"해당사항 없음";"해당사항 없음"
247;"20";"전남광주";"벤츠";"AMG GT";"스포츠카";"가솔린";14924;240.29;8.6;100.0;12.77;"해당사항 없음";"해당사항 없음"
266;"19";"세종";"벤츠";"EQS SUV";"대형SUV";"전기(배터리)";14940;97.22;76.87;95.0;12.45;"충전기당 전기차 수 : 0.88";"현재 지자체의 예산이 소진되어 지원금을 받을 수 없습니다"
266;"01";"서울";"벤츠";"EQS SUV";"대형SUV";"전기(배터리)";14940;97.22;76.87;78.11;12.45;"충전기당 전기차 수 : 1.13";"현재 지자체의 예산이 소진되어 지원금을 받을 수 없습니다"
266;"14";"대구";"벤츠";"EQS SUV";"대형SUV";"전기(배터리)";14940;97.22;76.87;66.84;12.45;"충전기당 전기차 수 : 1.42";"현재 지자체의 예산이 소진되어 지원금을 받을 수 없습니다"
266;"10";"부산";"벤츠";"EQS SUV";"대형SUV";"전기(배터리)";14940;97.22;76.87;61.21;12.45;"충전기당 전기차 수 : 1.42";"현재 지자체의 예산이 소진되어 지원금을 받을 수 없습니다"
266;"15";"인천";"벤츠";"EQS SUV";"대형SUV";"전기(배터리)";14940;97.22;76.87;16.16;12.45;"충전기당 전기차 수 : 1.75";"현재 지자체의 예산이 소진되어 지원금을 받을 수 없습니다"
266;"11";"제주";"벤츠";"EQS SUV";"대형SUV";"전기(배터리)";14940;97.22;76.87;10.53;12.45;"충전기당 전기차 수 : 5.83";"현재 지자체의 예산이 소진되어 지원금을 받을 수 없습니다"
243;"03";"강원";"아우디";"The new e-tron GT";"준대형";"전기(배터리)";17012;98.59;76.54;72.48;12.33;"충전기당 전기차 수 : 1.22";"2040"
188;"15";"인천";"벤츠";"GLS-Class";"대형SUV";"디젤";15092;223.1;14.19;100.0;12.31;"해당사항 없음";"해당사항 없음"
187;"15";"인천";"벤츠";"GLS-Class";"대형SUV";"가솔린";15092;225.08;13.12;100.0;12.31;"해당사항 없음";"해당사항 없음"
188;"11";"제주";"벤츠";"GLS-Class";"대형SUV";"디젤";15092;228.04;12.08;100.0;12.31;"해당사항 없음";"해당사항 없음"
187;"11";"제주";"벤츠";"GLS-Class";"대형SUV";"가솔린";15092;230.32;11.33;100.0;12.31;"해당사항 없음";"해당사항 없음"
188;"17";"대전";"벤츠";"GLS-Class";"대형SUV";"디젤";15092;222.55;14.39;100.0;12.31;"해당사항 없음";"해당사항 없음"
187;"17";"대전";"벤츠";"GLS-Class";"대형SUV";"가솔린";15092;223.97;13.68;100.0;12.31;"해당사항 없음";"해당사항 없음"
188;"06";"전북";"벤츠";"GLS-Class";"대형SUV";"디젤";15092;225.23;13.08;100.0;12.31;"해당사항 없음";"해당사항 없음"
187;"06";"전북";"벤츠";"GLS-Class";"대형SUV";"가솔린";15092;226.79;12.51;100.0;12.31;"해당사항 없음";"해당사항 없음"
188;"05";"충남";"벤츠";"GLS-Class";"대형SUV";"디젤";15092;225.69;12.85;100.0;12.31;"해당사항 없음";"해당사항 없음"
187;"05";"충남";"벤츠";"GLS-Class";"대형SUV";"가솔린";15092;227.38;12.31;100.0;12.31;"해당사항 없음";"해당사항 없음"
188;"04";"충북";"벤츠";"GLS-Class";"대형SUV";"디젤";15092;225.76;12.83;100.0;12.31;"해당사항 없음";"해당사항 없음"
187;"04";"충북";"벤츠";"GLS-Class";"대형SUV";"가솔린";15092;227.51;12.25;100.0;12.31;"해당사항 없음";"해당사항 없음"
188;"08";"경북";"벤츠";"GLS-Class";"대형SUV";"디젤";15092;224.23;13.42;100.0;12.31;"해당사항 없음";"해당사항 없음"
187;"08";"경북";"벤츠";"GLS-Class";"대형SUV";"가솔린";15092;225.94;12.81;100.0;12.31;"해당사항 없음";"해당사항 없음"
188;"09";"경남";"벤츠";"GLS-Class";"대형SUV";"디젤";15092;224.03;13.64;100.0;12.31;"해당사항 없음";"해당사항 없음"
187;"09";"경남";"벤츠";"GLS-Class";"대형SUV";"가솔린";15092;225.97;12.77;100.0;12.31;"해당사항 없음";"해당사항 없음"
188;"20";"전남광주";"벤츠";"GLS-Class";"대형SUV";"디젤";15092;225.67;12.87;100.0;12.31;"해당사항 없음";"해당사항 없음"
187;"20";"전남광주";"벤츠";"GLS-Class";"대형SUV";"가솔린";15092;227.11;12.41;100.0;12.31;"해당사항 없음";"해당사항 없음"
188;"19";"세종";"벤츠";"GLS-Class";"대형SUV";"디젤";15092;224.57;13.34;100.0;12.31;"해당사항 없음";"해당사항 없음"
187;"19";"세종";"벤츠";"GLS-Class";"대형SUV";"가솔린";15092;226.27;12.65;100.0;12.31;"해당사항 없음";"해당사항 없음"
188;"18";"울산";"벤츠";"GLS-Class";"대형SUV";"디젤";15092;222.74;14.29;100.0;12.31;"해당사항 없음";"해당사항 없음"
187;"18";"울산";"벤츠";"GLS-Class";"대형SUV";"가솔린";15092;224.09;13.5;100.0;12.31;"해당사항 없음";"해당사항 없음"
188;"02";"경기";"벤츠";"GLS-Class";"대형SUV";"디젤";15092;224.18;13.44;100.0;12.31;"해당사항 없음";"해당사항 없음"
187;"02";"경기";"벤츠";"GLS-Class";"대형SUV";"가솔린";15092;226.22;12.69;100.0;12.31;"해당사항 없음";"해당사항 없음"
188;"01";"서울";"벤츠";"GLS-Class";"대형SUV";"디젤";15092;230.06;11.46;100.0;12.31;"해당사항 없음";"해당사항 없음"
187;"01";"서울";"벤츠";"GLS-Class";"대형SUV";"가솔린";15092;232.23;10.79;100.0;12.31;"해당사항 없음";"해당사항 없음"
188;"03";"강원";"벤츠";"GLS-Class";"대형SUV";"디젤";15092;226.85;12.47;100.0;12.31;"해당사항 없음";"해당사항 없음"
187;"03";"강원";"벤츠";"GLS-Class";"대형SUV";"가솔린";15092;228.03;12.12;100.0;12.31;"해당사항 없음";"해당사항 없음"
188;"14";"대구";"벤츠";"GLS-Class";"대형SUV";"디젤";15092;221.38;15.02;100.0;12.31;"해당사항 없음";"해당사항 없음"
187;"14";"대구";"벤츠";"GLS-Class";"대형SUV";"가솔린";15092;223.23;14.11;100.0;12.31;"해당사항 없음";"해당사항 없음"
188;"10";"부산";"벤츠";"GLS-Class";"대형SUV";"디젤";15092;222.49;14.43;100.0;12.31;"해당사항 없음";"해당사항 없음"
187;"10";"부산";"벤츠";"GLS-Class";"대형SUV";"가솔린";15092;224.59;13.32;100.0;12.31;"해당사항 없음";"해당사항 없음"
243;"17";"대전";"아우디";"The new e-tron GT";"준대형";"전기(배터리)";17012;98.59;76.54;55.58;11.66;"충전기당 전기차 수 : 1.45";"1900"
243;"06";"전북";"아우디";"The new e-tron GT";"준대형";"전기(배터리)";17012;98.59;76.54;49.95;11.64;"충전기당 전기차 수 : 1.46";"1800"
243;"18";"울산";"아우디";"The new e-tron GT";"준대형";"전기(배터리)";17012;98.59;76.54;89.37;11.62;"충전기당 전기차 수 : 0.96";"1700"
243;"02";"경기";"아우디";"The new e-tron GT";"준대형";"전기(배터리)";17012;98.59;76.54;83.74;11.62;"충전기당 전기차 수 : 1.01";"1700"
99;"15";"인천";"벤츠";"The New S-Class";"대형";"디젤";15400;175.9;35.82;100.0;11.58;"해당사항 없음";"해당사항 없음"
98;"15";"인천";"벤츠";"The New S-Class";"대형";"가솔린";15400;177.47;34.63;100.0;11.58;"해당사항 없음";"해당사항 없음"
99;"11";"제주";"벤츠";"The New S-Class";"대형";"디젤";15400;179.8;32.48;100.0;11.58;"해당사항 없음";"해당사항 없음"
98;"11";"제주";"벤츠";"The New S-Class";"대형";"가솔린";15400;181.6;31.45;100.0;11.58;"해당사항 없음";"해당사항 없음"
98;"19";"세종";"벤츠";"The New S-Class";"대형";"가솔린";15400;178.4;33.7;100.0;11.58;"해당사항 없음";"해당사항 없음"
99;"19";"세종";"벤츠";"The New S-Class";"대형";"디젤";15400;177.06;34.93;100.0;11.58;"해당사항 없음";"해당사항 없음"
99;"18";"울산";"벤츠";"The New S-Class";"대형";"디젤";15400;175.62;36.07;100.0;11.58;"해당사항 없음";"해당사항 없음"
98;"18";"울산";"벤츠";"The New S-Class";"대형";"가솔린";15400;176.69;35.2;100.0;11.58;"해당사항 없음";"해당사항 없음"
99;"02";"경기";"벤츠";"The New S-Class";"대형";"디젤";15400;176.75;35.09;100.0;11.58;"해당사항 없음";"해당사항 없음"
98;"02";"경기";"벤츠";"The New S-Class";"대형";"가솔린";15400;178.36;33.76;100.0;11.58;"해당사항 없음";"해당사항 없음"
99;"01";"서울";"벤츠";"The New S-Class";"대형";"디젤";15400;181.39;31.59;100.0;11.58;"해당사항 없음";"해당사항 없음"
98;"01";"서울";"벤츠";"The New S-Class";"대형";"가솔린";15400;183.11;30.52;100.0;11.58;"해당사항 없음";"해당사항 없음"
99;"03";"강원";"벤츠";"The New S-Class";"대형";"디젤";15400;178.86;33.37;100.0;11.58;"해당사항 없음";"해당사항 없음"
98;"03";"강원";"벤츠";"The New S-Class";"대형";"가솔린";15400;179.79;32.54;100.0;11.58;"해당사항 없음";"해당사항 없음"
99;"14";"대구";"벤츠";"The New S-Class";"대형";"디젤";15400;174.55;36.77;100.0;11.58;"해당사항 없음";"해당사항 없음"
98;"14";"대구";"벤츠";"The New S-Class";"대형";"가솔린";15400;176.01;35.7;100.0;11.58;"해당사항 없음";"해당사항 없음"
99;"10";"부산";"벤츠";"The New S-Class";"대형";"디젤";15400;175.43;36.25;100.0;11.58;"해당사항 없음";"해당사항 없음"
98;"10";"부산";"벤츠";"The New S-Class";"대형";"가솔린";15400;177.08;34.89;100.0;11.58;"해당사항 없음";"해당사항 없음"
99;"17";"대전";"벤츠";"The New S-Class";"대형";"디젤";15400;175.47;36.17;100.0;11.58;"해당사항 없음";"해당사항 없음"
98;"17";"대전";"벤츠";"The New S-Class";"대형";"가솔린";15400;176.59;35.36;100.0;11.58;"해당사항 없음";"해당사항 없음"
99;"06";"전북";"벤츠";"The New S-Class";"대형";"디젤";15400;177.59;34.41;100.0;11.58;"해당사항 없음";"해당사항 없음"
98;"06";"전북";"벤츠";"The New S-Class";"대형";"가솔린";15400;178.82;33.43;100.0;11.58;"해당사항 없음";"해당사항 없음"
98;"05";"충남";"벤츠";"The New S-Class";"대형";"가솔린";15400;179.28;32.89;100.0;11.58;"해당사항 없음";"해당사항 없음"
99;"05";"충남";"벤츠";"The New S-Class";"대형";"디젤";15400;177.95;34.2;100.0;11.58;"해당사항 없음";"해당사항 없음"
99;"04";"충북";"벤츠";"The New S-Class";"대형";"디젤";15400;178.0;34.06;100.0;11.58;"해당사항 없음";"해당사항 없음"
98;"04";"충북";"벤츠";"The New S-Class";"대형";"가솔린";15400;179.39;32.81;100.0;11.58;"해당사항 없음";"해당사항 없음"
99;"08";"경북";"벤츠";"The New S-Class";"대형";"디젤";15400;176.8;35.03;100.0;11.58;"해당사항 없음";"해당사항 없음"
98;"08";"경북";"벤츠";"The New S-Class";"대형";"가솔린";15400;178.15;34.0;100.0;11.58;"해당사항 없음";"해당사항 없음"
98;"09";"경남";"벤츠";"The New S-Class";"대형";"가솔린";15400;178.17;33.94;100.0;11.58;"해당사항 없음";"해당사항 없음"
99;"09";"경남";"벤츠";"The New S-Class";"대형";"디젤";15400;176.64;35.26;100.0;11.58;"해당사항 없음";"해당사항 없음"
99;"20";"전남광주";"벤츠";"The New S-Class";"대형";"디젤";15400;177.93;34.28;100.0;11.58;"해당사항 없음";"해당사항 없음"
98;"20";"전남광주";"벤츠";"The New S-Class";"대형";"가솔린";15400;179.07;33.11;100.0;11.58;"해당사항 없음";"해당사항 없음"
255;"17";"대전";"벤츠";"SL-Class";"스포츠카";"가솔린";15700;243.25;8.1;100.0;10.93;"해당사항 없음";"해당사항 없음"
255;"06";"전북";"벤츠";"SL-Class";"스포츠카";"가솔린";15700;246.32;7.75;100.0;10.93;"해당사항 없음";"해당사항 없음"
255;"05";"충남";"벤츠";"SL-Class";"스포츠카";"가솔린";15700;246.95;7.65;100.0;10.93;"해당사항 없음";"해당사항 없음"
255;"04";"충북";"벤츠";"SL-Class";"스포츠카";"가솔린";15700;247.1;7.63;100.0;10.93;"해당사항 없음";"해당사항 없음"
255;"08";"경북";"벤츠";"SL-Class";"스포츠카";"가솔린";15700;245.39;7.87;100.0;10.93;"해당사항 없음";"해당사항 없음"
255;"09";"경남";"벤츠";"SL-Class";"스포츠카";"가솔린";15700;245.42;7.85;100.0;10.93;"해당사항 없음";"해당사항 없음"
255;"20";"전남광주";"벤츠";"SL-Class";"스포츠카";"가솔린";15700;246.66;7.69;100.0;10.93;"해당사항 없음";"해당사항 없음"
255;"15";"인천";"벤츠";"SL-Class";"스포츠카";"가솔린";15700;244.46;7.91;100.0;10.93;"해당사항 없음";"해당사항 없음"
255;"11";"제주";"벤츠";"SL-Class";"스포츠카";"가솔린";15700;250.15;7.39;100.0;10.93;"해당사항 없음";"해당사항 없음"
255;"19";"세종";"벤츠";"SL-Class";"스포츠카";"가솔린";15700;245.75;7.77;100.0;10.93;"해당사항 없음";"해당사항 없음"
255;"18";"울산";"벤츠";"SL-Class";"스포츠카";"가솔린";15700;243.38;8.08;100.0;10.93;"해당사항 없음";"해당사항 없음"
255;"02";"경기";"벤츠";"SL-Class";"스포츠카";"가솔린";15700;245.69;7.83;100.0;10.93;"해당사항 없음";"해당사항 없음"
255;"01";"서울";"벤츠";"SL-Class";"스포츠카";"가솔린";15700;252.23;7.31;100.0;10.93;"해당사항 없음";"해당사항 없음"
255;"03";"강원";"벤츠";"SL-Class";"스포츠카";"가솔린";15700;247.66;7.57;100.0;10.93;"해당사항 없음";"해당사항 없음"
255;"14";"대구";"벤츠";"SL-Class";"스포츠카";"가솔린";15700;242.45;8.2;100.0;10.93;"해당사항 없음";"해당사항 없음"
255;"10";"부산";"벤츠";"SL-Class";"스포츠카";"가솔린";15700;243.92;7.98;100.0;10.93;"해당사항 없음";"해당사항 없음"
216;"19";"세종";"BMW";"M5";"스포츠카";"하이브리드";16320;152.08;49.12;100.0;10.61;"해당사항 없음";"해당사항 없음"
216;"18";"울산";"BMW";"M5";"스포츠카";"하이브리드";16320;150.62;51.49;100.0;10.61;"해당사항 없음";"해당사항 없음"
216;"02";"경기";"BMW";"M5";"스포츠카";"하이브리드";16320;152.05;49.14;100.0;10.61;"해당사항 없음";"해당사항 없음"
216;"01";"서울";"BMW";"M5";"스포츠카";"하이브리드";16320;156.09;46.65;100.0;10.61;"해당사항 없음";"해당사항 없음"
216;"03";"강원";"BMW";"M5";"스포츠카";"하이브리드";16320;153.27;48.41;100.0;10.61;"해당사항 없음";"해당사항 없음"
216;"14";"대구";"BMW";"M5";"스포츠카";"하이브리드";16320;150.04;52.38;100.0;10.61;"해당사항 없음";"해당사항 없음"
216;"10";"부산";"BMW";"M5";"스포츠카";"하이브리드";16320;150.95;50.78;100.0;10.61;"해당사항 없음";"해당사항 없음"
216;"17";"대전";"BMW";"M5";"스포츠카";"하이브리드";16320;150.54;51.63;100.0;10.61;"해당사항 없음";"해당사항 없음"
216;"06";"전북";"BMW";"M5";"스포츠카";"하이브리드";16320;152.43;48.84;100.0;10.61;"해당사항 없음";"해당사항 없음"
216;"05";"충남";"BMW";"M5";"스포츠카";"하이브리드";16320;152.83;48.65;100.0;10.61;"해당사항 없음";"해당사항 없음"
216;"04";"충북";"BMW";"M5";"스포츠카";"하이브리드";16320;152.92;48.63;100.0;10.61;"해당사항 없음";"해당사항 없음"
216;"08";"경북";"BMW";"M5";"스포츠카";"하이브리드";16320;151.86;49.44;100.0;10.61;"해당사항 없음";"해당사항 없음"
216;"09";"경남";"BMW";"M5";"스포츠카";"하이브리드";16320;151.88;49.42;100.0;10.61;"해당사항 없음";"해당사항 없음"
216;"20";"전남광주";"BMW";"M5";"스포츠카";"하이브리드";16320;152.65;48.71;100.0;10.61;"해당사항 없음";"해당사항 없음"
216;"15";"인천";"BMW";"M5";"스포츠카";"하이브리드";16320;151.28;50.23;100.0;10.61;"해당사항 없음";"해당사항 없음"
216;"11";"제주";"BMW";"M5";"스포츠카";"하이브리드";16320;154.8;47.56;100.0;10.61;"해당사항 없음";"해당사항 없음"
237;"15";"인천";"렉서스";"LX";"대형MPV";"하이브리드";16740;230.71;11.23;100.0;10.28;"해당사항 없음";"해당사항 없음"
237;"11";"제주";"렉서스";"LX";"대형MPV";"하이브리드";16740;236.08;9.49;100.0;10.28;"해당사항 없음";"해당사항 없음"
237;"19";"세종";"렉서스";"LX";"대형MPV";"하이브리드";16740;231.93;10.81;100.0;10.28;"해당사항 없음";"해당사항 없음"
237;"18";"울산";"렉서스";"LX";"대형MPV";"하이브리드";16740;229.69;11.6;100.0;10.28;"해당사항 없음";"해당사항 없음"
237;"02";"경기";"렉서스";"LX";"대형MPV";"하이브리드";16740;231.87;10.83;100.0;10.28;"해당사항 없음";"해당사항 없음"
237;"01";"서울";"렉서스";"LX";"대형MPV";"하이브리드";16740;238.04;9.07;100.0;10.28;"해당사항 없음";"해당사항 없음"
237;"03";"강원";"렉서스";"LX";"대형MPV";"하이브리드";16740;233.73;10.2;100.0;10.28;"해당사항 없음";"해당사항 없음"
237;"14";"대구";"렉서스";"LX";"대형MPV";"하이브리드";16740;228.81;11.84;100.0;10.28;"해당사항 없음";"해당사항 없음"
237;"10";"부산";"렉서스";"LX";"대형MPV";"하이브리드";16740;230.2;11.35;100.0;10.28;"해당사항 없음";"해당사항 없음"
237;"17";"대전";"렉서스";"LX";"대형MPV";"하이브리드";16740;229.57;11.64;100.0;10.28;"해당사항 없음";"해당사항 없음"
237;"06";"전북";"렉서스";"LX";"대형MPV";"하이브리드";16740;232.46;10.69;100.0;10.28;"해당사항 없음";"해당사항 없음"
237;"05";"충남";"렉서스";"LX";"대형MPV";"하이브리드";16740;233.06;10.4;100.0;10.28;"해당사항 없음";"해당사항 없음"
237;"04";"충북";"렉서스";"LX";"대형MPV";"하이브리드";16740;233.2;10.28;100.0;10.28;"해당사항 없음";"해당사항 없음"
237;"08";"경북";"렉서스";"LX";"대형MPV";"하이브리드";16740;231.59;10.99;100.0;10.28;"해당사항 없음";"해당사항 없음"
237;"09";"경남";"렉서스";"LX";"대형MPV";"하이브리드";16740;231.62;10.95;100.0;10.28;"해당사항 없음";"해당사항 없음"
237;"20";"전남광주";"렉서스";"LX";"대형MPV";"하이브리드";16740;232.79;10.46;100.0;10.28;"해당사항 없음";"해당사항 없음"
269;"17";"대전";"BMW";"X5 M";"대형SUV";"가솔린";16860;266.17;6.68;100.0;9.96;"해당사항 없음";"해당사항 없음"
269;"06";"전북";"BMW";"X5 M";"대형SUV";"가솔린";16860;269.52;6.44;100.0;9.96;"해당사항 없음";"해당사항 없음"
269;"05";"충남";"BMW";"X5 M";"대형SUV";"가솔린";16860;270.22;6.36;100.0;9.96;"해당사항 없음";"해당사항 없음"
269;"04";"충북";"BMW";"X5 M";"대형SUV";"가솔린";16860;270.38;6.32;100.0;9.96;"해당사항 없음";"해당사항 없음"
269;"08";"경북";"BMW";"X5 M";"대형SUV";"가솔린";16860;268.51;6.54;100.0;9.96;"해당사항 없음";"해당사항 없음"
269;"09";"경남";"BMW";"X5 M";"대형SUV";"가솔린";16860;268.54;6.52;100.0;9.96;"해당사항 없음";"해당사항 없음"
269;"20";"전남광주";"BMW";"X5 M";"대형SUV";"가솔린";16860;269.9;6.4;100.0;9.96;"해당사항 없음";"해당사항 없음"
269;"15";"인천";"BMW";"X5 M";"대형SUV";"가솔린";16860;267.49;6.56;100.0;9.96;"해당사항 없음";"해당사항 없음"
269;"11";"제주";"BMW";"X5 M";"대형SUV";"가솔린";16860;273.71;6.11;100.0;9.96;"해당사항 없음";"해당사항 없음"
269;"19";"세종";"BMW";"X5 M";"대형SUV";"가솔린";16860;268.9;6.48;100.0;9.96;"해당사항 없음";"해당사항 없음"
269;"18";"울산";"BMW";"X5 M";"대형SUV";"가솔린";16860;266.31;6.66;100.0;9.96;"해당사항 없음";"해당사항 없음"
269;"02";"경기";"BMW";"X5 M";"대형SUV";"가솔린";16860;268.84;6.5;100.0;9.96;"해당사항 없음";"해당사항 없음"
269;"01";"서울";"BMW";"X5 M";"대형SUV";"가솔린";16860;275.99;6.01;100.0;9.96;"해당사항 없음";"해당사항 없음"
269;"03";"강원";"BMW";"X5 M";"대형SUV";"가솔린";16860;270.99;6.28;100.0;9.96;"해당사항 없음";"해당사항 없음"
269;"14";"대구";"BMW";"X5 M";"대형SUV";"가솔린";16860;265.29;6.74;100.0;9.96;"해당사항 없음";"해당사항 없음"
269;"10";"부산";"BMW";"X5 M";"대형SUV";"가솔린";16860;266.9;6.6;100.0;9.96;"해당사항 없음";"해당사항 없음"
243;"19";"세종";"아우디";"The new e-tron GT";"준대형";"전기(배터리)";17012;98.59;76.54;95.0;9.63;"충전기당 전기차 수 : 0.88";"현재 지자체의 예산이 소진되어 지원금을 받을 수 없습니다"
243;"01";"서울";"아우디";"The new e-tron GT";"준대형";"전기(배터리)";17012;98.59;76.54;78.11;9.63;"충전기당 전기차 수 : 1.13";"현재 지자체의 예산이 소진되어 지원금을 받을 수 없습니다"
243;"14";"대구";"아우디";"The new e-tron GT";"준대형";"전기(배터리)";17012;98.59;76.54;66.84;9.63;"충전기당 전기차 수 : 1.42";"현재 지자체의 예산이 소진되어 지원금을 받을 수 없습니다"
243;"10";"부산";"아우디";"The new e-tron GT";"준대형";"전기(배터리)";17012;98.59;76.54;61.21;9.63;"충전기당 전기차 수 : 1.42";"현재 지자체의 예산이 소진되어 지원금을 받을 수 없습니다"
243;"15";"인천";"아우디";"The new e-tron GT";"준대형";"전기(배터리)";17012;98.59;76.54;16.16;9.63;"충전기당 전기차 수 : 1.75";"현재 지자체의 예산이 소진되어 지원금을 받을 수 없습니다"
243;"11";"제주";"아우디";"The new e-tron GT";"준대형";"전기(배터리)";17012;98.59;76.54;10.53;9.63;"충전기당 전기차 수 : 5.83";"현재 지자체의 예산이 소진되어 지원금을 받을 수 없습니다"
271;"15";"인천";"BMW";"X6 M";"대형SUV";"가솔린";17920;263.67;6.86;100.0;9.51;"해당사항 없음";"해당사항 없음"
271;"11";"제주";"BMW";"X6 M";"대형SUV";"가솔린";17920;269.8;6.42;100.0;9.51;"해당사항 없음";"해당사항 없음"
271;"17";"대전";"BMW";"X6 M";"대형SUV";"가솔린";17920;262.36;6.92;100.0;9.51;"해당사항 없음";"해당사항 없음"
271;"06";"전북";"BMW";"X6 M";"대형SUV";"가솔린";17920;265.67;6.72;100.0;9.51;"해당사항 없음";"해당사항 없음"
271;"05";"충남";"BMW";"X6 M";"대형SUV";"가솔린";17920;266.36;6.64;100.0;9.51;"해당사항 없음";"해당사항 없음"
271;"04";"충북";"BMW";"X6 M";"대형SUV";"가솔린";17920;266.52;6.62;100.0;9.51;"해당사항 없음";"해당사항 없음"
271;"08";"경북";"BMW";"X6 M";"대형SUV";"가솔린";17920;264.67;6.82;100.0;9.51;"해당사항 없음";"해당사항 없음"
271;"09";"경남";"BMW";"X6 M";"대형SUV";"가솔린";17920;264.71;6.8;100.0;9.51;"해당사항 없음";"해당사항 없음"
271;"20";"전남광주";"BMW";"X6 M";"대형SUV";"가솔린";17920;266.04;6.7;100.0;9.51;"해당사항 없음";"해당사항 없음"
271;"19";"세종";"BMW";"X6 M";"대형SUV";"가솔린";17920;265.06;6.76;100.0;9.51;"해당사항 없음";"해당사항 없음"
271;"18";"울산";"BMW";"X6 M";"대형SUV";"가솔린";17920;262.51;6.9;100.0;9.51;"해당사항 없음";"해당사항 없음"
271;"02";"경기";"BMW";"X6 M";"대형SUV";"가솔린";17920;265.0;6.78;100.0;9.51;"해당사항 없음";"해당사항 없음"
271;"01";"서울";"BMW";"X6 M";"대형SUV";"가솔린";17920;272.04;6.23;100.0;9.51;"해당사항 없음";"해당사항 없음"
271;"03";"강원";"BMW";"X6 M";"대형SUV";"가솔린";17920;267.12;6.58;100.0;9.51;"해당사항 없음";"해당사항 없음"
271;"14";"대구";"BMW";"X6 M";"대형SUV";"가솔린";17920;261.5;6.96;100.0;9.51;"해당사항 없음";"해당사항 없음"
271;"10";"부산";"BMW";"X6 M";"대형SUV";"가솔린";17920;263.09;6.88;100.0;9.51;"해당사항 없음";"해당사항 없음"
267;"20";"전남광주";"벤츠";"Electric G-Class";"대형SUV";"전기(배터리)";21610;116.67;72.74;21.79;9.19;"충전기당 전기차 수 : 1.65";"2300"
267;"05";"충남";"벤츠";"Electric G-Class";"대형SUV";"전기(배터리)";21610;116.67;72.74;44.32;9.17;"충전기당 전기차 수 : 1.48";"2200"
267;"04";"충북";"벤츠";"Electric G-Class";"대형SUV";"전기(배터리)";21610;116.67;72.74;38.69;9.17;"충전기당 전기차 수 : 1.52";"2200"
154;"15";"인천";"벤츠";"G-Class";"대형SUV";"디젤";19490;231.57;11.01;100.0;9.13;"해당사항 없음";"해당사항 없음"
153;"15";"인천";"벤츠";"G-Class";"대형SUV";"가솔린";19490;233.63;10.26;100.0;9.13;"해당사항 없음";"해당사항 없음"
154;"11";"제주";"벤츠";"G-Class";"대형SUV";"디젤";19490;236.7;9.27;100.0;9.13;"해당사항 없음";"해당사항 없음"
153;"11";"제주";"벤츠";"G-Class";"대형SUV";"가솔린";19490;239.06;8.91;100.0;9.13;"해당사항 없음";"해당사항 없음"
154;"19";"세종";"벤츠";"G-Class";"대형SUV";"디젤";19490;233.1;10.38;100.0;9.13;"해당사항 없음";"해당사항 없음"
153;"19";"세종";"벤츠";"G-Class";"대형SUV";"가솔린";19490;234.86;9.84;100.0;9.13;"해당사항 없음";"해당사항 없음"
154;"18";"울산";"벤츠";"G-Class";"대형SUV";"디젤";19490;231.2;11.09;100.0;9.13;"해당사항 없음";"해당사항 없음"
153;"18";"울산";"벤츠";"G-Class";"대형SUV";"가솔린";19490;232.6;10.59;100.0;9.13;"해당사항 없음";"해당사항 없음"
154;"02";"경기";"벤츠";"G-Class";"대형SUV";"디젤";19490;232.69;10.53;100.0;9.13;"해당사항 없음";"해당사항 없음"
153;"02";"경기";"벤츠";"G-Class";"대형SUV";"가솔린";19490;234.81;9.9;100.0;9.13;"해당사항 없음";"해당사항 없음"
154;"01";"서울";"벤츠";"G-Class";"대형SUV";"디젤";19490;238.79;8.95;100.0;9.13;"해당사항 없음";"해당사항 없음"
153;"01";"서울";"벤츠";"G-Class";"대형SUV";"가솔린";19490;241.05;8.44;100.0;9.13;"해당사항 없음";"해당사항 없음"
154;"03";"강원";"벤츠";"G-Class";"대형SUV";"디젤";19490;235.47;9.65;100.0;9.13;"해당사항 없음";"해당사항 없음"
153;"03";"강원";"벤츠";"G-Class";"대형SUV";"가솔린";19490;236.69;9.33;100.0;9.13;"해당사항 없음";"해당사항 없음"
154;"14";"대구";"벤츠";"G-Class";"대형SUV";"디젤";19490;229.79;11.56;100.0;9.13;"해당사항 없음";"해당사항 없음"
153;"14";"대구";"벤츠";"G-Class";"대형SUV";"가솔린";19490;231.71;10.91;100.0;9.13;"해당사항 없음";"해당사항 없음"
154;"10";"부산";"벤츠";"G-Class";"대형SUV";"디젤";19490;230.94;11.19;100.0;9.13;"해당사항 없음";"해당사항 없음"
153;"10";"부산";"벤츠";"G-Class";"대형SUV";"가솔린";19490;233.12;10.36;100.0;9.13;"해당사항 없음";"해당사항 없음"
154;"17";"대전";"벤츠";"G-Class";"대형SUV";"디젤";19490;231.0;11.17;100.0;9.13;"해당사항 없음";"해당사항 없음"
153;"17";"대전";"벤츠";"G-Class";"대형SUV";"가솔린";19490;232.47;10.67;100.0;9.13;"해당사항 없음";"해당사항 없음"
154;"06";"전북";"벤츠";"G-Class";"대형SUV";"디젤";19490;233.78;10.18;100.0;9.13;"해당사항 없음";"해당사항 없음"
153;"06";"전북";"벤츠";"G-Class";"대형SUV";"가솔린";19490;235.41;9.74;100.0;9.13;"해당사항 없음";"해당사항 없음"
154;"05";"충남";"벤츠";"G-Class";"대형SUV";"디젤";19490;234.26;10.12;100.0;9.13;"해당사항 없음";"해당사항 없음"
153;"05";"충남";"벤츠";"G-Class";"대형SUV";"가솔린";19490;236.01;9.55;100.0;9.13;"해당사항 없음";"해당사항 없음"
154;"04";"충북";"벤츠";"G-Class";"대형SUV";"디젤";19490;234.34;10.1;100.0;9.13;"해당사항 없음";"해당사항 없음"
153;"04";"충북";"벤츠";"G-Class";"대형SUV";"가솔린";19490;236.15;9.45;100.0;9.13;"해당사항 없음";"해당사항 없음"
154;"08";"경북";"벤츠";"G-Class";"대형SUV";"디젤";19490;232.75;10.5;100.0;9.13;"해당사항 없음";"해당사항 없음"
153;"08";"경북";"벤츠";"G-Class";"대형SUV";"가솔린";19490;234.52;10.06;100.0;9.13;"해당사항 없음";"해당사항 없음"
154;"09";"경남";"벤츠";"G-Class";"대형SUV";"디젤";19490;232.54;10.61;100.0;9.13;"해당사항 없음";"해당사항 없음"
153;"09";"경남";"벤츠";"G-Class";"대형SUV";"가솔린";19490;234.55;10.0;100.0;9.13;"해당사항 없음";"해당사항 없음"
154;"20";"전남광주";"벤츠";"G-Class";"대형SUV";"디젤";19490;234.24;10.14;100.0;9.13;"해당사항 없음";"해당사항 없음"
153;"20";"전남광주";"벤츠";"G-Class";"대형SUV";"가솔린";19490;235.73;9.61;100.0;9.13;"해당사항 없음";"해당사항 없음"
267;"08";"경북";"벤츠";"Electric G-Class";"대형SUV";"전기(배터리)";21610;116.67;72.74;33.06;8.48;"충전기당 전기차 수 : 1.58";"2100"
267;"09";"경남";"벤츠";"Electric G-Class";"대형SUV";"전기(배터리)";21610;116.67;72.74;27.43;8.48;"충전기당 전기차 수 : 1.64";"2100"
267;"03";"강원";"벤츠";"Electric G-Class";"대형SUV";"전기(배터리)";21610;116.67;72.74;72.48;8.44;"충전기당 전기차 수 : 1.22";"2040"
267;"17";"대전";"벤츠";"Electric G-Class";"대형SUV";"전기(배터리)";21610;116.67;72.74;55.58;8.42;"충전기당 전기차 수 : 1.45";"1900"
267;"06";"전북";"벤츠";"Electric G-Class";"대형SUV";"전기(배터리)";21610;116.67;72.74;49.95;8.4;"충전기당 전기차 수 : 1.46";"1800"
267;"18";"울산";"벤츠";"Electric G-Class";"대형SUV";"전기(배터리)";21610;116.67;72.74;89.37;8.38;"충전기당 전기차 수 : 0.96";"1700"
267;"02";"경기";"벤츠";"Electric G-Class";"대형SUV";"전기(배터리)";21610;116.67;72.74;83.74;8.38;"충전기당 전기차 수 : 1.01";"1700"
239;"15";"인천";"BMW";"XM";"대형SUV";"하이브리드";21140;184.57;30.1;100.0;8.34;"해당사항 없음";"해당사항 없음"
239;"11";"제주";"BMW";"XM";"대형SUV";"하이브리드";21140;188.86;28.72;100.0;8.34;"해당사항 없음";"해당사항 없음"
239;"17";"대전";"BMW";"XM";"대형SUV";"하이브리드";21140;183.66;30.34;100.0;8.34;"해당사항 없음";"해당사항 없음"
239;"06";"전북";"BMW";"XM";"대형SUV";"하이브리드";21140;185.97;29.65;100.0;8.34;"해당사항 없음";"해당사항 없음"
239;"05";"충남";"BMW";"XM";"대형SUV";"하이브리드";21140;186.45;29.57;100.0;8.34;"해당사항 없음";"해당사항 없음"
239;"04";"충북";"BMW";"XM";"대형SUV";"하이브리드";21140;186.56;29.49;100.0;8.34;"해당사항 없음";"해당사항 없음"
239;"08";"경북";"BMW";"XM";"대형SUV";"하이브리드";21140;185.27;29.89;100.0;8.34;"해당사항 없음";"해당사항 없음"
239;"09";"경남";"BMW";"XM";"대형SUV";"하이브리드";21140;185.29;29.85;100.0;8.34;"해당사항 없음";"해당사항 없음"
239;"20";"전남광주";"BMW";"XM";"대형SUV";"하이브리드";21140;186.23;29.61;100.0;8.34;"해당사항 없음";"해당사항 없음"
239;"19";"세종";"BMW";"XM";"대형SUV";"하이브리드";21140;185.54;29.77;100.0;8.34;"해당사항 없음";"해당사항 없음"
239;"18";"울산";"BMW";"XM";"대형SUV";"하이브리드";21140;183.75;30.28;100.0;8.34;"해당사항 없음";"해당사항 없음"
239;"02";"경기";"BMW";"XM";"대형SUV";"하이브리드";21140;185.5;29.81;100.0;8.34;"해당사항 없음";"해당사항 없음"
239;"01";"서울";"BMW";"XM";"대형SUV";"하이브리드";21140;190.43;28.03;100.0;8.34;"해당사항 없음";"해당사항 없음"
239;"03";"강원";"BMW";"XM";"대형SUV";"하이브리드";21140;186.99;29.33;100.0;8.34;"해당사항 없음";"해당사항 없음"
239;"14";"대구";"BMW";"XM";"대형SUV";"하이브리드";21140;183.05;30.54;100.0;8.34;"해당사항 없음";"해당사항 없음"
239;"10";"부산";"BMW";"XM";"대형SUV";"하이브리드";21140;184.16;30.2;100.0;8.34;"해당사항 없음";"해당사항 없음"
272;"20";"전남광주";"벤츠";"Maybach EQS SUV";"대형SUV";"전기(배터리)";23500;101.45;75.57;21.79;8.02;"충전기당 전기차 수 : 1.65";"2300"
272;"05";"충남";"벤츠";"Maybach EQS SUV";"대형SUV";"전기(배터리)";23500;101.45;75.57;44.32;8.0;"충전기당 전기차 수 : 1.48";"2200"
272;"04";"충북";"벤츠";"Maybach EQS SUV";"대형SUV";"전기(배터리)";23500;101.45;75.57;38.69;8.0;"충전기당 전기차 수 : 1.52";"2200"
272;"08";"경북";"벤츠";"Maybach EQS SUV";"대형SUV";"전기(배터리)";23500;101.45;75.57;33.06;7.95;"충전기당 전기차 수 : 1.58";"2100"
272;"09";"경남";"벤츠";"Maybach EQS SUV";"대형SUV";"전기(배터리)";23500;101.45;75.57;27.43;7.95;"충전기당 전기차 수 : 1.64";"2100"
272;"03";"강원";"벤츠";"Maybach EQS SUV";"대형SUV";"전기(배터리)";23500;101.45;75.57;72.48;7.91;"충전기당 전기차 수 : 1.22";"2040"
272;"17";"대전";"벤츠";"Maybach EQS SUV";"대형SUV";"전기(배터리)";23500;101.45;75.57;55.58;7.89;"충전기당 전기차 수 : 1.45";"1900"
267;"19";"세종";"벤츠";"Electric G-Class";"대형SUV";"전기(배터리)";21610;116.67;72.74;95.0;7.87;"충전기당 전기차 수 : 0.88";"현재 지자체의 예산이 소진되어 지원금을 받을 수 없습니다"
267;"01";"서울";"벤츠";"Electric G-Class";"대형SUV";"전기(배터리)";21610;116.67;72.74;78.11;7.87;"충전기당 전기차 수 : 1.13";"현재 지자체의 예산이 소진되어 지원금을 받을 수 없습니다"
267;"14";"대구";"벤츠";"Electric G-Class";"대형SUV";"전기(배터리)";21610;116.67;72.74;66.84;7.87;"충전기당 전기차 수 : 1.42";"현재 지자체의 예산이 소진되어 지원금을 받을 수 없습니다"
267;"10";"부산";"벤츠";"Electric G-Class";"대형SUV";"전기(배터리)";21610;116.67;72.74;61.21;7.87;"충전기당 전기차 수 : 1.42";"현재 지자체의 예산이 소진되어 지원금을 받을 수 없습니다"
267;"15";"인천";"벤츠";"Electric G-Class";"대형SUV";"전기(배터리)";21610;116.67;72.74;16.16;7.87;"충전기당 전기차 수 : 1.75";"현재 지자체의 예산이 소진되어 지원금을 받을 수 없습니다"
267;"11";"제주";"벤츠";"Electric G-Class";"대형SUV";"전기(배터리)";21610;116.67;72.74;10.53;7.87;"충전기당 전기차 수 : 5.83";"현재 지자체의 예산이 소진되어 지원금을 받을 수 없습니다"
272;"06";"전북";"벤츠";"Maybach EQS SUV";"대형SUV";"전기(배터리)";23500;101.45;75.57;49.95;7.75;"충전기당 전기차 수 : 1.46";"1800"
272;"18";"울산";"벤츠";"Maybach EQS SUV";"대형SUV";"전기(배터리)";23500;101.45;75.57;89.37;7.73;"충전기당 전기차 수 : 0.96";"1700"
272;"02";"경기";"벤츠";"Maybach EQS SUV";"대형SUV";"전기(배터리)";23500;101.45;75.57;83.74;7.73;"충전기당 전기차 수 : 1.01";"1700"
272;"19";"세종";"벤츠";"Maybach EQS SUV";"대형SUV";"전기(배터리)";23500;101.45;75.57;95.0;7.69;"충전기당 전기차 수 : 0.88";"현재 지자체의 예산이 소진되어 지원금을 받을 수 없습니다"
272;"01";"서울";"벤츠";"Maybach EQS SUV";"대형SUV";"전기(배터리)";23500;101.45;75.57;78.11;7.69;"충전기당 전기차 수 : 1.13";"현재 지자체의 예산이 소진되어 지원금을 받을 수 없습니다"
272;"14";"대구";"벤츠";"Maybach EQS SUV";"대형SUV";"전기(배터리)";23500;101.45;75.57;66.84;7.69;"충전기당 전기차 수 : 1.42";"현재 지자체의 예산이 소진되어 지원금을 받을 수 없습니다"
272;"10";"부산";"벤츠";"Maybach EQS SUV";"대형SUV";"전기(배터리)";23500;101.45;75.57;61.21;7.69;"충전기당 전기차 수 : 1.42";"현재 지자체의 예산이 소진되어 지원금을 받을 수 없습니다"
272;"15";"인천";"벤츠";"Maybach EQS SUV";"대형SUV";"전기(배터리)";23500;101.45;75.57;16.16;7.69;"충전기당 전기차 수 : 1.75";"현재 지자체의 예산이 소진되어 지원금을 받을 수 없습니다"
272;"11";"제주";"벤츠";"Maybach EQS SUV";"대형SUV";"전기(배터리)";23500;101.45;75.57;10.53;7.69;"충전기당 전기차 수 : 5.83";"현재 지자체의 예산이 소진되어 지원금을 받을 수 없습니다"
186;"15";"인천";"랜드로버";"Range Rover";"대형SUV";"디젤";24970;216.5;18.74;100.0;7.57;"해당사항 없음";"해당사항 없음"
184;"15";"인천";"랜드로버";"Range Rover";"대형SUV";"가솔린";24970;218.42;17.3;100.0;7.57;"해당사항 없음";"해당사항 없음"
185;"15";"인천";"랜드로버";"Range Rover";"대형SUV";"하이브리드";24970;218.42;17.3;100.0;7.57;"해당사항 없음";"해당사항 없음"
186;"11";"제주";"랜드로버";"Range Rover";"대형SUV";"디젤";24970;221.29;15.1;100.0;7.57;"해당사항 없음";"해당사항 없음"
184;"11";"제주";"랜드로버";"Range Rover";"대형SUV";"가솔린";24970;223.5;13.84;100.0;7.57;"해당사항 없음";"해당사항 없음"
185;"11";"제주";"랜드로버";"Range Rover";"대형SUV";"하이브리드";24970;223.5;13.84;100.0;7.57;"해당사항 없음";"해당사항 없음"
186;"19";"세종";"랜드로버";"Range Rover";"대형SUV";"디젤";24970;217.93;17.79;100.0;7.57;"해당사항 없음";"해당사항 없음"
184;"19";"세종";"랜드로버";"Range Rover";"대형SUV";"가솔린";24970;219.58;16.29;100.0;7.57;"해당사항 없음";"해당사항 없음"
185;"19";"세종";"랜드로버";"Range Rover";"대형SUV";"하이브리드";24970;219.58;16.29;100.0;7.57;"해당사항 없음";"해당사항 없음"
186;"18";"울산";"랜드로버";"Range Rover";"대형SUV";"디젤";24970;216.15;18.96;100.0;7.57;"해당사항 없음";"해당사항 없음"
184;"18";"울산";"랜드로버";"Range Rover";"대형SUV";"가솔린";24970;217.46;18.15;100.0;7.57;"해당사항 없음";"해당사항 없음"
185;"18";"울산";"랜드로버";"Range Rover";"대형SUV";"하이브리드";24970;217.46;18.15;100.0;7.57;"해당사항 없음";"해당사항 없음"
186;"02";"경기";"랜드로버";"Range Rover";"대형SUV";"디젤";24970;217.54;18.05;100.0;7.57;"해당사항 없음";"해당사항 없음"
184;"02";"경기";"랜드로버";"Range Rover";"대형SUV";"가솔린";24970;219.53;16.37;100.0;7.57;"해당사항 없음";"해당사항 없음"
185;"02";"경기";"랜드로버";"Range Rover";"대형SUV";"하이브리드";24970;219.53;16.37;100.0;7.57;"해당사항 없음";"해당사항 없음"
186;"01";"서울";"랜드로버";"Range Rover";"대형SUV";"디젤";24970;223.25;14.07;100.0;7.57;"해당사항 없음";"해당사항 없음"
184;"01";"서울";"랜드로버";"Range Rover";"대형SUV";"가솔린";24970;225.36;12.97;100.0;7.57;"해당사항 없음";"해당사항 없음"
185;"01";"서울";"랜드로버";"Range Rover";"대형SUV";"하이브리드";24970;225.36;12.97;100.0;7.57;"해당사항 없음";"해당사항 없음"
186;"03";"강원";"랜드로버";"Range Rover";"대형SUV";"디젤";24970;220.14;15.91;100.0;7.57;"해당사항 없음";"해당사항 없음"
184;"03";"강원";"랜드로버";"Range Rover";"대형SUV";"가솔린";24970;221.28;15.18;100.0;7.57;"해당사항 없음";"해당사항 없음"
185;"03";"강원";"랜드로버";"Range Rover";"대형SUV";"하이브리드";24970;221.28;15.18;100.0;7.57;"해당사항 없음";"해당사항 없음"
186;"14";"대구";"랜드로버";"Range Rover";"대형SUV";"디젤";24970;214.83;19.81;100.0;7.57;"해당사항 없음";"해당사항 없음"
184;"14";"대구";"랜드로버";"Range Rover";"대형SUV";"가솔린";24970;216.63;18.66;100.0;7.57;"해당사항 없음";"해당사항 없음"
185;"14";"대구";"랜드로버";"Range Rover";"대형SUV";"하이브리드";24970;216.63;18.66;100.0;7.57;"해당사항 없음";"해당사항 없음"
186;"10";"부산";"랜드로버";"Range Rover";"대형SUV";"디젤";24970;215.91;19.15;100.0;7.57;"해당사항 없음";"해당사항 없음"
184;"10";"부산";"랜드로버";"Range Rover";"대형SUV";"가솔린";24970;217.94;17.73;100.0;7.57;"해당사항 없음";"해당사항 없음"
185;"10";"부산";"랜드로버";"Range Rover";"대형SUV";"하이브리드";24970;217.94;17.73;100.0;7.57;"해당사항 없음";"해당사항 없음"
186;"17";"대전";"랜드로버";"Range Rover";"대형SUV";"디젤";24970;215.96;19.09;100.0;7.57;"해당사항 없음";"해당사항 없음"
184;"17";"대전";"랜드로버";"Range Rover";"대형SUV";"가솔린";24970;217.34;18.34;100.0;7.57;"해당사항 없음";"해당사항 없음"
185;"17";"대전";"랜드로버";"Range Rover";"대형SUV";"하이브리드";24970;217.34;18.34;100.0;7.57;"해당사항 없음";"해당사항 없음"
186;"06";"전북";"랜드로버";"Range Rover";"대형SUV";"디젤";24970;218.57;17.22;100.0;7.57;"해당사항 없음";"해당사항 없음"
184;"06";"전북";"랜드로버";"Range Rover";"대형SUV";"가솔린";24970;220.08;15.99;100.0;7.57;"해당사항 없음";"해당사항 없음"
185;"06";"전북";"랜드로버";"Range Rover";"대형SUV";"하이브리드";24970;220.08;15.99;100.0;7.57;"해당사항 없음";"해당사항 없음"
186;"05";"충남";"랜드로버";"Range Rover";"대형SUV";"디젤";24970;219.01;16.92;100.0;7.57;"해당사항 없음";"해당사항 없음"
184;"05";"충남";"랜드로버";"Range Rover";"대형SUV";"가솔린";24970;220.65;15.52;100.0;7.57;"해당사항 없음";"해당사항 없음"
185;"05";"충남";"랜드로버";"Range Rover";"대형SUV";"하이브리드";24970;220.65;15.52;100.0;7.57;"해당사항 없음";"해당사항 없음"
186;"04";"충북";"랜드로버";"Range Rover";"대형SUV";"디젤";24970;219.08;16.86;100.0;7.57;"해당사항 없음";"해당사항 없음"
184;"04";"충북";"랜드로버";"Range Rover";"대형SUV";"가솔린";24970;220.78;15.44;100.0;7.57;"해당사항 없음";"해당사항 없음"
185;"04";"충북";"랜드로버";"Range Rover";"대형SUV";"하이브리드";24970;220.78;15.44;100.0;7.57;"해당사항 없음";"해당사항 없음"
186;"08";"경북";"랜드로버";"Range Rover";"대형SUV";"디젤";24970;217.6;17.99;100.0;7.57;"해당사항 없음";"해당사항 없음"
184;"08";"경북";"랜드로버";"Range Rover";"대형SUV";"가솔린";24970;219.26;16.68;100.0;7.57;"해당사항 없음";"해당사항 없음"
185;"08";"경북";"랜드로버";"Range Rover";"대형SUV";"하이브리드";24970;219.26;16.68;100.0;7.57;"해당사항 없음";"해당사항 없음"
186;"09";"경남";"랜드로버";"Range Rover";"대형SUV";"디젤";24970;217.4;18.26;100.0;7.57;"해당사항 없음";"해당사항 없음"
184;"09";"경남";"랜드로버";"Range Rover";"대형SUV";"가솔린";24970;219.28;16.6;100.0;7.57;"해당사항 없음";"해당사항 없음"
185;"09";"경남";"랜드로버";"Range Rover";"대형SUV";"하이브리드";24970;219.28;16.6;100.0;7.57;"해당사항 없음";"해당사항 없음"
186;"20";"전남광주";"랜드로버";"Range Rover";"대형SUV";"디젤";24970;218.99;16.98;100.0;7.57;"해당사항 없음";"해당사항 없음"
184;"20";"전남광주";"랜드로버";"Range Rover";"대형SUV";"가솔린";24970;220.39;15.79;100.0;7.57;"해당사항 없음";"해당사항 없음"
185;"20";"전남광주";"랜드로버";"Range Rover";"대형SUV";"하이브리드";24970;220.39;15.79;100.0;7.57;"해당사항 없음";"해당사항 없음"
268;"17";"대전";"BMW";"M8";"스포츠카";"가솔린";25180;246.52;7.73;100.0;6.6;"해당사항 없음";"해당사항 없음"
268;"06";"전북";"BMW";"M8";"스포츠카";"가솔린";25180;249.62;7.43;100.0;6.6;"해당사항 없음";"해당사항 없음"
268;"05";"충남";"BMW";"M8";"스포츠카";"가솔린";25180;250.27;7.37;100.0;6.6;"해당사항 없음";"해당사항 없음"
268;"04";"충북";"BMW";"M8";"스포츠카";"가솔린";25180;250.42;7.35;100.0;6.6;"해당사항 없음";"해당사항 없음"
268;"08";"경북";"BMW";"M8";"스포츠카";"가솔린";25180;248.69;7.53;100.0;6.6;"해당사항 없음";"해당사항 없음"
268;"09";"경남";"BMW";"M8";"스포츠카";"가솔린";25180;248.72;7.51;100.0;6.6;"해당사항 없음";"해당사항 없음"
268;"20";"전남광주";"BMW";"M8";"스포츠카";"가솔린";25180;249.97;7.41;100.0;6.6;"해당사항 없음";"해당사항 없음"
268;"15";"인천";"BMW";"M8";"스포츠카";"가솔린";25180;247.74;7.55;100.0;6.6;"해당사항 없음";"해당사항 없음"
268;"11";"제주";"BMW";"M8";"스포츠카";"가솔린";25180;253.5;7.29;100.0;6.6;"해당사항 없음";"해당사항 없음"
268;"19";"세종";"BMW";"M8";"스포츠카";"가솔린";25180;249.05;7.45;100.0;6.6;"해당사항 없음";"해당사항 없음"
268;"18";"울산";"BMW";"M8";"스포츠카";"가솔린";25180;246.65;7.71;100.0;6.6;"해당사항 없음";"해당사항 없음"
268;"02";"경기";"BMW";"M8";"스포츠카";"가솔린";25180;248.99;7.47;100.0;6.6;"해당사항 없음";"해당사항 없음"
268;"01";"서울";"BMW";"M8";"스포츠카";"가솔린";25180;255.61;7.21;100.0;6.6;"해당사항 없음";"해당사항 없음"
268;"03";"강원";"BMW";"M8";"스포츠카";"가솔린";25180;250.99;7.33;100.0;6.6;"해당사항 없음";"해당사항 없음"
268;"14";"대구";"BMW";"M8";"스포츠카";"가솔린";25180;245.71;7.81;100.0;6.6;"해당사항 없음";"해당사항 없음"
268;"10";"부산";"BMW";"M8";"스포츠카";"가솔린";25180;247.2;7.61;100.0;6.6;"해당사항 없음";"해당사항 없음"
248;"19";"세종";"벤츠";"Maybach GLS";"대형SUV";"가솔린";28025;296.87;5.16;100.0;6.28;"해당사항 없음";"해당사항 없음"
248;"18";"울산";"벤츠";"Maybach GLS";"대형SUV";"가솔린";28025;294.01;5.3;100.0;6.28;"해당사항 없음";"해당사항 없음"
248;"02";"경기";"벤츠";"Maybach GLS";"대형SUV";"가솔린";28025;296.8;5.18;100.0;6.28;"해당사항 없음";"해당사항 없음"
248;"01";"서울";"벤츠";"Maybach GLS";"대형SUV";"가솔린";28025;304.69;5.0;100.0;6.28;"해당사항 없음";"해당사항 없음"
248;"03";"강원";"벤츠";"Maybach GLS";"대형SUV";"가솔린";28025;299.18;5.04;100.0;6.28;"해당사항 없음";"해당사항 없음"
248;"14";"대구";"벤츠";"Maybach GLS";"대형SUV";"가솔린";28025;292.88;5.36;100.0;6.28;"해당사항 없음";"해당사항 없음"
248;"10";"부산";"벤츠";"Maybach GLS";"대형SUV";"가솔린";28025;294.66;5.28;100.0;6.28;"해당사항 없음";"해당사항 없음"
248;"17";"대전";"벤츠";"Maybach GLS";"대형SUV";"가솔린";28025;293.85;5.32;100.0;6.28;"해당사항 없음";"해당사항 없음"
248;"06";"전북";"벤츠";"Maybach GLS";"대형SUV";"가솔린";28025;297.55;5.14;100.0;6.28;"해당사항 없음";"해당사항 없음"
248;"05";"충남";"벤츠";"Maybach GLS";"대형SUV";"가솔린";28025;298.32;5.08;100.0;6.28;"해당사항 없음";"해당사항 없음"
248;"04";"충북";"벤츠";"Maybach GLS";"대형SUV";"가솔린";28025;298.5;5.06;100.0;6.28;"해당사항 없음";"해당사항 없음"
248;"08";"경북";"벤츠";"Maybach GLS";"대형SUV";"가솔린";28025;296.44;5.22;100.0;6.28;"해당사항 없음";"해당사항 없음"
248;"09";"경남";"벤츠";"Maybach GLS";"대형SUV";"가솔린";28025;296.47;5.2;100.0;6.28;"해당사항 없음";"해당사항 없음"
248;"20";"전남광주";"벤츠";"Maybach GLS";"대형SUV";"가솔린";28025;297.96;5.1;100.0;6.28;"해당사항 없음";"해당사항 없음"
248;"15";"인천";"벤츠";"Maybach GLS";"대형SUV";"가솔린";28025;295.31;5.24;100.0;6.28;"해당사항 없음";"해당사항 없음"
248;"11";"제주";"벤츠";"Maybach GLS";"대형SUV";"가솔린";28025;302.18;5.02;100.0;6.28;"해당사항 없음";"해당사항 없음"
205;"15";"인천";"벤츠";"Maybach S-Class";"대형";"가솔린";28847;256.34;7.17;100.0;5.95;"해당사항 없음";"해당사항 없음"
205;"11";"제주";"벤츠";"Maybach S-Class";"대형";"가솔린";28847;262.31;6.94;100.0;5.95;"해당사항 없음";"해당사항 없음"
205;"19";"세종";"벤츠";"Maybach S-Class";"대형";"가솔린";28847;257.7;7.08;100.0;5.95;"해당사항 없음";"해당사항 없음"
205;"18";"울산";"벤츠";"Maybach S-Class";"대형";"가솔린";28847;255.21;7.23;100.0;5.95;"해당사항 없음";"해당사항 없음"
205;"02";"경기";"벤츠";"Maybach S-Class";"대형";"가솔린";28847;257.64;7.1;100.0;5.95;"해당사항 없음";"해당사항 없음"
205;"01";"서울";"벤츠";"Maybach S-Class";"대형";"가솔린";28847;264.49;6.84;100.0;5.95;"해당사항 없음";"해당사항 없음"
205;"03";"강원";"벤츠";"Maybach S-Class";"대형";"가솔린";28847;259.7;6.98;100.0;5.95;"해당사항 없음";"해당사항 없음"
205;"14";"대구";"벤츠";"Maybach S-Class";"대형";"가솔린";28847;254.24;7.27;100.0;5.95;"해당사항 없음";"해당사항 없음"
205;"10";"부산";"벤츠";"Maybach S-Class";"대형";"가솔린";28847;255.78;7.19;100.0;5.95;"해당사항 없음";"해당사항 없음"
205;"17";"대전";"벤츠";"Maybach S-Class";"대형";"가솔린";28847;255.08;7.25;100.0;5.95;"해당사항 없음";"해당사항 없음"
205;"06";"전북";"벤츠";"Maybach S-Class";"대형";"가솔린";28847;258.29;7.06;100.0;5.95;"해당사항 없음";"해당사항 없음"
205;"05";"충남";"벤츠";"Maybach S-Class";"대형";"가솔린";28847;258.96;7.02;100.0;5.95;"해당사항 없음";"해당사항 없음"
205;"04";"충북";"벤츠";"Maybach S-Class";"대형";"가솔린";28847;259.11;7.0;100.0;5.95;"해당사항 없음";"해당사항 없음"
205;"08";"경북";"벤츠";"Maybach S-Class";"대형";"가솔린";28847;257.32;7.15;100.0;5.95;"해당사항 없음";"해당사항 없음"
205;"09";"경남";"벤츠";"Maybach S-Class";"대형";"가솔린";28847;257.35;7.13;100.0;5.95;"해당사항 없음";"해당사항 없음"
205;"20";"전남광주";"벤츠";"Maybach S-Class";"대형";"가솔린";28847;258.65;7.04;100.0;5.95;"해당사항 없음";"해당사항 없음"
211;"17";"대전";"벤츠";"The New Maybach S-Class";"대형";"가솔린";31700;238.51;9.01;100.0;5.63;"해당사항 없음";"해당사항 없음"
211;"06";"전북";"벤츠";"The New Maybach S-Class";"대형";"가솔린";31700;241.52;8.34;100.0;5.63;"해당사항 없음";"해당사항 없음"
211;"05";"충남";"벤츠";"The New Maybach S-Class";"대형";"가솔린";31700;242.14;8.28;100.0;5.63;"해당사항 없음";"해당사항 없음"
211;"04";"충북";"벤츠";"The New Maybach S-Class";"대형";"가솔린";31700;242.29;8.22;100.0;5.63;"해당사항 없음";"해당사항 없음"
211;"08";"경북";"벤츠";"The New Maybach S-Class";"대형";"가솔린";31700;240.61;8.56;100.0;5.63;"해당사항 없음";"해당사항 없음"
211;"09";"경남";"벤츠";"The New Maybach S-Class";"대형";"가솔린";31700;240.64;8.54;100.0;5.63;"해당사항 없음";"해당사항 없음"
211;"20";"전남광주";"벤츠";"The New Maybach S-Class";"대형";"가솔린";31700;241.85;8.32;100.0;5.63;"해당사항 없음";"해당사항 없음"
211;"15";"인천";"벤츠";"The New Maybach S-Class";"대형";"가솔린";31700;239.7;8.7;100.0;5.63;"해당사항 없음";"해당사항 없음"
211;"11";"제주";"벤츠";"The New Maybach S-Class";"대형";"가솔린";31700;245.27;7.89;100.0;5.63;"해당사항 없음";"해당사항 없음"
211;"19";"세종";"벤츠";"The New Maybach S-Class";"대형";"가솔린";31700;240.96;8.46;100.0;5.63;"해당사항 없음";"해당사항 없음"
211;"18";"울산";"벤츠";"The New Maybach S-Class";"대형";"가솔린";31700;238.64;8.99;100.0;5.63;"해당사항 없음";"해당사항 없음"
211;"02";"경기";"벤츠";"The New Maybach S-Class";"대형";"가솔린";31700;240.91;8.48;100.0;5.63;"해당사항 없음";"해당사항 없음"
211;"01";"서울";"벤츠";"The New Maybach S-Class";"대형";"가솔린";31700;247.31;7.59;100.0;5.63;"해당사항 없음";"해당사항 없음"
211;"03";"강원";"벤츠";"The New Maybach S-Class";"대형";"가솔린";31700;242.84;8.14;100.0;5.63;"해당사항 없음";"해당사항 없음"
211;"14";"대구";"벤츠";"The New Maybach S-Class";"대형";"가솔린";31700;237.73;9.13;100.0;5.63;"해당사항 없음";"해당사항 없음"
211;"10";"부산";"벤츠";"The New Maybach S-Class";"대형";"가솔린";31700;239.17;8.8;100.0;5.63;"해당사항 없음";"해당사항 없음"
264;"19";"세종";"벤츠";"Maybach SL";"스포츠카";"가솔린";33712;285.45;5.79;100.0;5.3;"해당사항 없음";"해당사항 없음"
264;"18";"울산";"벤츠";"Maybach SL";"스포츠카";"가솔린";33712;282.7;5.91;100.0;5.3;"해당사항 없음";"해당사항 없음"
264;"02";"경기";"벤츠";"Maybach SL";"스포츠카";"가솔린";33712;285.38;5.81;100.0;5.3;"해당사항 없음";"해당사항 없음"
264;"01";"서울";"벤츠";"Maybach SL";"스포츠카";"가솔린";33712;292.97;5.34;100.0;5.3;"해당사항 없음";"해당사항 없음"
264;"03";"강원";"벤츠";"Maybach SL";"스포츠카";"가솔린";33712;287.67;5.63;100.0;5.3;"해당사항 없음";"해당사항 없음"
264;"14";"대구";"벤츠";"Maybach SL";"스포츠카";"가솔린";33712;281.62;5.95;100.0;5.3;"해당사항 없음";"해당사항 없음"
264;"10";"부산";"벤츠";"Maybach SL";"스포츠카";"가솔린";33712;283.32;5.89;100.0;5.3;"해당사항 없음";"해당사항 없음"
264;"15";"인천";"벤츠";"Maybach SL";"스포츠카";"가솔린";33712;283.95;5.87;100.0;5.3;"해당사항 없음";"해당사항 없음"
264;"11";"제주";"벤츠";"Maybach SL";"스포츠카";"가솔린";33712;290.55;5.49;100.0;5.3;"해당사항 없음";"해당사항 없음"
264;"17";"대전";"벤츠";"Maybach SL";"스포츠카";"가솔린";33712;282.55;5.93;100.0;5.3;"해당사항 없음";"해당사항 없음"
264;"06";"전북";"벤츠";"Maybach SL";"스포츠카";"가솔린";33712;286.11;5.75;100.0;5.3;"해당사항 없음";"해당사항 없음"
264;"05";"충남";"벤츠";"Maybach SL";"스포츠카";"가솔린";33712;286.85;5.71;100.0;5.3;"해당사항 없음";"해당사항 없음"
264;"04";"충북";"벤츠";"Maybach SL";"스포츠카";"가솔린";33712;287.02;5.67;100.0;5.3;"해당사항 없음";"해당사항 없음"
264;"08";"경북";"벤츠";"Maybach SL";"스포츠카";"가솔린";33712;285.03;5.85;100.0;5.3;"해당사항 없음";"해당사항 없음"
264;"09";"경남";"벤츠";"Maybach SL";"스포츠카";"가솔린";33712;285.07;5.83;100.0;5.3;"해당사항 없음";"해당사항 없음"
264;"20";"전남광주";"벤츠";"Maybach SL";"스포츠카";"가솔린";33712;286.5;5.73;100.0;5.3;"해당사항 없음";"해당사항 없음"
